customer_id,gender,senior_citizen,partner,dependents,tenure,phone_service,multiple_lines,internet_service,online_security,online_backup,device_protection,tech_support,streaming_tv,streaming_movies,contract,paperless_billing,payment_method,monthly_charges,total_charges,churn
CUST-00000,Female,1,No,No,6,Yes,No,Fiber optic,Yes,No,Yes,No internet service,No,No internet service,month-to-month,Yes,mailed_check,113.11,678.65,No
CUST-00001,Male,1,Yes,Yes,4,No,No phone service,Fiber optic,No,Yes,No,No,No internet service,No internet service,two year,Yes,electronic_check,103.37,413.49,No
CUST-00002,Female,1,Yes,Yes,56,Yes,No,DSL,No,No,No,No internet service,No,No,two year,Yes,bank_transfer,77.92,4363.32,No
CUST-00003,Female,1,No,No,58,Yes,Yes,DSL,No,No,No internet service,Yes,Yes,Yes,month-to-month,No,electronic_check,37.78,2191.16,No
CUST-00004,Male,0,No,No,50,Yes,No,Fiber optic,No,Yes,No internet service,No internet service,No internet service,No,month-to-month,Yes,mailed_check,77.95,3897.39,No
CUST-00005,Female,1,No,No,5,Yes,Yes,Fiber optic,No,Yes,No,Yes,No,No,two year,Yes,credit_card,74.19,370.95,No
CUST-00006,Male,0,No,No,31,No,No phone service,Fiber optic,No,No,Yes,No,No,No,month-to-month,Yes,mailed_check,97.78,3031.29,No
CUST-00007,Female,1,Yes,No,35,Yes,No,No,Yes,Yes,No,No,No internet service,No internet service,two year,Yes,electronic_check,18.4,644.09,No
CUST-00008,Female,0,No,No,56,No,No phone service,DSL,No internet service,No,No,Yes,No internet service,Yes,two year,No,credit_card,81.59,4568.85,No
CUST-00009,Female,0,Yes,Yes,65,Yes,Yes,DSL,Yes,No,Yes,No,No,No,month-to-month,Yes,bank_transfer,71.32,4635.49,No
CUST-00010,Female,1,No,Yes,10,Yes,Yes,Fiber optic,No,No,Yes,Yes,No,No internet service,two year,Yes,mailed_check,115.95,1159.55,No
CUST-00011,Female,0,Yes,No,20,Yes,No,Fiber optic,No,No internet service,No,Yes,Yes,No internet service,two year,No,bank_transfer,124.55,2491.07,No
CUST-00012,Male,1,Yes,Yes,30,Yes,Yes,DSL,Yes,Yes,Yes,Yes,No,No,month-to-month,Yes,credit_card,41.97,1259.24,No
CUST-00013,Male,0,Yes,No,60,Yes,Yes,Fiber optic,Yes,No internet service,Yes,No internet service,Yes,No internet service,month-to-month,No,bank_transfer,104.16,6249.6,No
CUST-00014,Male,1,Yes,No,17,Yes,Yes,Fiber optic,Yes,No,No,No,No,No,two year,Yes,bank_transfer,134.13,2280.15,No
CUST-00015,Female,1,No,Yes,57,Yes,Yes,Fiber optic,No,Yes,No internet service,Yes,No internet service,Yes,two year,No,bank_transfer,114.41,6521.61,No
CUST-00016,Female,1,No,No,12,Yes,No,Fiber optic,No,No,No internet service,Yes,Yes,Yes,one year,No,bank_transfer,133.35,1600.24,No
CUST-00017,Female,0,Yes,No,53,Yes,Yes,Fiber optic,No internet service,No,No internet service,No internet service,No,No,one year,No,electronic_check,96.64,5121.85,No
CUST-00018,Male,1,Yes,No,0,Yes,No,DSL,No internet service,No internet service,Yes,No internet service,No internet service,Yes,two year,No,credit_card,90.14,90.14,No
CUST-00019,Female,1,No,No,3,Yes,Yes,Fiber optic,Yes,Yes,Yes,No,No internet service,Yes,two year,No,electronic_check,96.66,289.98,Yes
CUST-00020,Female,0,No,Yes,14,Yes,No,Fiber optic,Yes,No internet service,No internet service,No,Yes,No,month-to-month,Yes,bank_transfer,138.21,1934.88,No
CUST-00021,Female,1,No,No,11,Yes,No,Fiber optic,No,No internet service,Yes,No,No,No,two year,Yes,bank_transfer,91.44,1005.83,No
CUST-00022,Male,0,Yes,Yes,21,Yes,Yes,DSL,No,No,No internet service,No,No,No,month-to-month,No,bank_transfer,58.09,1219.85,No
CUST-00023,Female,0,Yes,Yes,30,Yes,No,DSL,No internet service,Yes,Yes,No,Yes,No,month-to-month,No,credit_card,75.8,2273.87,No
CUST-00024,Male,1,No,No,36,Yes,No,Fiber optic,No,Yes,Yes,No,Yes,Yes,month-to-month,No,credit_card,121.09,4359.18,No
CUST-00025,Male,0,No,Yes,50,Yes,No,Fiber optic,Yes,Yes,No,No,No,Yes,two year,Yes,mailed_check,137.05,6852.6,No
CUST-00026,Female,1,No,No,13,Yes,Yes,Fiber optic,No,No internet service,No,No,No,Yes,two year,Yes,credit_card,126.41,1643.27,No
CUST-00027,Female,1,Yes,No,62,Yes,No,Fiber optic,No,No internet service,No,No,No internet service,No internet service,two year,No,mailed_check,80.15,4969.39,No
CUST-00028,Male,1,No,No,0,Yes,No,Fiber optic,Yes,Yes,No internet service,No,No internet service,No,two year,No,credit_card,125.82,125.82,No
CUST-00029,Male,1,No,No,53,Yes,Yes,Fiber optic,No internet service,No internet service,No internet service,Yes,Yes,No,month-to-month,No,mailed_check,76.11,4033.76,No
CUST-00030,Male,1,Yes,Yes,49,Yes,No,Fiber optic,No internet service,Yes,Yes,No,No internet service,No internet service,month-to-month,No,mailed_check,108.49,5315.9,No
CUST-00031,Male,1,Yes,No,43,Yes,No,DSL,Yes,Yes,Yes,No,No,No,month-to-month,Yes,mailed_check,29.39,1263.67,No
CUST-00032,Male,1,Yes,Yes,64,Yes,No,Fiber optic,No internet service,Yes,No,No internet service,No internet service,No,one year,Yes,bank_transfer,104.93,6715.44,No
CUST-00033,Male,1,No,Yes,69,No,No phone service,Fiber optic,Yes,Yes,Yes,No,No,No,one year,Yes,mailed_check,141.15,9739.6,No
CUST-00034,Male,0,Yes,No,62,Yes,Yes,DSL,No,No,No,No internet service,No internet service,Yes,month-to-month,Yes,mailed_check,46.09,2857.75,Yes
CUST-00035,Male,0,Yes,Yes,62,Yes,No,Fiber optic,Yes,Yes,No,Yes,No,No,month-to-month,No,electronic_check,113.41,7031.12,No
CUST-00036,Female,0,No,No,67,Yes,No,Fiber optic,Yes,No,No,Yes,Yes,No,month-to-month,Yes,credit_card,116.35,7795.68,No
CUST-00037,Female,0,Yes,No,23,Yes,No,Fiber optic,No,Yes,No internet service,No internet service,No,No,month-to-month,Yes,electronic_check,125.85,2894.63,No
CUST-00038,Male,1,No,No,0,Yes,Yes,Fiber optic,No internet service,No internet service,No,No,Yes,No internet service,month-to-month,Yes,bank_transfer,102.52,102.52,Yes
CUST-00039,Female,1,No,Yes,49,Yes,No,DSL,No,No internet service,No internet service,No,No,No internet service,month-to-month,No,electronic_check,54.3,2660.6,No
CUST-00040,Female,0,No,No,38,Yes,Yes,DSL,No,No,No,No,No,No internet service,one year,Yes,credit_card,86.7,3294.53,No
CUST-00041,Male,0,No,Yes,4,Yes,Yes,DSL,Yes,Yes,No,No,Yes,Yes,month-to-month,Yes,credit_card,25.89,103.57,Yes
CUST-00042,Female,1,No,Yes,55,Yes,No,Fiber optic,Yes,No,No,Yes,No internet service,No,two year,Yes,credit_card,95.36,5244.79,No
CUST-00043,Female,0,Yes,No,71,Yes,Yes,DSL,Yes,No internet service,Yes,No,No internet service,Yes,month-to-month,Yes,mailed_check,39.43,2799.27,No
CUST-00044,Female,0,No,No,56,Yes,Yes,DSL,No,No,No,No,Yes,Yes,month-to-month,No,electronic_check,68.67,3845.48,No
CUST-00045,Female,0,No,No,64,Yes,Yes,No,No,No,Yes,No internet service,No internet service,No internet service,month-to-month,Yes,electronic_check,8.31,531.75,No
CUST-00046,Male,0,Yes,No,23,Yes,No,No,Yes,No internet service,Yes,Yes,No,Yes,month-to-month,Yes,bank_transfer,16.73,384.82,No
CUST-00047,Male,1,No,No,67,Yes,No,DSL,Yes,No,No internet service,No internet service,No internet service,No,one year,No,mailed_check,76.5,5125.43,No
CUST-00048,Female,0,Yes,No,12,Yes,No,No,Yes,Yes,No,No,No,Yes,month-to-month,Yes,credit_card,23.93,287.17,No
CUST-00049,Female,1,No,No,24,Yes,No,Fiber optic,Yes,No,No,No internet service,No,No,month-to-month,Yes,credit_card,130.31,3127.39,Yes
CUST-00050,Female,1,Yes,Yes,51,Yes,Yes,Fiber optic,No internet service,No internet service,No internet service,No internet service,No internet service,No internet service,month-to-month,No,mailed_check,87.11,4442.82,No
CUST-00051,Male,1,Yes,No,7,Yes,Yes,DSL,No internet service,No internet service,Yes,No internet service,Yes,No,month-to-month,No,credit_card,58.88,412.18,No
CUST-00052,Female,0,No,No,20,No,No phone service,DSL,Yes,No internet service,Yes,No,No,No,month-to-month,No,electronic_check,49.15,983.03,Yes
CUST-00053,Male,1,Yes,Yes,19,Yes,No,No,No,No,No internet service,No internet service,No internet service,No,one year,Yes,credit_card,12.0,227.92,No
CUST-00054,Male,0,No,Yes,17,Yes,Yes,Fiber optic,No,No internet service,Yes,Yes,No internet service,No internet service,two year,Yes,electronic_check,134.56,2287.45,Yes
CUST-00055,Male,0,Yes,Yes,33,Yes,Yes,DSL,Yes,No internet service,No,No internet service,Yes,No,month-to-month,Yes,electronic_check,75.88,2504.12,No
CUST-00056,Female,0,No,No,67,Yes,No,No,No internet service,Yes,Yes,No,No,Yes,two year,Yes,electronic_check,25.73,1723.82,No
CUST-00057,Female,1,No,Yes,18,Yes,Yes,Fiber optic,No internet service,No,No,No internet service,Yes,Yes,two year,Yes,electronic_check,104.9,1888.24,No
CUST-00058,Male,0,Yes,No,33,Yes,Yes,DSL,Yes,No,Yes,No internet service,No internet service,Yes,one year,Yes,electronic_check,29.92,987.34,No
CUST-00059,Female,1,Yes,No,26,Yes,Yes,Fiber optic,No,No,No internet service,No,No,No,month-to-month,Yes,electronic_check,94.53,2457.71,No
CUST-00060,Female,1,No,No,58,Yes,Yes,DSL,No,No,No,No,No,No,month-to-month,Yes,mailed_check,30.54,1771.56,No
CUST-00061,Female,0,No,No,70,Yes,No,DSL,No,Yes,No internet service,No,No internet service,No,month-to-month,Yes,bank_transfer,38.6,2701.8,No
CUST-00062,Female,1,No,No,45,Yes,No,Fiber optic,No,Yes,Yes,No internet service,No,No,one year,No,mailed_check,61.66,2774.86,Yes
CUST-00063,Male,1,Yes,Yes,24,Yes,No,Fiber optic,No internet service,No internet service,Yes,No,No internet service,Yes,two year,Yes,credit_card,104.26,2502.27,No
CUST-00064,Male,0,Yes,Yes,27,Yes,Yes,Fiber optic,No,Yes,No internet service,No,No internet service,No internet service,month-to-month,Yes,mailed_check,64.33,1737.0,No
CUST-00065,Male,1,No,Yes,42,No,No phone service,Fiber optic,No internet service,No internet service,Yes,Yes,No internet service,Yes,two year,Yes,electronic_check,108.91,4574.1,No
CUST-00066,Female,0,No,No,5,No,No phone service,DSL,No internet service,No internet service,Yes,No internet service,No,No,one year,No,electronic_check,69.02,345.09,No
CUST-00067,Male,0,Yes,Yes,15,Yes,No,Fiber optic,No internet service,Yes,No,No internet service,No internet service,Yes,one year,Yes,credit_card,113.81,1707.1,No
CUST-00068,Female,1,No,No,25,Yes,No,DSL,Yes,Yes,No,No internet service,No,No internet service,month-to-month,Yes,electronic_check,47.2,1179.99,No
CUST-00069,Male,0,Yes,No,63,Yes,No,DSL,No,No,No,No internet service,No,No,month-to-month,Yes,electronic_check,48.24,3039.41,No
CUST-00070,Male,1,No,No,71,No,No phone service,DSL,No internet service,No,No,No internet service,No,No,one year,No,mailed_check,47.67,3384.72,No
CUST-00071,Female,0,Yes,No,4,Yes,No,No,No internet service,No internet service,Yes,Yes,No internet service,Yes,one year,Yes,mailed_check,21.6,86.39,No
CUST-00072,Male,1,Yes,Yes,9,Yes,Yes,Fiber optic,No,No internet service,Yes,No,No internet service,No internet service,month-to-month,No,mailed_check,104.64,941.76,Yes
CUST-00073,Male,0,Yes,No,15,Yes,No,DSL,No,Yes,No internet service,No internet service,No,No,two year,No,electronic_check,58.39,875.88,No
CUST-00074,Female,0,Yes,Yes,45,Yes,Yes,Fiber optic,No internet service,No internet service,No internet service,No internet service,No internet service,No,one year,Yes,mailed_check,141.51,6368.11,No
CUST-00075,Female,1,Yes,No,54,Yes,Yes,No,No,Yes,Yes,No internet service,Yes,No internet service,one year,Yes,electronic_check,14.41,778.27,No
CUST-00076,Female,0,Yes,Yes,21,Yes,No,DSL,No,No internet service,Yes,Yes,No,No internet service,two year,Yes,bank_transfer,70.31,1476.56,No
CUST-00077,Female,0,Yes,No,10,Yes,No,DSL,No internet service,Yes,No internet service,No internet service,Yes,No,one year,Yes,bank_transfer,39.98,399.78,No
CUST-00078,Male,0,Yes,Yes,12,Yes,Yes,DSL,No internet service,No,Yes,Yes,No,No internet service,month-to-month,Yes,electronic_check,55.12,661.48,Yes
CUST-00079,Female,0,No,No,68,Yes,No,Fiber optic,No internet service,No,No internet service,No internet service,No internet service,Yes,two year,Yes,bank_transfer,122.94,8359.75,No
CUST-00080,Female,0,No,No,68,Yes,No,Fiber optic,No internet service,No,No,No,No internet service,Yes,month-to-month,Yes,mailed_check,113.45,7714.69,No
CUST-00081,Female,1,Yes,No,70,Yes,Yes,DSL,No,No,Yes,No,No internet service,Yes,two year,Yes,bank_transfer,82.4,5768.04,No
CUST-00082,Male,1,Yes,No,1,Yes,Yes,DSL,No internet service,No,No internet service,No,No,No,two year,No,mailed_check,75.82,75.82,No
CUST-00083,Male,0,Yes,Yes,16,No,No phone service,Fiber optic,No internet service,Yes,Yes,No internet service,No,No internet service,month-to-month,No,electronic_check,128.44,2055.09,Yes
CUST-00084,Male,1,No,No,6,Yes,Yes,Fiber optic,No,No internet service,Yes,No internet service,No,Yes,two year,No,credit_card,112.84,677.07,No
CUST-00085,Female,1,No,Yes,17,Yes,No,DSL,No,No,Yes,Yes,No,No internet service,two year,Yes,bank_transfer,59.81,1016.73,No
CUST-00086,Female,1,Yes,No,49,No,No phone service,Fiber optic,No,No internet service,No,No,No internet service,No,two year,Yes,mailed_check,120.55,5906.89,No
CUST-00087,Female,1,No,No,53,Yes,Yes,DSL,No,No,No internet service,Yes,No internet service,No,month-to-month,No,mailed_check,33.48,1774.2,No
CUST-00088,Female,1,No,Yes,12,Yes,No,No,No,No internet service,No,No,No internet service,No internet service,two year,No,credit_card,36.24,434.87,No
CUST-00089,Male,1,Yes,Yes,62,Yes,No,DSL,Yes,No internet service,No,Yes,No internet service,No,two year,Yes,mailed_check,46.7,2895.56,No
CUST-00090,Female,0,Yes,No,71,Yes,Yes,Fiber optic,Yes,No internet service,No internet service,Yes,Yes,No internet service,month-to-month,Yes,credit_card,72.65,5157.89,No
CUST-00091,Male,1,Yes,Yes,49,No,No phone service,Fiber optic,No,No internet service,Yes,No,No,No,month-to-month,No,mailed_check,94.66,4638.36,No
CUST-00092,Female,1,Yes,No,26,Yes,No,Fiber optic,Yes,No internet service,No internet service,Yes,No internet service,No internet service,two year,No,mailed_check,91.4,2376.51,No
CUST-00093,Female,1,Yes,No,67,Yes,Yes,Fiber optic,No internet service,No,No,No,No internet service,No internet service,two year,Yes,bank_transfer,72.8,4877.36,No
CUST-00094,Male,1,No,Yes,70,Yes,No,Fiber optic,No,No internet service,Yes,Yes,No,No,month-to-month,Yes,mailed_check,107.71,7540.01,No
CUST-00095,Female,1,Yes,No,45,Yes,No,Fiber optic,No,Yes,Yes,No,Yes,Yes,month-to-month,Yes,mailed_check,68.36,3076.29,No
CUST-00096,Male,0,Yes,No,15,Yes,Yes,Fiber optic,No,No,No,Yes,No,No,month-to-month,Yes,electronic_check,79.64,1194.55,Yes
CUST-00097,Female,0,No,Yes,53,Yes,No,No,No,No,Yes,No,No internet service,Yes,one year,Yes,electronic_check,5.16,273.26,No
CUST-00098,Female,0,Yes,No,67,Yes,Yes,DSL,No,No internet service,Yes,No,No internet service,No,two year,Yes,credit_card,63.57,4259.42,No
CUST-00099,Female,0,No,Yes,6,Yes,Yes,DSL,No,No,No internet service,No,No,No internet service,two year,Yes,mailed_check,65.34,392.04,No
CUST-00100,Female,0,No,No,13,Yes,No,No,No internet service,No,Yes,No,No,Yes,month-to-month,No,electronic_check,23.74,308.64,No
CUST-00101,Male,0,Yes,No,44,Yes,Yes,No,No,No,Yes,Yes,Yes,No internet service,month-to-month,No,electronic_check,9.12,401.13,Yes
CUST-00102,Female,1,No,No,14,Yes,No,Fiber optic,No internet service,Yes,No internet service,No internet service,Yes,No,two year,Yes,credit_card,92.4,1293.55,No
CUST-00103,Female,0,Yes,No,48,Yes,Yes,Fiber optic,No,No,No,No,Yes,No,two year,Yes,mailed_check,129.11,6197.1,No
CUST-00104,Female,1,Yes,No,55,Yes,No,DSL,No,Yes,No internet service,Yes,No,No internet service,one year,Yes,credit_card,65.63,3609.87,No
CUST-00105,Male,0,No,No,24,No,No phone service,DSL,No,Yes,Yes,No internet service,No,No internet service,two year,Yes,credit_card,64.51,1548.34,No
CUST-00106,Male,0,Yes,No,56,Yes,No,DSL,No,No,Yes,No internet service,No internet service,No internet service,month-to-month,Yes,electronic_check,91.12,5102.56,No
CUST-00107,Female,0,Yes,No,62,Yes,Yes,Fiber optic,No,No internet service,No,No,No internet service,No,month-to-month,No,electronic_check,73.81,4576.39,No
CUST-00108,Female,1,No,No,66,Yes,No,DSL,No internet service,No internet service,No internet service,Yes,No,Yes,month-to-month,No,mailed_check,73.33,4840.1,No
CUST-00109,Female,1,No,No,54,Yes,Yes,DSL,Yes,Yes,No internet service,Yes,Yes,No internet service,month-to-month,No,electronic_check,61.5,3320.79,No
CUST-00110,Male,1,Yes,Yes,22,Yes,No,Fiber optic,Yes,No internet service,No,No internet service,Yes,Yes,month-to-month,Yes,electronic_check,97.58,2146.86,Yes
CUST-00111,Male,0,Yes,No,54,Yes,No,No,No,No internet service,No,No,Yes,Yes,month-to-month,Yes,mailed_check,1.67,90.27,No
CUST-00112,Male,0,No,No,60,Yes,No,DSL,No internet service,Yes,No internet service,Yes,No,No internet service,one year,No,electronic_check,81.8,4907.75,No
CUST-00113,Male,0,No,No,58,Yes,Yes,DSL,Yes,No,No internet service,Yes,Yes,Yes,one year,Yes,electronic_check,49.22,2854.54,No
CUST-00114,Male,0,No,Yes,10,Yes,No,No,Yes,Yes,No,No,No internet service,No internet service,one year,No,bank_transfer,15.31,153.14,No
CUST-00115,Male,1,Yes,No,43,Yes,No,DSL,Yes,Yes,No internet service,Yes,No internet service,No internet service,two year,Yes,mailed_check,83.43,3587.48,No
CUST-00116,Male,1,No,Yes,38,No,No phone service,Fiber optic,Yes,No,No,No,Yes,No,one year,Yes,bank_transfer,133.45,5071.16,No
CUST-00117,Male,1,No,No,55,Yes,No,Fiber optic,Yes,No,Yes,No internet service,No internet service,No,one year,Yes,bank_transfer,109.1,6000.65,No
CUST-00118,Male,1,No,Yes,38,Yes,Yes,DSL,Yes,No,No internet service,No,No internet service,No internet service,month-to-month,Yes,electronic_check,63.03,2395.15,No
CUST-00119,Female,0,Yes,No,68,No,No phone service,No,No,Yes,No,No internet service,No internet service,Yes,one year,Yes,credit_card,7.81,531.42,No
CUST-00120,Male,0,Yes,No,43,Yes,Yes,Fiber optic,No,No,No internet service,Yes,No internet service,No internet service,two year,No,electronic_check,130.95,5631.0,No
CUST-00121,Male,1,Yes,Yes,18,Yes,Yes,Fiber optic,No,No,No internet service,Yes,No,Yes,one year,Yes,mailed_check,117.09,2107.67,No
CUST-00122,Female,0,No,No,17,Yes,No,No,No,No,Yes,Yes,No,No internet service,one year,Yes,electronic_check,24.0,407.94,No
CUST-00123,Male,1,Yes,Yes,48,Yes,No,Fiber optic,No,No,Yes,No,No,No internet service,one year,No,electronic_check,106.33,5103.63,No
CUST-00124,Male,1,Yes,No,56,Yes,No,DSL,Yes,No,No,No internet service,No internet service,No,month-to-month,No,mailed_check,73.68,4125.86,No
CUST-00125,Female,1,Yes,No,6,Yes,No,DSL,No,Yes,Yes,Yes,No,No internet service,month-to-month,No,electronic_check,63.72,382.29,No
CUST-00126,Female,1,No,No,51,Yes,No,Fiber optic,No,No internet service,No internet service,No,No internet service,No internet service,month-to-month,Yes,credit_card,82.09,4186.78,No
CUST-00127,Female,0,Yes,No,66,Yes,No,Fiber optic,No,No,No,No,No,No,month-to-month,No,credit_card,88.63,5849.78,No
CUST-00128,Female,1,Yes,No,50,Yes,No,Fiber optic,No internet service,No internet service,Yes,No internet service,Yes,No,month-to-month,No,electronic_check,119.18,5958.94,No
CUST-00129,Male,0,Yes,No,62,Yes,No,DSL,Yes,No,No internet service,Yes,No,No,month-to-month,No,credit_card,75.11,4656.63,No
CUST-00130,Female,0,Yes,Yes,18,Yes,No,DSL,No,Yes,No,No internet service,No,Yes,month-to-month,No,electronic_check,59.21,1065.71,Yes
CUST-00131,Female,1,Yes,No,38,Yes,No,DSL,No internet service,No internet service,No,No,No,No,one year,No,electronic_check,53.84,2045.94,No
CUST-00132,Female,0,No,No,61,Yes,No,DSL,No,No,Yes,Yes,Yes,Yes,month-to-month,No,electronic_check,44.09,2689.76,No
CUST-00133,Female,0,No,No,3,Yes,Yes,DSL,No,No internet service,No internet service,No,Yes,No,month-to-month,Yes,bank_transfer,73.71,221.13,No
CUST-00134,Female,0,No,Yes,42,Yes,Yes,DSL,No,Yes,No internet service,No internet service,No internet service,No,month-to-month,Yes,mailed_check,78.06,3278.37,No
CUST-00135,Male,1,No,No,31,Yes,No,Fiber optic,No,Yes,Yes,No,Yes,Yes,two year,No,bank_transfer,90.72,2812.31,No
CUST-00136,Female,0,Yes,No,3,No,No phone service,DSL,No,Yes,No,Yes,No,No,month-to-month,No,bank_transfer,55.62,166.85,No
CUST-00137,Male,0,Yes,No,33,Yes,Yes,Fiber optic,No,No,Yes,Yes,No internet service,Yes,month-to-month,Yes,mailed_check,89.34,2948.14,No
CUST-00138,Male,0,No,Yes,11,No,No phone service,No,No internet service,No,No,No internet service,Yes,No internet service,month-to-month,Yes,electronic_check,28.94,318.35,No
CUST-00139,Female,0,No,Yes,28,Yes,Yes,DSL,Yes,No,Yes,No,No,No,one year,Yes,credit_card,48.38,1354.73,No
CUST-00140,Male,0,No,Yes,24,Yes,Yes,DSL,Yes,No,No,No internet service,No internet service,No internet service,one year,Yes,electronic_check,74.88,1797.19,No
CUST-00141,Male,0,No,Yes,6,Yes,No,No,No,No,Yes,No,Yes,No,month-to-month,No,credit_card,28.14,168.86,No
CUST-00142,Male,1,No,Yes,18,Yes,No,Fiber optic,Yes,Yes,No,Yes,No,No internet service,two year,No,credit_card,111.61,2009.04,No
CUST-00143,Male,0,No,Yes,7,Yes,No,Fiber optic,Yes,No internet service,Yes,No internet service,No internet service,No,month-to-month,Yes,electronic_check,115.75,810.24,No
CUST-00144,Male,0,Yes,No,56,Yes,No,No,No,No,No internet service,Yes,Yes,Yes,one year,No,mailed_check,19.64,1099.89,No
CUST-00145,Female,0,Yes,No,10,No,No phone service,Fiber optic,No internet service,Yes,No internet service,Yes,No,No internet service,one year,No,bank_transfer,70.56,705.64,No
CUST-00146,Male,1,Yes,No,71,Yes,Yes,Fiber optic,No,Yes,No internet service,No internet service,No internet service,No internet service,month-to-month,No,credit_card,74.07,5258.69,No
CUST-00147,Male,1,Yes,No,29,Yes,No,Fiber optic,No internet service,No internet service,No internet service,No internet service,No internet service,No,month-to-month,Yes,bank_transfer,92.62,2686.06,No
CUST-00148,Male,0,Yes,Yes,14,Yes,No,DSL,No internet service,No,No,No,Yes,No,month-to-month,Yes,electronic_check,61.38,859.3,No
CUST-00149,Male,0,Yes,Yes,68,Yes,Yes,DSL,No internet service,No internet service,No internet service,Yes,No internet service,No,month-to-month,Yes,bank_transfer,55.28,3759.26,No
CUST-00150,Male,0,No,No,65,Yes,No,No,Yes,Yes,No,Yes,Yes,No internet service,month-to-month,Yes,bank_transfer,10.51,683.11,No
CUST-00151,Male,1,No,No,0,Yes,No,No,No,No internet service,No internet service,No,Yes,No internet service,two year,Yes,electronic_check,11.43,11.43,Yes
CUST-00152,Female,0,Yes,Yes,50,Yes,Yes,No,Yes,Yes,No,No,No,No,month-to-month,Yes,electronic_check,2.06,102.93,No
CUST-00153,Male,0,Yes,Yes,63,No,No phone service,DSL,Yes,No,No internet service,No internet service,No,Yes,month-to-month,No,bank_transfer,65.7,4139.41,No
CUST-00154,Female,0,Yes,Yes,0,Yes,No,DSL,No,Yes,Yes,Yes,No internet service,Yes,month-to-month,Yes,bank_transfer,63.47,63.47,Yes
CUST-00155,Male,0,No,Yes,35,Yes,Yes,No,No,Yes,No internet service,Yes,No,No,month-to-month,Yes,credit_card,28.5,997.63,No
CUST-00156,Female,0,No,No,70,No,No phone service,Fiber optic,No internet service,No,No,No,Yes,No,month-to-month,Yes,electronic_check,88.76,6213.51,No
CUST-00157,Female,1,No,No,46,Yes,Yes,DSL,No,No internet service,No internet service,No,No,Yes,month-to-month,No,mailed_check,31.79,1462.12,No
CUST-00158,Female,0,No,No,34,Yes,Yes,No,No,Yes,Yes,No internet service,Yes,Yes,month-to-month,Yes,bank_transfer,12.75,433.48,No
CUST-00159,Male,0,Yes,Yes,23,Yes,Yes,Fiber optic,Yes,No,No,No,No internet service,Yes,month-to-month,Yes,credit_card,98.91,2274.9,No
CUST-00160,Male,1,Yes,No,68,Yes,No,Fiber optic,No,No,No,No,No,No,month-to-month,Yes,mailed_check,83.5,5677.74,No
CUST-00161,Female,0,No,No,2,Yes,No,Fiber optic,Yes,No internet service,No,No internet service,Yes,No internet service,one year,No,credit_card,88.62,177.24,Yes
CUST-00162,Female,1,Yes,No,11,Yes,No,DSL,No,Yes,No internet service,No,No internet service,No internet service,one year,No,electronic_check,83.83,922.09,No
CUST-00163,Female,1,No,No,5,Yes,Yes,DSL,No,No,No,Yes,No,Yes,month-to-month,No,electronic_check,62.52,312.58,No
CUST-00164,Male,1,Yes,No,4,Yes,Yes,Fiber optic,No internet service,No,No,No internet service,No,No internet service,two year,No,electronic_check,127.52,510.06,No
CUST-00165,Male,0,No,No,13,Yes,No,DSL,No,No,No,No internet service,No,No,one year,Yes,mailed_check,54.16,704.14,No
CUST-00166,Female,1,No,No,21,Yes,No,Fiber optic,No internet service,Yes,No,No,Yes,No internet service,month-to-month,No,bank_transfer,97.39,2045.24,No
CUST-00167,Female,1,No,No,51,Yes,Yes,Fiber optic,No internet service,No,Yes,No internet service,No internet service,No internet service,month-to-month,No,bank_transfer,102.5,5227.73,Yes
CUST-00168,Male,1,No,No,52,Yes,No,Fiber optic,Yes,Yes,No internet service,No,Yes,Yes,two year,Yes,credit_card,95.24,4952.5,No
CUST-00169,Female,0,Yes,No,0,Yes,Yes,Fiber optic,No,No internet service,Yes,No internet service,No internet service,No,one year,Yes,credit_card,71.7,71.7,No
CUST-00170,Male,0,No,No,16,Yes,No,DSL,No,No internet service,No,No internet service,Yes,No,month-to-month,Yes,mailed_check,68.95,1103.28,No
CUST-00171,Female,1,No,No,71,Yes,Yes,DSL,Yes,No internet service,No,No internet service,Yes,Yes,month-to-month,No,bank_transfer,71.76,5094.75,No
CUST-00172,Male,1,Yes,No,28,Yes,No,Fiber optic,No,No,No internet service,No,No,No,two year,Yes,electronic_check,140.7,3939.7,No
CUST-00173,Female,0,No,Yes,14,Yes,No,No,Yes,No internet service,No,No,No,Yes,month-to-month,No,bank_transfer,11.97,167.64,No
CUST-00174,Male,0,Yes,Yes,49,Yes,No,Fiber optic,No,Yes,No,Yes,Yes,No,month-to-month,No,mailed_check,105.6,5174.57,No
CUST-00175,Male,0,Yes,No,62,Yes,Yes,DSL,Yes,No,No internet service,No internet service,No,No,month-to-month,Yes,electronic_check,68.91,4272.56,No
CUST-00176,Male,0,Yes,No,42,Yes,No,Fiber optic,No internet service,No,Yes,Yes,Yes,No,month-to-month,No,bank_transfer,83.81,3520.06,No
CUST-00177,Female,0,No,No,43,Yes,No,Fiber optic,No internet service,No internet service,No internet service,No internet service,No internet service,No internet service,month-to-month,Yes,mailed_check,88.12,3789.31,No
CUST-00178,Female,0,No,Yes,12,Yes,No,Fiber optic,No internet service,Yes,No internet service,No internet service,No,Yes,month-to-month,Yes,credit_card,104.28,1251.39,No
CUST-00179,Male,0,Yes,Yes,1,Yes,No,DSL,No internet service,Yes,No internet service,No,Yes,Yes,month-to-month,Yes,bank_transfer,78.1,78.1,No
CUST-00180,Male,1,No,No,31,Yes,No,DSL,Yes,No internet service,No internet service,Yes,No,No internet service,month-to-month,No,mailed_check,72.22,2238.72,No
CUST-00181,Female,0,Yes,Yes,38,Yes,Yes,Fiber optic,Yes,Yes,No,Yes,Yes,Yes,month-to-month,No,mailed_check,64.78,2461.79,No
CUST-00182,Female,1,No,No,56,Yes,Yes,No,No,Yes,No internet service,No,Yes,No,one year,No,mailed_check,38.59,2160.88,No
CUST-00183,Male,0,No,No,61,Yes,No,Fiber optic,No,No internet service,No,No internet service,No internet service,Yes,one year,Yes,electronic_check,106.05,6468.86,No
CUST-00184,Male,1,No,No,49,Yes,No,DSL,No internet service,No,No,No,No,No,month-to-month,Yes,bank_transfer,49.96,2448.22,No
CUST-00185,Female,1,No,Yes,2,Yes,Yes,DSL,No internet service,No internet service,No internet service,No,Yes,No,month-to-month,Yes,bank_transfer,56.19,112.38,No
CUST-00186,Female,0,No,No,33,Yes,Yes,No,No internet service,No,No internet service,No,No,No internet service,month-to-month,Yes,credit_card,25.96,856.7,No
CUST-00187,Female,0,No,No,27,Yes,Yes,DSL,No internet service,Yes,No internet service,No,No,No,month-to-month,Yes,credit_card,49.51,1336.86,No
CUST-00188,Male,0,Yes,Yes,15,Yes,Yes,DSL,No internet service,Yes,No,No internet service,No internet service,No internet service,month-to-month,Yes,electronic_check,54.19,812.8,No
CUST-00189,Male,0,Yes,No,64,Yes,No,No,Yes,No internet service,Yes,No,Yes,Yes,one year,Yes,electronic_check,35.63,2280.22,No
CUST-00190,Male,0,Yes,No,36,Yes,No,DSL,No internet service,No internet service,No,Yes,No,Yes,month-to-month,Yes,electronic_check,49.49,1781.51,No
CUST-00191,Male,0,No,Yes,16,Yes,No,Fiber optic,Yes,No internet service,Yes,No,No,Yes,month-to-month,Yes,electronic_check,91.12,1457.99,Yes
CUST-00192,Male,1,No,No,11,Yes,No,Fiber optic,No,No,Yes,No,No,No internet service,month-to-month,Yes,bank_transfer,77.74,855.14,No
CUST-00193,Female,0,No,No,66,Yes,Yes,DSL,No internet service,No internet service,Yes,No internet service,No,No internet service,two year,No,mailed_check,81.73,5393.87,No
CUST-00194,Male,1,No,No,48,Yes,No,DSL,Yes,Yes,No,No,No,Yes,one year,Yes,credit_card,46.35,2224.62,No
CUST-00195,Male,1,No,No,12,Yes,No,Fiber optic,Yes,Yes,No,No,No,No,month-to-month,No,electronic_check,78.35,940.22,Yes
CUST-00196,Male,0,No,No,32,Yes,No,Fiber optic,No,No internet service,Yes,No,No internet service,No,one year,Yes,credit_card,88.17,2821.53,No
CUST-00197,Male,1,No,No,51,No,No phone service,Fiber optic,Yes,No,No internet service,No internet service,No internet service,No,two year,Yes,bank_transfer,122.15,6229.84,No
CUST-00198,Female,0,Yes,No,58,Yes,No,Fiber optic,Yes,No internet service,Yes,No,Yes,No,month-to-month,Yes,mailed_check,64.29,3728.61,No
CUST-00199,Male,1,No,No,31,Yes,No,DSL,No internet service,No,No internet service,No internet service,Yes,No,two year,Yes,bank_transfer,78.85,2444.2,No
CUST-00200,Female,0,Yes,No,57,Yes,Yes,Fiber optic,Yes,No internet service,Yes,Yes,Yes,No internet service,two year,Yes,bank_transfer,67.07,3822.79,No
CUST-00201,Male,1,No,Yes,6,Yes,No,Fiber optic,No internet service,No,Yes,Yes,No,Yes,one year,Yes,electronic_check,89.88,539.31,No
CUST-00202,Female,1,No,No,41,Yes,Yes,DSL,No internet service,No,No,No internet service,Yes,No internet service,one year,Yes,mailed_check,77.27,3168.22,No
CUST-00203,Male,1,Yes,No,71,Yes,No,DSL,No internet service,Yes,No internet service,No,No,No,two year,No,electronic_check,37.11,2634.93,No
CUST-00204,Female,1,Yes,No,69,Yes,Yes,Fiber optic,Yes,No,No,Yes,No internet service,Yes,two year,No,electronic_check,119.69,8258.55,No
CUST-00205,Female,0,No,No,72,Yes,No,Fiber optic,No,No internet service,No internet service,No,Yes,Yes,two year,Yes,mailed_check,72.29,5205.01,No
CUST-00206,Female,0,No,No,13,Yes,Yes,Fiber optic,No internet service,No,No,Yes,Yes,No,two year,Yes,bank_transfer,103.6,1346.8,No
CUST-00207,Female,0,No,Yes,1,Yes,Yes,No,Yes,No,Yes,No internet service,No internet service,No internet service,two year,No,electronic_check,35.02,35.02,Yes
CUST-00208,Female,1,Yes,No,53,Yes,No,DSL,No,No internet service,No internet service,Yes,No,No,two year,Yes,electronic_check,52.95,2806.44,No
CUST-00209,Female,0,Yes,Yes,52,Yes,Yes,DSL,No,No internet service,No internet service,No,Yes,No internet service,month-to-month,Yes,credit_card,56.25,2924.82,No
CUST-00210,Female,0,No,Yes,39,Yes,No,Fiber optic,Yes,No,No,No internet service,No,No internet service,one year,Yes,electronic_check,100.45,3917.63,No
CUST-00211,Male,1,Yes,No,35,Yes,Yes,Fiber optic,Yes,No,No,Yes,Yes,Yes,month-to-month,Yes,electronic_check,67.34,2356.97,No
CUST-00212,Male,1,Yes,No,70,Yes,Yes,Fiber optic,No internet service,Yes,No,No,No,No,two year,Yes,electronic_check,93.22,6525.3,No
CUST-00213,Female,0,Yes,Yes,9,Yes,No,Fiber optic,Yes,No,No internet service,Yes,No internet service,Yes,two year,No,mailed_check,129.6,1166.44,No
CUST-00214,Female,1,No,Yes,5,Yes,No,Fiber optic,No internet service,Yes,Yes,No,No,No internet service,month-to-month,No,mailed_check,81.4,407.0,No
CUST-00215,Female,0,Yes,Yes,17,Yes,No,DSL,No,No,Yes,No internet service,No,No,month-to-month,Yes,electronic_check,36.35,617.9,No
CUST-00216,Female,0,No,No,62,Yes,No,DSL,Yes,No,No internet service,No,No,No,month-to-month,Yes,credit_card,64.96,4027.58,No
CUST-00217,Male,1,No,Yes,8,Yes,Yes,Fiber optic,No internet service,Yes,Yes,No,Yes,No,one year,Yes,credit_card,65.34,522.73,No
CUST-00218,Female,0,No,No,20,No,No phone service,Fiber optic,Yes,No,No,No,No internet service,Yes,one year,Yes,electronic_check,105.0,2099.95,No
CUST-00219,Female,0,No,No,11,Yes,No,DSL,Yes,No,No internet service,Yes,Yes,No internet service,two year,Yes,bank_transfer,90.54,995.93,No
CUST-00220,Male,1,Yes,Yes,66,No,No phone service,DSL,No internet service,No internet service,No,No,No,No,month-to-month,Yes,bank_transfer,45.89,3028.93,No
CUST-00221,Male,1,No,No,62,No,No phone service,Fiber optic,Yes,Yes,Yes,No,No,Yes,month-to-month,No,bank_transfer,85.66,5310.94,No
CUST-00222,Male,1,Yes,No,45,Yes,Yes,DSL,No internet service,Yes,Yes,No,No internet service,No internet service,month-to-month,Yes,credit_card,73.55,3309.67,No
CUST-00223,Female,1,Yes,No,22,Yes,Yes,DSL,Yes,Yes,No,Yes,Yes,Yes,one year,Yes,credit_card,69.43,1527.45,No
CUST-00224,Male,0,No,No,19,Yes,No,No,Yes,No internet service,No internet service,No,No,No,two year,Yes,mailed_check,20.47,388.85,No
CUST-00225,Male,0,Yes,No,62,Yes,Yes,Fiber optic,No internet service,No,Yes,No,No,No,month-to-month,Yes,mailed_check,131.32,8141.7,No
CUST-00226,Female,0,Yes,No,57,Yes,No,Fiber optic,No internet service,No,Yes,Yes,No,Yes,month-to-month,Yes,mailed_check,90.6,5164.36,No
CUST-00227,Male,0,No,No,25,Yes,Yes,DSL,No,No internet service,Yes,No internet service,No,No,one year,No,electronic_check,41.76,1044.01,No
CUST-00228,Male,1,Yes,Yes,35,Yes,No,DSL,Yes,No,Yes,No,No,No,month-to-month,No,bank_transfer,34.81,1218.27,No
CUST-00229,Male,1,Yes,Yes,67,Yes,Yes,No,No,No internet service,No internet service,No,Yes,Yes,one year,Yes,electronic_check,42.08,2819.1,No
CUST-00230,Male,1,No,No,34,No,No phone service,DSL,No,No internet service,Yes,No,No internet service,No,one year,Yes,mailed_check,76.87,2613.52,No
CUST-00231,Female,1,Yes,Yes,61,Yes,No,Fiber optic,Yes,No internet service,No,No,No,No,month-to-month,Yes,bank_transfer,104.74,6389.29,No
CUST-00232,Female,0,Yes,No,5,Yes,No,Fiber optic,Yes,Yes,No,No internet service,Yes,No internet service,month-to-month,No,electronic_check,63.72,318.58,Yes
CUST-00233,Female,0,Yes,No,66,Yes,Yes,DSL,No,No,Yes,No,No,No,month-to-month,No,bank_transfer,40.57,2677.7,No
CUST-00234,Male,1,No,No,40,Yes,Yes,DSL,No,Yes,Yes,No internet service,No internet service,No,two year,No,bank_transfer,79.26,3170.59,No
CUST-00235,Female,0,No,No,36,Yes,No,Fiber optic,No,Yes,Yes,No internet service,No,No,month-to-month,Yes,electronic_check,69.88,2515.82,No
CUST-00236,Male,0,Yes,No,48,Yes,Yes,Fiber optic,No internet service,No,No internet service,No,No internet service,No,month-to-month,No,bank_transfer,99.83,4791.83,No
CUST-00237,Male,0,Yes,Yes,62,Yes,Yes,Fiber optic,Yes,No,No,Yes,No,No,month-to-month,Yes,bank_transfer,94.93,5885.67,No
CUST-00238,Male,0,Yes,Yes,35,Yes,No,Fiber optic,No,No,No,Yes,No internet service,Yes,month-to-month,Yes,credit_card,85.31,2986.02,No
CUST-00239,Male,1,Yes,No,25,Yes,No,DSL,No,No internet service,No,Yes,No,Yes,one year,No,bank_transfer,78.41,1960.18,No
CUST-00240,Female,0,No,No,55,Yes,No,Fiber optic,No,No,Yes,Yes,No internet service,Yes,month-to-month,Yes,credit_card,81.58,4486.67,No
CUST-00241,Male,0,Yes,No,46,Yes,Yes,DSL,Yes,No internet service,Yes,No,No,Yes,one year,No,electronic_check,74.68,3435.34,No
CUST-00242,Female,1,Yes,Yes,72,Yes,Yes,Fiber optic,No,Yes,No,No,No,No internet service,month-to-month,Yes,electronic_check,99.05,7131.67,No
CUST-00243,Male,1,Yes,No,45,No,No phone service,DSL,No internet service,No,No,No internet service,No,No,month-to-month,No,mailed_check,65.99,2969.48,No
CUST-00244,Female,0,No,No,68,Yes,Yes,Fiber optic,No internet service,Yes,No internet service,No,No internet service,Yes,two year,Yes,electronic_check,117.92,8018.88,No
CUST-00245,Male,1,Yes,No,12,Yes,No,DSL,No,Yes,Yes,Yes,No internet service,No,one year,Yes,credit_card,67.99,815.85,No
CUST-00246,Female,0,Yes,Yes,16,Yes,No,No,Yes,Yes,No,No,No,No,month-to-month,No,credit_card,9.65,154.39,No
CUST-00247,Female,1,No,Yes,6,Yes,No,DSL,Yes,Yes,Yes,Yes,No,No,two year,No,electronic_check,61.02,366.1,No
CUST-00248,Female,1,No,Yes,45,Yes,No,DSL,No,No internet service,No internet service,No,No,No internet service,month-to-month,Yes,credit_card,44.02,1980.92,No
CUST-00249,Male,0,Yes,No,72,Yes,No,DSL,No internet service,No,No,No,Yes,Yes,month-to-month,Yes,electronic_check,44.43,3199.12,No
CUST-00250,Male,1,No,No,36,Yes,Yes,DSL,No,No internet service,No,Yes,Yes,No,one year,Yes,electronic_check,31.97,1150.78,No
CUST-00251,Male,0,No,No,58,Yes,No,DSL,No,No,No,Yes,No,No,month-to-month,Yes,mailed_check,63.8,3700.31,No
CUST-00252,Female,1,No,Yes,58,Yes,No,DSL,No internet service,No internet service,No,No internet service,No,Yes,two year,Yes,credit_card,66.02,3829.14,No
CUST-00253,Male,0,Yes,No,42,Yes,No,Fiber optic,No,No internet service,No,Yes,No,No internet service,one year,Yes,bank_transfer,97.15,4080.36,No
CUST-00254,Male,1,No,Yes,19,Yes,No,DSL,Yes,Yes,No,No internet service,No,No,month-to-month,No,mailed_check,67.9,1290.04,No
CUST-00255,Male,1,No,No,46,Yes,No,DSL,Yes,Yes,No internet service,No internet service,No,Yes,one year,No,credit_card,43.13,1984.15,No
CUST-00256,Female,0,Yes,No,3,Yes,Yes,Fiber optic,No internet service,No internet service,No,No internet service,No internet service,No,one year,Yes,mailed_check,104.13,312.4,No
CUST-00257,Female,1,Yes,Yes,5,Yes,Yes,DSL,No internet service,Yes,Yes,No,No internet service,No,two year,Yes,credit_card,71.41,357.04,No
CUST-00258,Male,1,Yes,No,57,Yes,No,Fiber optic,No internet service,No,Yes,Yes,No internet service,Yes,two year,No,electronic_check,94.97,5413.4,No
CUST-00259,Male,1,No,Yes,28,No,No phone service,DSL,No internet service,No,No internet service,No internet service,No internet service,No,month-to-month,Yes,electronic_check,56.2,1573.72,No
CUST-00260,Male,0,No,No,35,Yes,Yes,Fiber optic,No internet service,Yes,No internet service,No,No,No,month-to-month,Yes,credit_card,86.33,3021.71,Yes
CUST-00261,Male,1,Yes,No,59,Yes,Yes,Fiber optic,No internet service,Yes,No,Yes,No,Yes,one year,No,bank_transfer,92.12,5435.2,No
CUST-00262,Male,0,Yes,No,54,Yes,No,Fiber optic,No internet service,No internet service,Yes,No,No internet service,No,month-to-month,No,electronic_check,58.73,3171.57,Yes
CUST-00263,Male,0,No,No,64,Yes,Yes,Fiber optic,No,Yes,No,No internet service,No,Yes,month-to-month,Yes,electronic_check,78.49,5023.53,No
CUST-00264,Female,0,Yes,No,6,Yes,No,DSL,No,Yes,No internet service,No internet service,No,No internet service,month-to-month,Yes,electronic_check,69.75,418.48,Yes
CUST-00265,Female,0,No,Yes,61,Yes,No,Fiber optic,No internet service,No,No,No,Yes,Yes,two year,Yes,mailed_check,89.45,5456.44,No
CUST-00266,Male,0,No,Yes,45,Yes,Yes,Fiber optic,No,Yes,Yes,No internet service,Yes,Yes,one year,Yes,credit_card,73.98,3329.18,No
CUST-00267,Female,1,No,No,12,Yes,No,DSL,Yes,No,No,No,No internet service,No,two year,Yes,mailed_check,58.31,699.7,No
CUST-00268,Female,1,No,No,52,Yes,No,Fiber optic,Yes,No,No,No internet service,Yes,No internet service,one year,Yes,electronic_check,108.24,5628.24,No
CUST-00269,Female,0,No,No,67,Yes,No,DSL,Yes,No,No,Yes,No,Yes,one year,Yes,bank_transfer,70.27,4707.77,No
CUST-00270,Male,1,Yes,Yes,30,Yes,No,Fiber optic,No internet service,No,No,No,Yes,Yes,month-to-month,No,electronic_check,78.15,2344.43,No
CUST-00271,Female,0,No,No,58,Yes,Yes,Fiber optic,No,No,No,No internet service,Yes,No,month-to-month,No,credit_card,94.14,5460.26,No
CUST-00272,Female,0,No,Yes,28,Yes,Yes,DSL,No,No internet service,No internet service,No,Yes,No internet service,two year,No,electronic_check,48.91,1369.38,No
CUST-00273,Male,1,No,No,43,Yes,Yes,DSL,No internet service,No,Yes,Yes,No internet service,No internet service,two year,Yes,credit_card,39.8,1711.44,No
CUST-00274,Male,1,No,No,44,Yes,Yes,Fiber optic,Yes,No internet service,No,No,No internet service,No,month-to-month,No,credit_card,78.09,3435.87,No
CUST-00275,Male,1,No,No,64,No,No phone service,Fiber optic,Yes,No,Yes,No,Yes,Yes,one year,Yes,credit_card,123.09,7877.91,No
CUST-00276,Male,1,Yes,Yes,27,Yes,No,Fiber optic,No internet service,No,No internet service,Yes,No internet service,No internet service,two year,Yes,credit_card,139.95,3778.66,No
CUST-00277,Female,1,No,No,38,Yes,Yes,DSL,No,No,No,No internet service,No,No,two year,No,electronic_check,95.61,3633.07,No
CUST-00278,Male,0,No,No,37,Yes,No,Fiber optic,No internet service,Yes,No,Yes,No,Yes,one year,Yes,electronic_check,91.73,3393.83,No
CUST-00279,Male,0,Yes,No,29,Yes,Yes,Fiber optic,Yes,No,No,No internet service,No internet service,Yes,two year,Yes,credit_card,86.74,2515.44,No
CUST-00280,Female,0,No,Yes,14,Yes,Yes,No,No,Yes,No,No internet service,No,No,one year,No,credit_card,11.05,154.63,No
CUST-00281,Male,0,Yes,Yes,34,Yes,No,DSL,No internet service,No internet service,No,Yes,Yes,Yes,month-to-month,No,electronic_check,65.61,2230.88,No
CUST-00282,Female,1,No,Yes,70,Yes,No,Fiber optic,Yes,No internet service,No,No internet service,No,No,two year,Yes,electronic_check,96.95,6786.44,No
CUST-00283,Female,0,Yes,Yes,4,Yes,No,No,No internet service,No,No,Yes,No internet service,No internet service,month-to-month,No,credit_card,14.84,59.35,No
CUST-00284,Female,1,Yes,No,21,Yes,Yes,No,Yes,Yes,Yes,No,No,No,month-to-month,Yes,bank_transfer,29.98,629.63,No
CUST-00285,Male,0,No,No,43,Yes,Yes,Fiber optic,No,Yes,No internet service,No,No,No internet service,month-to-month,Yes,bank_transfer,62.95,2706.8,No
CUST-00286,Female,1,No,No,11,Yes,No,Fiber optic,Yes,No,No internet service,No,Yes,No,month-to-month,No,mailed_check,136.5,1501.49,No
CUST-00287,Male,1,No,No,24,Yes,No,Fiber optic,No internet service,No internet service,No internet service,Yes,No,Yes,two year,Yes,electronic_check,117.5,2820.05,Yes
CUST-00288,Male,1,No,Yes,47,Yes,No,Fiber optic,No,No,Yes,Yes,No internet service,No internet service,month-to-month,No,credit_card,115.5,5428.59,No
CUST-00289,Male,0,Yes,No,8,Yes,Yes,DSL,No internet service,Yes,Yes,Yes,Yes,No,month-to-month,No,mailed_check,62.53,500.26,Yes
CUST-00290,Male,0,Yes,No,36,Yes,Yes,Fiber optic,No,No,No,Yes,No internet service,Yes,two year,Yes,electronic_check,114.72,4129.85,No
CUST-00291,Female,0,No,No,0,Yes,No,DSL,Yes,No,No,Yes,No,Yes,one year,No,electronic_check,47.95,47.95,Yes
CUST-00292,Male,0,No,No,44,Yes,No,DSL,No internet service,No,Yes,No internet service,Yes,Yes,two year,Yes,electronic_check,73.63,3239.89,No
CUST-00293,Male,0,Yes,No,9,Yes,No,DSL,Yes,Yes,No,Yes,Yes,Yes,month-to-month,No,bank_transfer,54.08,486.76,Yes
CUST-00294,Male,1,Yes,Yes,19,Yes,Yes,Fiber optic,No internet service,No,No,No,No,No internet service,one year,No,mailed_check,103.38,1964.19,No
CUST-00295,Male,0,Yes,Yes,46,Yes,No,DSL,No,No internet service,No,Yes,No internet service,No internet service,month-to-month,Yes,bank_transfer,73.3,3371.66,No
CUST-00296,Female,0,No,No,51,Yes,Yes,Fiber optic,Yes,Yes,No,No,Yes,Yes,one year,No,mailed_check,87.85,4480.24,No
CUST-00297,Male,0,Yes,No,37,Yes,No,DSL,Yes,No,Yes,No,No,No,one year,Yes,bank_transfer,47.69,1764.45,No
CUST-00298,Female,0,Yes,No,32,Yes,No,Fiber optic,Yes,Yes,No internet service,No internet service,No,No,two year,No,credit_card,121.27,3880.77,No
CUST-00299,Male,1,No,No,12,Yes,No,DSL,No internet service,Yes,No internet service,Yes,Yes,No,month-to-month,Yes,electronic_check,56.8,681.57,No
CUST-00300,Male,1,No,No,3,Yes,No,DSL,No internet service,No,No internet service,No internet service,No internet service,No internet service,one year,No,electronic_check,52.33,156.99,No
CUST-00301,Male,0,No,No,61,Yes,No,Fiber optic,No internet service,Yes,No internet service,No internet service,Yes,No,month-to-month,Yes,electronic_check,120.4,7344.53,No
CUST-00302,Male,0,Yes,No,50,Yes,Yes,Fiber optic,No,No,No internet service,No,No,No,month-to-month,Yes,credit_card,112.68,5634.17,No
CUST-00303,Male,1,No,No,18,Yes,No,Fiber optic,No internet service,No,Yes,No,No,No internet service,one year,Yes,credit_card,117.97,2123.52,No
CUST-00304,Female,0,Yes,No,50,Yes,No,DSL,No internet service,Yes,Yes,No,No internet service,Yes,month-to-month,Yes,electronic_check,60.54,3026.98,No
CUST-00305,Female,1,Yes,No,64,Yes,No,Fiber optic,No internet service,No internet service,Yes,No,No internet service,Yes,one year,Yes,electronic_check,120.49,7711.56,No
CUST-00306,Female,1,Yes,No,23,Yes,Yes,Fiber optic,Yes,No internet service,No,No,No,No,month-to-month,No,bank_transfer,87.5,2012.53,No
CUST-00307,Female,0,No,No,39,Yes,Yes,DSL,No,No,No internet service,No,No,No internet service,month-to-month,No,mailed_check,27.17,1059.47,No
CUST-00308,Male,0,No,No,58,Yes,Yes,DSL,No internet service,Yes,No internet service,No internet service,Yes,No,month-to-month,No,bank_transfer,78.9,4576.35,No
CUST-00309,Male,0,No,No,26,Yes,No,No,Yes,No,No internet service,No,No internet service,No internet service,one year,No,mailed_check,21.06,547.66,No
CUST-00310,Male,0,No,No,53,Yes,Yes,Fiber optic,No,No,No internet service,No internet service,Yes,No internet service,month-to-month,Yes,mailed_check,90.06,4773.11,No
CUST-00311,Male,0,No,No,49,Yes,No,Fiber optic,Yes,Yes,No,No internet service,No,Yes,one year,Yes,bank_transfer,81.42,3989.58,No
CUST-00312,Female,0,No,No,16,Yes,No,No,Yes,No internet service,No,No,No internet service,Yes,month-to-month,Yes,electronic_check,5.64,90.19,Yes
CUST-00313,Male,1,No,Yes,36,Yes,Yes,DSL,No,No,Yes,No internet service,No,No,one year,Yes,mailed_check,56.9,2048.55,No
CUST-00314,Female,1,No,No,55,Yes,No,No,No internet service,No,No internet service,Yes,No,Yes,one year,Yes,bank_transfer,23.9,1314.24,No
CUST-00315,Male,0,Yes,Yes,2,Yes,Yes,Fiber optic,Yes,No internet service,Yes,No internet service,Yes,Yes,two year,Yes,electronic_check,111.91,223.82,No
CUST-00316,Male,1,Yes,Yes,36,Yes,Yes,Fiber optic,No internet service,No,No,Yes,No,No,month-to-month,Yes,credit_card,85.02,3060.76,No
CUST-00317,Male,0,Yes,Yes,45,Yes,Yes,Fiber optic,No internet service,No,No,No internet service,No,No,one year,Yes,electronic_check,101.31,4559.16,No
CUST-00318,Male,0,No,No,67,Yes,No,No,No,Yes,No internet service,No,No,No,one year,Yes,electronic_check,17.52,1173.59,No
CUST-00319,Female,1,No,No,46,Yes,No,DSL,No,No,Yes,No internet service,No internet service,No,month-to-month,Yes,electronic_check,72.5,3334.91,No
CUST-00320,Male,1,Yes,No,53,No,No phone service,Fiber optic,No,Yes,Yes,No internet service,No,No,month-to-month,No,electronic_check,89.49,4742.95,No
CUST-00321,Female,0,No,No,27,Yes,Yes,Fiber optic,No,No internet service,No internet service,Yes,No internet service,Yes,one year,Yes,electronic_check,120.53,3254.39,No
CUST-00322,Male,0,Yes,No,15,Yes,No,Fiber optic,No internet service,No,Yes,No internet service,No internet service,No,month-to-month,Yes,mailed_check,91.4,1371.02,No
CUST-00323,Female,0,Yes,No,70,Yes,No,No,No,No internet service,No,No,No,No,one year,Yes,credit_card,9.75,682.17,No
CUST-00324,Female,0,Yes,No,28,Yes,No,DSL,No internet service,No,No,No,No internet service,Yes,one year,Yes,mailed_check,49.76,1393.39,No
CUST-00325,Male,1,Yes,Yes,61,No,No phone service,DSL,No,Yes,No,Yes,Yes,No internet service,month-to-month,No,mailed_check,78.18,4769.25,No
CUST-00326,Male,1,Yes,No,20,Yes,No,Fiber optic,No,Yes,Yes,No,No internet service,No internet service,two year,No,bank_transfer,74.58,1491.62,No
CUST-00327,Female,0,Yes,No,45,Yes,No,Fiber optic,Yes,No,Yes,Yes,Yes,No internet service,two year,Yes,credit_card,105.67,4755.19,No
CUST-00328,Male,0,Yes,No,29,Yes,No,Fiber optic,No,Yes,Yes,No,No,No internet service,month-to-month,No,mailed_check,94.64,2744.53,No
CUST-00329,Male,1,Yes,No,36,Yes,Yes,DSL,No internet service,No,No,No,No,No,two year,No,electronic_check,59.34,2136.15,No
CUST-00330,Male,0,Yes,No,67,Yes,No,Fiber optic,No internet service,No internet service,No,No,No,Yes,one year,Yes,bank_transfer,125.9,8435.03,No
CUST-00331,Female,1,Yes,No,47,Yes,No,DSL,No,No,No,No,No internet service,No internet service,two year,No,bank_transfer,80.53,3784.97,No
CUST-00332,Male,0,Yes,Yes,4,Yes,No,No,No,No,Yes,No,No,Yes,one year,Yes,electronic_check,30.17,120.67,No
CUST-00333,Female,1,No,No,66,Yes,No,Fiber optic,No,No,Yes,Yes,Yes,Yes,one year,Yes,bank_transfer,107.63,7103.43,No
CUST-00334,Female,1,No,Yes,20,Yes,No,Fiber optic,Yes,No,Yes,No internet service,Yes,No internet service,two year,Yes,bank_transfer,140.21,2804.24,No
CUST-00335,Male,1,Yes,No,33,No,No phone service,DSL,No,Yes,No,No internet service,Yes,Yes,two year,Yes,credit_card,31.22,1030.4,No
CUST-00336,Male,0,No,No,33,Yes,No,Fiber optic,No,No,No,No,No internet service,Yes,month-to-month,Yes,bank_transfer,61.56,2031.36,No
CUST-00337,Female,1,No,No,16,Yes,Yes,DSL,No internet service,No,Yes,No,No,No internet service,month-to-month,Yes,electronic_check,68.25,1092.04,Yes
CUST-00338,Female,1,No,Yes,52,Yes,No,No,Yes,No,No,No,No internet service,No internet service,month-to-month,No,credit_card,7.92,412.08,No
CUST-00339,Female,1,Yes,Yes,55,Yes,Yes,Fiber optic,No internet service,No,No,No,No internet service,No internet service,month-to-month,Yes,electronic_check,94.33,5188.06,Yes
CUST-00340,Female,0,Yes,No,41,Yes,No,DSL,Yes,No,No,No,Yes,Yes,one year,No,electronic_check,71.61,2935.97,No
CUST-00341,Female,0,No,No,22,Yes,Yes,DSL,No,No internet service,No internet service,No internet service,No internet service,Yes,month-to-month,Yes,bank_transfer,68.07,1497.64,No
CUST-00342,Male,1,No,No,40,Yes,No,DSL,No internet service,No,No,Yes,Yes,No internet service,one year,No,electronic_check,50.56,2022.46,No
CUST-00343,Female,0,No,Yes,42,Yes,Yes,DSL,No,No,No internet service,No internet service,Yes,No internet service,month-to-month,No,electronic_check,54.0,2268.11,No
CUST-00344,Female,1,No,No,57,Yes,Yes,DSL,No internet service,Yes,No,No internet service,Yes,Yes,month-to-month,Yes,bank_transfer,52.06,2967.14,No
CUST-00345,Male,0,Yes,No,32,Yes,Yes,DSL,No,No internet service,No,No,No,No internet service,month-to-month,Yes,electronic_check,43.92,1405.3,No
CUST-00346,Female,0,No,Yes,16,Yes,No,Fiber optic,No,No internet service,No internet service,Yes,No internet service,No internet service,month-to-month,Yes,mailed_check,119.83,1917.23,No
CUST-00347,Female,0,Yes,No,44,No,No phone service,Fiber optic,No internet service,No,No,No,No internet service,No internet service,month-to-month,Yes,mailed_check,62.57,2752.88,No
CUST-00348,Male,0,Yes,No,1,Yes,No,DSL,No internet service,No,Yes,No internet service,No,No,month-to-month,No,electronic_check,69.95,69.95,Yes
CUST-00349,Male,0,Yes,No,60,Yes,Yes,Fiber optic,No,Yes,No internet service,No internet service,No,No,two year,Yes,mailed_check,93.75,5624.83,No
CUST-00350,Male,1,No,No,53,Yes,No,No,No,No,No internet service,No,No,Yes,month-to-month,No,mailed_check,5.85,309.82,No
CUST-00351,Male,0,Yes,No,15,Yes,Yes,DSL,No,No,No,No internet service,Yes,Yes,month-to-month,No,mailed_check,58.16,872.44,No
CUST-00352,Male,0,No,No,2,Yes,No,Fiber optic,No,Yes,Yes,No internet service,No,No,month-to-month,Yes,credit_card,119.93,239.86,No
CUST-00353,Male,0,Yes,No,61,Yes,Yes,No,No internet service,No internet service,No,No,No internet service,No internet service,month-to-month,Yes,electronic_check,14.5,884.6,No
CUST-00354,Female,1,No,Yes,1,Yes,No,DSL,No internet service,No,Yes,Yes,Yes,Yes,month-to-month,Yes,bank_transfer,73.37,73.37,Yes
CUST-00355,Female,1,Yes,No,48,No,No phone service,DSL,Yes,No,Yes,No internet service,No internet service,No internet service,one year,No,credit_card,67.87,3257.93,No
CUST-00356,Male,0,No,No,9,Yes,No,DSL,No internet service,No internet service,Yes,No,No,No,month-to-month,Yes,electronic_check,55.02,495.22,Yes
CUST-00357,Male,0,No,No,44,Yes,Yes,No,Yes,No,No internet service,No,No internet service,No,two year,No,credit_card,34.03,1497.53,No
CUST-00358,Male,0,No,No,28,No,No phone service,Fiber optic,No,No,Yes,No,No internet service,Yes,month-to-month,Yes,credit_card,78.69,2203.43,No
CUST-00359,Female,0,No,No,65,Yes,Yes,Fiber optic,Yes,Yes,No,No,Yes,Yes,month-to-month,Yes,bank_transfer,130.83,8504.03,No
CUST-00360,Female,0,Yes,No,63,Yes,Yes,Fiber optic,No,No,No internet service,No,No,No,one year,Yes,credit_card,98.27,6190.9,No
CUST-00361,Female,0,No,Yes,9,No,No phone service,DSL,Yes,No,Yes,No internet service,Yes,No,month-to-month,No,electronic_check,77.32,695.86,Yes
CUST-00362,Male,1,Yes,No,65,Yes,No,Fiber optic,Yes,No internet service,No,No,Yes,No internet service,two year,No,credit_card,120.0,7800.15,No
CUST-00363,Male,1,No,No,26,Yes,No,DSL,No internet service,No,No,No internet service,No internet service,No internet service,month-to-month,Yes,electronic_check,58.27,1515.02,No
CUST-00364,Female,0,No,No,28,Yes,No,Fiber optic,No internet service,Yes,Yes,No,Yes,No internet service,two year,No,electronic_check,114.5,3206.06,No
CUST-00365,Female,1,Yes,Yes,69,Yes,Yes,Fiber optic,No internet service,No,No internet service,No,Yes,Yes,two year,Yes,electronic_check,107.48,7415.93,No
CUST-00366,Male,0,Yes,No,41,Yes,No,Fiber optic,No,No internet service,Yes,No,No internet service,No,month-to-month,No,credit_card,110.87,4545.57,No
CUST-00367,Female,0,No,No,40,Yes,Yes,No,No internet service,Yes,No internet service,No,No,No,month-to-month,Yes,credit_card,25.39,1015.64,No
CUST-00368,Female,1,No,No,72,Yes,Yes,DSL,No,No,No,Yes,No,No,month-to-month,No,credit_card,43.09,3102.53,No
CUST-00369,Male,0,No,Yes,11,Yes,No,Fiber optic,No,No internet service,No,Yes,Yes,No,month-to-month,Yes,credit_card,82.32,905.47,No
CUST-00370,Male,1,No,No,14,Yes,No,DSL,No internet service,No internet service,No internet service,No,No,No,one year,Yes,mailed_check,38.39,537.46,No
CUST-00371,Male,0,Yes,No,41,Yes,No,DSL,Yes,No internet service,No,No internet service,No,Yes,two year,Yes,mailed_check,98.09,4021.52,No
CUST-00372,Male,0,Yes,No,57,Yes,Yes,Fiber optic,No internet service,No,No internet service,No,Yes,No internet service,two year,Yes,bank_transfer,85.52,4874.82,No
CUST-00373,Female,0,Yes,No,36,Yes,Yes,DSL,Yes,No,No internet service,No,No internet service,Yes,month-to-month,Yes,electronic_check,48.1,1731.67,No
CUST-00374,Female,1,Yes,Yes,62,No,No phone service,DSL,No internet service,Yes,No internet service,Yes,No internet service,Yes,one year,No,mailed_check,60.62,3758.51,No
CUST-00375,Female,1,Yes,Yes,32,Yes,No,Fiber optic,No,Yes,Yes,No internet service,No,No internet service,month-to-month,Yes,electronic_check,109.9,3516.78,Yes
CUST-00376,Female,1,Yes,Yes,66,Yes,Yes,Fiber optic,Yes,No,No,Yes,Yes,Yes,month-to-month,Yes,electronic_check,76.77,5066.54,No
CUST-00377,Male,0,Yes,Yes,33,Yes,Yes,Fiber optic,No internet service,No,No,No internet service,Yes,Yes,month-to-month,Yes,bank_transfer,114.51,3778.88,Yes
CUST-00378,Female,1,No,No,57,Yes,No,DSL,No internet service,Yes,No,No internet service,No internet service,No internet service,one year,No,electronic_check,84.68,4826.78,No
CUST-00379,Male,1,Yes,No,39,Yes,No,DSL,Yes,No,Yes,Yes,No,No,two year,Yes,credit_card,56.75,2213.23,No
CUST-00380,Male,0,No,No,32,Yes,Yes,DSL,No internet service,Yes,No internet service,No,No,Yes,month-to-month,Yes,credit_card,67.14,2148.52,No
CUST-00381,Male,0,Yes,No,66,Yes,Yes,DSL,No internet service,No internet service,No internet service,No internet service,No,No,two year,No,electronic_check,73.99,4883.43,No
CUST-00382,Male,0,Yes,No,38,Yes,No,No,Yes,No,Yes,No internet service,No,No internet service,two year,Yes,mailed_check,41.68,1583.96,No
CUST-00383,Female,0,Yes,Yes,63,Yes,No,Fiber optic,No internet service,No internet service,No,No,Yes,Yes,month-to-month,No,credit_card,102.99,6488.67,No
CUST-00384,Female,1,No,Yes,26,Yes,No,DSL,No internet service,Yes,No,No internet service,No,No internet service,month-to-month,Yes,electronic_check,71.14,1849.77,Yes
CUST-00385,Female,0,Yes,No,31,Yes,No,No,No internet service,No,Yes,No,No internet service,No internet service,one year,Yes,bank_transfer,22.85,708.27,No
CUST-00386,Male,0,Yes,Yes,42,Yes,Yes,DSL,No internet service,No internet service,Yes,No,Yes,No,month-to-month,Yes,mailed_check,32.24,1354.07,No
CUST-00387,Male,1,No,Yes,39,Yes,No,DSL,Yes,No internet service,No internet service,No,Yes,Yes,two year,No,electronic_check,75.22,2933.4,No
CUST-00388,Male,1,No,No,14,Yes,Yes,DSL,Yes,No internet service,No,No,No,No,one year,Yes,mailed_check,61.73,864.25,No
CUST-00389,Male,0,Yes,No,67,Yes,Yes,Fiber optic,No,Yes,Yes,No internet service,Yes,No,two year,Yes,electronic_check,128.92,8637.53,No
CUST-00390,Male,0,Yes,No,50,Yes,Yes,Fiber optic,No,No internet service,Yes,No,No internet service,No,two year,Yes,mailed_check,136.26,6813.17,No
CUST-00391,Male,1,Yes,No,13,Yes,Yes,No,No,No,No,No internet service,No,No internet service,month-to-month,Yes,bank_transfer,19.0,247.05,No
CUST-00392,Male,1,Yes,No,45,Yes,No,Fiber optic,No internet service,No,No internet service,No,No,Yes,two year,Yes,electronic_check,127.49,5737.0,No
CUST-00393,Female,0,Yes,Yes,53,Yes,No,DSL,No internet service,No,No internet service,Yes,No internet service,No,one year,No,electronic_check,83.59,4430.42,No
CUST-00394,Male,0,Yes,Yes,54,No,No phone service,No,No,Yes,No internet service,No internet service,No,Yes,month-to-month,No,electronic_check,14.96,807.67,No
CUST-00395,Female,1,Yes,No,44,No,No phone service,Fiber optic,No,No,Yes,No internet service,No internet service,Yes,one year,Yes,bank_transfer,85.75,3773.16,No
CUST-00396,Male,1,No,No,61,Yes,No,No,Yes,No internet service,No internet service,No,Yes,No,one year,Yes,electronic_check,21.25,1296.25,No
CUST-00397,Male,0,No,No,63,Yes,Yes,DSL,No,Yes,No,Yes,No,No internet service,month-to-month,No,bank_transfer,58.7,3697.83,No
CUST-00398,Female,1,Yes,Yes,54,Yes,Yes,DSL,No,Yes,No,Yes,No,No internet service,month-to-month,Yes,bank_transfer,49.55,2675.84,No
CUST-00399,Male,1,No,No,6,Yes,No,DSL,No internet service,Yes,No,No internet service,No,Yes,one year,No,electronic_check,66.53,399.19,Yes
CUST-00400,Female,1,Yes,No,1,Yes,No,No,No,Yes,No,No,No,No internet service,month-to-month,No,credit_card,3.88,3.88,Yes
CUST-00401,Female,1,No,No,24,Yes,Yes,DSL,No,No,No internet service,Yes,No,No,month-to-month,No,mailed_check,48.92,1173.96,No
CUST-00402,Female,1,No,No,31,Yes,Yes,Fiber optic,Yes,Yes,No internet service,No internet service,No internet service,No,two year,Yes,bank_transfer,113.4,3515.49,No
CUST-00403,Female,0,Yes,Yes,50,Yes,No,Fiber optic,No internet service,No,No internet service,No internet service,No,No internet service,month-to-month,No,electronic_check,93.8,4690.17,No
CUST-00404,Male,0,No,Yes,13,Yes,Yes,DSL,Yes,No internet service,Yes,Yes,No internet service,No internet service,one year,No,mailed_check,39.14,508.84,No
CUST-00405,Female,1,Yes,No,57,Yes,No,No,No,Yes,Yes,Yes,No internet service,No,one year,Yes,mailed_check,23.59,1344.55,No
CUST-00406,Female,0,No,No,26,No,No phone service,DSL,No internet service,No,No,Yes,No internet service,No,two year,Yes,electronic_check,68.37,1777.58,No
CUST-00407,Male,0,No,No,15,Yes,Yes,Fiber optic,No,No,No internet service,Yes,No,Yes,month-to-month,No,credit_card,77.7,1165.45,No
CUST-00408,Male,1,Yes,Yes,38,Yes,No,No,No internet service,No internet service,Yes,Yes,No internet service,Yes,month-to-month,Yes,bank_transfer,10.32,392.28,No
CUST-00409,Female,1,No,Yes,46,Yes,No,DSL,No,No internet service,Yes,No internet service,No,Yes,month-to-month,No,bank_transfer,69.79,3210.25,No
CUST-00410,Female,0,Yes,Yes,51,No,No phone service,DSL,No,Yes,No,No,No,Yes,month-to-month,No,credit_card,71.06,3624.15,No
CUST-00411,Female,1,Yes,No,38,Yes,Yes,DSL,Yes,Yes,No internet service,No,No,Yes,month-to-month,No,bank_transfer,67.22,2554.23,No
CUST-00412,Female,0,No,Yes,31,Yes,No,DSL,No,No,Yes,No,No internet service,No,month-to-month,No,bank_transfer,55.24,1712.51,No
CUST-00413,Male,1,Yes,No,68,Yes,Yes,Fiber optic,No,No,No,Yes,No,No,month-to-month,Yes,mailed_check,69.38,4718.09,No
CUST-00414,Male,0,Yes,No,72,Yes,Yes,No,No internet service,Yes,No,No,No,No,two year,No,mailed_check,18.2,1310.16,No
CUST-00415,Female,0,No,No,19,Yes,No,DSL,No internet service,Yes,Yes,No internet service,Yes,Yes,month-to-month,No,bank_transfer,62.95,1196.06,No
CUST-00416,Male,1,Yes,No,9,Yes,Yes,DSL,Yes,No,No,No,Yes,Yes,month-to-month,Yes,mailed_check,20.68,186.14,Yes
CUST-00417,Male,0,No,No,12,Yes,Yes,DSL,No internet service,No internet service,No,No internet service,No internet service,No,one year,Yes,electronic_check,64.55,774.65,No
CUST-00418,Female,1,Yes,No,69,Yes,No,Fiber optic,Yes,No internet service,No,No,No,No internet service,month-to-month,No,electronic_check,81.65,5634.19,No
CUST-00419,Female,0,Yes,Yes,57,Yes,Yes,DSL,No,No,No,No internet service,No internet service,No,one year,Yes,mailed_check,72.42,4127.9,No
CUST-00420,Male,0,Yes,No,69,Yes,No,Fiber optic,Yes,No internet service,Yes,No,No,No,two year,No,credit_card,108.14,7461.9,No
CUST-00421,Male,1,Yes,Yes,43,Yes,No,Fiber optic,No internet service,No,Yes,No internet service,No internet service,No internet service,two year,No,electronic_check,99.64,4284.4,No
CUST-00422,Male,0,No,No,20,Yes,No,Fiber optic,No internet service,No internet service,No internet service,No internet service,Yes,No internet service,two year,Yes,bank_transfer,129.43,2588.62,No
CUST-00423,Male,0,Yes,No,29,Yes,No,DSL,No internet service,No,No internet service,No,No internet service,No internet service,one year,Yes,electronic_check,54.61,1583.71,No
CUST-00424,Female,0,Yes,No,10,Yes,Yes,DSL,Yes,No,No,No,No,No internet service,month-to-month,Yes,electronic_check,66.29,662.89,Yes
CUST-00425,Female,1,Yes,No,43,Yes,No,DSL,Yes,Yes,No,No internet service,Yes,No internet service,one year,No,bank_transfer,41.81,1797.73,No
CUST-00426,Female,0,Yes,No,51,Yes,No,DSL,No internet service,No,Yes,No,No,No,month-to-month,Yes,bank_transfer,47.1,2402.22,No
CUST-00427,Male,0,No,No,57,Yes,Yes,Fiber optic,No,No,No,No,Yes,No internet service,month-to-month,No,mailed_check,86.01,4902.59,No
CUST-00428,Male,1,Yes,Yes,34,Yes,No,DSL,No,No,No internet service,No,No,No,month-to-month,No,electronic_check,73.77,2508.28,No
CUST-00429,Male,1,No,No,41,Yes,Yes,DSL,No,No internet service,Yes,No,Yes,Yes,one year,No,electronic_check,43.08,1766.18,No
CUST-00430,Female,0,Yes,No,66,Yes,No,Fiber optic,Yes,Yes,No,No,No internet service,No internet service,one year,Yes,bank_transfer,95.27,6288.08,No
CUST-00431,Female,0,No,Yes,2,Yes,Yes,Fiber optic,No,No,No internet service,No,No internet service,No internet service,two year,No,bank_transfer,110.51,221.02,Yes
CUST-00432,Female,1,Yes,Yes,6,Yes,No,Fiber optic,No,No internet service,No,No internet service,No,Yes,one year,No,mailed_check,85.63,513.79,No
CUST-00433,Female,1,Yes,Yes,24,Yes,Yes,DSL,No,No internet service,No internet service,No internet service,No internet service,No,month-to-month,No,electronic_check,39.0,935.93,No
CUST-00434,Female,1,Yes,Yes,14,Yes,Yes,Fiber optic,No,No,No,No internet service,Yes,No internet service,two year,No,bank_transfer,115.2,1612.8,No
CUST-00435,Female,0,Yes,Yes,49,Yes,No,DSL,Yes,No,No,No,No,No internet service,month-to-month,Yes,mailed_check,67.22,3293.77,No
CUST-00436,Male,0,No,Yes,39,Yes,No,Fiber optic,No,No,No internet service,No,No internet service,No internet service,month-to-month,Yes,mailed_check,126.26,4924.05,No
CUST-00437,Male,0,Yes,No,31,Yes,No,No,No,No,No,Yes,No,No internet service,two year,Yes,electronic_check,19.57,606.73,No
CUST-00438,Female,0,Yes,No,42,Yes,Yes,DSL,No,Yes,Yes,No,No,No internet service,one year,No,mailed_check,58.8,2469.71,No
CUST-00439,Male,0,No,No,70,Yes,Yes,Fiber optic,No,No internet service,Yes,No,Yes,No,one year,No,bank_transfer,95.14,6659.47,No
CUST-00440,Male,0,No,Yes,65,Yes,Yes,No,Yes,No,Yes,No internet service,No,No,one year,Yes,mailed_check,34.22,2224.45,No
CUST-00441,Male,0,No,No,10,No,No phone service,Fiber optic,No internet service,No internet service,Yes,No internet service,No,No,two year,No,mailed_check,95.36,953.58,No
CUST-00442,Male,0,No,No,0,Yes,No,Fiber optic,No internet service,Yes,No,Yes,Yes,No,month-to-month,Yes,credit_card,132.05,132.05,Yes
CUST-00443,Male,0,No,No,26,Yes,No,DSL,No,No internet service,Yes,No internet service,No internet service,Yes,month-to-month,No,bank_transfer,55.47,1442.26,No
CUST-00444,Male,1,Yes,No,39,Yes,No,Fiber optic,No internet service,No internet service,No internet service,No,Yes,No,month-to-month,Yes,bank_transfer,113.89,4441.7,No
CUST-00445,Female,1,No,No,62,Yes,Yes,Fiber optic,Yes,No,Yes,No,No internet service,No internet service,two year,Yes,electronic_check,114.04,7070.67,No
CUST-00446,Male,0,No,No,6,Yes,No,DSL,No,No,Yes,Yes,No,No,one year,Yes,electronic_check,74.39,446.31,No
CUST-00447,Female,0,No,No,9,Yes,Yes,Fiber optic,No,No internet service,No,Yes,No internet service,No,month-to-month,Yes,electronic_check,109.74,987.69,Yes
CUST-00448,Female,1,No,No,14,Yes,Yes,Fiber optic,Yes,No internet service,No internet service,No internet service,No internet service,No internet service,one year,Yes,electronic_check,78.96,1105.49,No
CUST-00449,Male,0,No,No,7,Yes,Yes,Fiber optic,No internet service,Yes,Yes,No,No internet service,No,two year,Yes,mailed_check,105.94,741.58,No
CUST-00450,Male,1,Yes,No,12,Yes,No,Fiber optic,No,No,No,Yes,No internet service,No internet service,one year,Yes,bank_transfer,131.97,1583.68,No
CUST-00451,Male,1,No,No,58,Yes,No,Fiber optic,No,Yes,No,No,No internet service,No,one year,Yes,bank_transfer,123.06,7137.34,No
CUST-00452,Male,1,No,Yes,39,Yes,No,DSL,No internet service,No,No,Yes,Yes,Yes,month-to-month,Yes,mailed_check,68.29,2663.47,No
CUST-00453,Male,1,Yes,No,27,Yes,Yes,DSL,No internet service,No,No internet service,No,No internet service,No internet service,two year,Yes,bank_transfer,72.15,1948.13,No
CUST-00454,Male,0,Yes,Yes,69,No,No phone service,Fiber optic,Yes,No internet service,Yes,No,No,No,one year,Yes,credit_card,104.37,7201.59,No
CUST-00455,Female,1,No,No,67,Yes,Yes,Fiber optic,No,Yes,No internet service,No,Yes,No,one year,Yes,credit_card,84.3,5648.12,No
CUST-00456,Male,1,No,Yes,67,No,No phone service,DSL,No internet service,Yes,No internet service,No internet service,No,No,month-to-month,Yes,mailed_check,64.65,4331.8,No
CUST-00457,Male,1,Yes,No,2,Yes,No,Fiber optic,No,No,No,Yes,Yes,No,one year,No,electronic_check,91.91,183.83,Yes
CUST-00458,Male,1,No,Yes,72,Yes,No,Fiber optic,Yes,No internet service,Yes,Yes,No internet service,No internet service,month-to-month,No,electronic_check,73.22,5271.93,No
CUST-00459,Male,0,Yes,No,0,No,No phone service,Fiber optic,No internet service,No,No,Yes,No,No,month-to-month,Yes,bank_transfer,70.33,70.33,Yes
CUST-00460,Female,0,No,Yes,41,Yes,No,Fiber optic,No internet service,No internet service,No internet service,No internet service,No internet service,Yes,month-to-month,Yes,electronic_check,137.91,5654.17,Yes
CUST-00461,Male,1,No,Yes,19,Yes,No,Fiber optic,No internet service,No,No,No,Yes,No,one year,No,electronic_check,140.9,2677.07,No
CUST-00462,Male,0,No,No,64,Yes,No,Fiber optic,No internet service,No internet service,No internet service,No,No internet service,No internet service,month-to-month,Yes,electronic_check,131.68,8427.79,No
CUST-00463,Male,1,No,No,5,Yes,No,Fiber optic,Yes,Yes,No,Yes,No internet service,Yes,month-to-month,Yes,electronic_check,105.76,528.81,Yes
CUST-00464,Male,0,No,No,25,Yes,No,DSL,No internet service,No,No internet service,No,No internet service,No internet service,month-to-month,Yes,electronic_check,34.12,853.07,Yes
CUST-00465,Male,1,Yes,No,47,Yes,Yes,DSL,No internet service,Yes,No,No internet service,Yes,Yes,month-to-month,Yes,bank_transfer,66.68,3133.98,No
CUST-00466,Female,0,No,No,46,Yes,No,Fiber optic,Yes,No internet service,No internet service,No,Yes,No,month-to-month,Yes,bank_transfer,90.36,4156.4,No
CUST-00467,Male,1,No,Yes,48,Yes,Yes,Fiber optic,No,No internet service,No internet service,No,No internet service,Yes,one year,Yes,mailed_check,77.92,3740.15,No
CUST-00468,Male,1,Yes,Yes,47,Yes,No,Fiber optic,Yes,Yes,Yes,No,Yes,Yes,one year,Yes,electronic_check,122.07,5737.11,No
CUST-00469,Male,1,No,No,65,Yes,No,DSL,No,No,Yes,No internet service,Yes,Yes,month-to-month,Yes,bank_transfer,46.77,3040.14,No
CUST-00470,Male,0,No,No,43,Yes,Yes,Fiber optic,Yes,No internet service,No internet service,No internet service,Yes,Yes,two year,Yes,credit_card,125.5,5396.51,No
CUST-00471,Female,1,Yes,Yes,5,Yes,Yes,Fiber optic,Yes,Yes,No,No,No,No,two year,Yes,electronic_check,104.51,522.57,Yes
CUST-00472,Female,0,No,Yes,42,Yes,Yes,No,Yes,No,No internet service,No internet service,Yes,No,month-to-month,Yes,credit_card,17.46,733.5,No
CUST-00473,Female,1,Yes,No,50,Yes,No,DSL,No,No internet service,No,No internet service,No,No internet service,one year,Yes,electronic_check,38.95,1947.52,No
CUST-00474,Male,1,No,No,36,Yes,No,Fiber optic,Yes,No,No,No,No,Yes,month-to-month,No,electronic_check,82.37,2965.32,No
CUST-00475,Male,1,No,No,35,Yes,Yes,Fiber optic,Yes,No internet service,Yes,No,Yes,No internet service,month-to-month,No,credit_card,60.01,2100.25,No
CUST-00476,Male,1,No,No,45,Yes,Yes,Fiber optic,No internet service,Yes,No,No,No,No,month-to-month,Yes,credit_card,114.99,5174.41,No
CUST-00477,Male,0,No,No,8,No,No phone service,DSL,Yes,Yes,Yes,Yes,No internet service,No,month-to-month,No,electronic_check,69.03,552.27,No
CUST-00478,Male,0,No,No,55,Yes,No,Fiber optic,No internet service,Yes,Yes,No,Yes,No,two year,No,electronic_check,110.02,6051.17,No
CUST-00479,Female,0,No,Yes,20,Yes,No,Fiber optic,Yes,No,No internet service,Yes,Yes,No internet service,month-to-month,Yes,electronic_check,78.36,1567.13,No
CUST-00480,Male,0,No,No,19,Yes,No,Fiber optic,No,No,No,No,No internet service,No internet service,two year,Yes,mailed_check,127.24,2417.57,No
CUST-00481,Male,1,Yes,No,36,Yes,No,Fiber optic,No internet service,No,No internet service,Yes,Yes,No,month-to-month,No,credit_card,93.41,3362.8,No
CUST-00482,Male,1,No,No,59,Yes,No,Fiber optic,No internet service,No,No internet service,Yes,No,No,month-to-month,Yes,bank_transfer,72.27,4263.95,No
CUST-00483,Female,1,Yes,No,9,Yes,No,Fiber optic,No internet service,No internet service,No,No,Yes,No,month-to-month,No,bank_transfer,127.06,1143.56,No
CUST-00484,Male,0,Yes,Yes,47,Yes,Yes,DSL,No internet service,Yes,No,No internet service,Yes,No,month-to-month,No,electronic_check,64.34,3024.0,No
CUST-00485,Female,1,Yes,No,11,Yes,Yes,DSL,No,No,No internet service,Yes,No,No,one year,Yes,electronic_check,79.51,874.63,No
CUST-00486,Female,0,No,No,0,Yes,Yes,Fiber optic,No internet service,Yes,No,No,No internet service,Yes,month-to-month,Yes,mailed_check,73.44,73.44,Yes
CUST-00487,Male,0,Yes,Yes,53,Yes,Yes,Fiber optic,No internet service,Yes,No,No,Yes,No internet service,month-to-month,Yes,electronic_check,94.03,4983.83,No
CUST-00488,Male,1,Yes,No,31,Yes,No,Fiber optic,Yes,No,No internet service,No,No,Yes,one year,Yes,electronic_check,117.21,3633.57,No
CUST-00489,Female,1,Yes,Yes,3,Yes,Yes,Fiber optic,No internet service,Yes,No internet service,Yes,No,No,two year,Yes,mailed_check,124.54,373.62,No
CUST-00490,Female,0,No,No,26,Yes,Yes,DSL,No,No,No internet service,No,No,No internet service,month-to-month,No,electronic_check,37.26,968.79,No
CUST-00491,Female,0,Yes,Yes,71,Yes,Yes,DSL,No internet service,No,Yes,No internet service,No,No internet service,two year,Yes,bank_transfer,62.53,4439.31,No
CUST-00492,Female,1,Yes,Yes,25,Yes,Yes,DSL,No,No internet service,No,No,No internet service,Yes,two year,Yes,electronic_check,45.38,1134.58,No
CUST-00493,Female,0,No,No,29,Yes,No,Fiber optic,No,No internet service,No,No internet service,No,Yes,month-to-month,Yes,bank_transfer,108.34,3141.82,No
CUST-00494,Male,1,No,No,25,Yes,No,DSL,No internet service,No,No internet service,No internet service,No internet service,Yes,month-to-month,No,mailed_check,36.73,918.19,Yes
CUST-00495,Male,1,No,No,3,Yes,No,Fiber optic,No,No,No internet service,No internet service,No,Yes,two year,No,mailed_check,101.65,304.95,No
CUST-00496,Male,0,No,No,38,No,No phone service,Fiber optic,No,Yes,No,Yes,No,No,month-to-month,Yes,electronic_check,77.91,2960.7,Yes
CUST-00497,Female,1,Yes,No,17,No,No phone service,Fiber optic,No internet service,No internet service,No internet service,Yes,No,No,two year,Yes,bank_transfer,111.31,1892.2,No
CUST-00498,Female,1,Yes,Yes,32,Yes,Yes,Fiber optic,No internet service,Yes,Yes,No,Yes,No,month-to-month,Yes,mailed_check,109.13,3492.14,No
CUST-00499,Female,0,No,No,34,Yes,Yes,Fiber optic,No,No,No,No internet service,No,No,month-to-month,Yes,mailed_check,85.31,2900.5,No
CUST-00500,Female,0,Yes,No,16,Yes,Yes,DSL,No internet service,No,Yes,No internet service,Yes,No internet service,two year,Yes,mailed_check,51.39,822.28,No
CUST-00501,Male,0,Yes,No,12,Yes,No,Fiber optic,No internet service,Yes,No internet service,No,Yes,No,month-to-month,Yes,mailed_check,72.92,875.07,Yes
CUST-00502,Female,1,No,No,31,No,No phone service,No,Yes,Yes,No,No internet service,No internet service,No,month-to-month,Yes,credit_card,36.09,1118.82,No
CUST-00503,Female,0,No,No,48,Yes,No,Fiber optic,No internet service,Yes,No,No internet service,No,No internet service,month-to-month,No,electronic_check,93.48,4486.92,Yes
CUST-00504,Female,0,Yes,No,43,Yes,No,Fiber optic,Yes,No internet service,No,No,No,No,month-to-month,No,mailed_check,119.78,5150.62,No
CUST-00505,Female,1,No,No,34,No,No phone service,No,No,No internet service,Yes,No,No,Yes,month-to-month,No,mailed_check,0.25,8.52,No
CUST-00506,Male,0,Yes,No,68,Yes,No,Fiber optic,No,No,No,No,No,No,two year,No,bank_transfer,99.53,6768.12,No
CUST-00507,Male,0,No,No,46,Yes,No,DSL,No internet service,No internet service,No internet service,No,Yes,No,one year,No,mailed_check,57.59,2649.2,No
CUST-00508,Female,1,No,No,5,Yes,No,Fiber optic,No,No,No internet service,No,No,No,two year,Yes,mailed_check,73.19,365.94,No
CUST-00509,Male,1,No,No,53,No,No phone service,Fiber optic,No,No,No internet service,No internet service,No internet service,No,two year,Yes,bank_transfer,72.05,3818.58,No
CUST-00510,Female,0,Yes,No,70,Yes,Yes,Fiber optic,Yes,No internet service,No internet service,No internet service,Yes,No,month-to-month,Yes,electronic_check,80.45,5631.16,No
CUST-00511,Female,1,Yes,No,55,No,No phone service,DSL,No internet service,No internet service,No internet service,No,No,No internet service,month-to-month,No,bank_transfer,49.16,2703.7,No
CUST-00512,Female,0,No,No,7,Yes,No,No,No,Yes,No,Yes,No,No internet service,month-to-month,Yes,electronic_check,21.0,146.99,Yes
CUST-00513,Male,0,Yes,Yes,64,Yes,Yes,Fiber optic,Yes,Yes,No internet service,No internet service,No internet service,No,one year,No,mailed_check,120.72,7725.84,No
CUST-00514,Female,1,No,No,41,Yes,No,Fiber optic,No,No,No internet service,No,Yes,No,two year,Yes,mailed_check,97.03,3978.42,No
CUST-00515,Female,0,No,No,2,No,No phone service,DSL,Yes,Yes,No,No internet service,No internet service,Yes,one year,Yes,credit_card,67.83,135.66,No
CUST-00516,Male,1,No,No,15,Yes,No,Fiber optic,Yes,Yes,Yes,No internet service,No internet service,No,month-to-month,No,bank_transfer,81.91,1228.59,Yes
CUST-00517,Male,0,No,Yes,72,Yes,Yes,Fiber optic,Yes,Yes,No internet service,No,No,No,month-to-month,No,electronic_check,69.53,5006.06,No
CUST-00518,Male,0,Yes,No,40,Yes,No,DSL,No,No,No,No,No internet service,Yes,month-to-month,Yes,electronic_check,51.86,2074.53,No
CUST-00519,Female,1,No,Yes,13,Yes,Yes,DSL,No internet service,No,No,No,No,No internet service,month-to-month,No,credit_card,58.77,763.98,Yes
CUST-00520,Male,0,Yes,Yes,16,Yes,Yes,Fiber optic,No,No internet service,No,Yes,No internet service,Yes,one year,No,electronic_check,102.56,1641.04,No
CUST-00521,Female,1,No,No,17,Yes,No,Fiber optic,Yes,Yes,Yes,No internet service,No,No,month-to-month,No,credit_card,91.68,1558.59,Yes
CUST-00522,Female,0,Yes,No,25,Yes,No,DSL,No internet service,No internet service,No,No,No,No internet service,one year,No,electronic_check,36.78,919.43,No
CUST-00523,Female,1,No,No,59,Yes,Yes,Fiber optic,Yes,No internet service,No internet service,No,No,Yes,one year,No,electronic_check,75.75,4469.03,No
CUST-00524,Female,0,Yes,Yes,45,No,No phone service,No,No,No internet service,No,No internet service,No internet service,No internet service,month-to-month,No,credit_card,29.28,1317.48,No
CUST-00525,Female,1,No,No,44,Yes,No,No,No,No internet service,No internet service,No,No,Yes,month-to-month,Yes,electronic_check,18.75,824.8,No
CUST-00526,Female,0,Yes,No,68,Yes,No,Fiber optic,No,No internet service,No,Yes,No internet service,No internet service,month-to-month,Yes,electronic_check,77.76,5287.54,No
CUST-00527,Male,1,No,No,8,Yes,Yes,No,No internet service,No,Yes,No internet service,No,No,month-to-month,Yes,credit_card,30.42,243.38,No
CUST-00528,Female,0,No,No,15,Yes,Yes,DSL,Yes,No internet service,No,No internet service,No internet service,No,one year,Yes,bank_transfer,64.47,967.01,No
CUST-00529,Male,1,Yes,Yes,36,Yes,No,Fiber optic,Yes,No,No internet service,No,No,No internet service,one year,Yes,credit_card,110.35,3972.76,No
CUST-00530,Male,0,Yes,No,5,Yes,Yes,DSL,No internet service,Yes,No internet service,No,No internet service,No,two year,Yes,mailed_check,57.28,286.4,No
CUST-00531,Female,1,No,No,61,Yes,No,Fiber optic,Yes,No,No,Yes,No internet service,Yes,month-to-month,No,bank_transfer,105.64,6444.26,No
CUST-00532,Male,1,Yes,No,38,Yes,No,Fiber optic,No,Yes,No,No,No,Yes,month-to-month,Yes,electronic_check,60.53,2300.15,No
CUST-00533,Male,0,No,Yes,31,Yes,No,Fiber optic,Yes,Yes,No internet service,No internet service,No internet service,No internet service,month-to-month,No,electronic_check,113.95,3532.3,Yes
CUST-00534,Male,0,No,Yes,6,Yes,Yes,DSL,Yes,Yes,No internet service,Yes,Yes,No internet service,month-to-month,No,bank_transfer,43.78,262.68,Yes
CUST-00535,Male,0,No,No,7,No,No phone service,DSL,Yes,No internet service,No internet service,No internet service,No,No,month-to-month,Yes,credit_card,39.36,275.49,No
CUST-00536,Male,0,No,No,64,Yes,No,No,Yes,No,No,Yes,No,No,one year,No,credit_card,9.2,588.69,No
CUST-00537,Female,1,No,Yes,11,Yes,Yes,DSL,No,No internet service,No,Yes,Yes,Yes,month-to-month,No,electronic_check,50.58,556.36,No
CUST-00538,Female,0,No,No,69,Yes,Yes,Fiber optic,Yes,No internet service,Yes,No internet service,No internet service,No,month-to-month,Yes,electronic_check,82.63,5701.14,No
CUST-00539,Female,1,Yes,No,2,Yes,Yes,DSL,Yes,Yes,No,Yes,Yes,No,one year,Yes,mailed_check,77.29,154.58,No
CUST-00540,Male,0,Yes,No,3,Yes,No,Fiber optic,No internet service,Yes,Yes,No,Yes,Yes,one year,Yes,bank_transfer,96.91,290.74,Yes
CUST-00541,Male,1,No,No,62,Yes,No,Fiber optic,Yes,No,No,No internet service,No internet service,No internet service,month-to-month,No,credit_card,88.21,5469.04,No
CUST-00542,Male,1,No,No,21,Yes,No,No,Yes,Yes,Yes,No,Yes,No,month-to-month,Yes,electronic_check,31.67,665.14,Yes
CUST-00543,Female,0,No,No,47,Yes,Yes,Fiber optic,No,Yes,Yes,Yes,No,No,month-to-month,Yes,credit_card,105.48,4957.75,No
CUST-00544,Male,0,Yes,No,34,Yes,No,DSL,Yes,No,No internet service,Yes,Yes,No internet service,month-to-month,Yes,electronic_check,53.42,1816.39,No
CUST-00545,Male,0,No,No,45,Yes,Yes,Fiber optic,No,Yes,No,Yes,No,No,month-to-month,Yes,credit_card,130.16,5857.01,No
CUST-00546,Female,0,No,No,57,Yes,No,Fiber optic,Yes,No internet service,No internet service,No,Yes,Yes,month-to-month,No,mailed_check,71.59,4080.78,No
CUST-00547,Female,0,No,No,68,Yes,No,DSL,No internet service,No internet service,Yes,No,Yes,Yes,one year,No,credit_card,58.27,3962.04,No
CUST-00548,Female,1,Yes,Yes,21,Yes,Yes,DSL,Yes,Yes,Yes,Yes,No internet service,Yes,month-to-month,No,electronic_check,83.09,1744.81,No
CUST-00549,Male,1,No,No,33,Yes,Yes,No,No,Yes,No internet service,No internet service,No,No,two year,No,electronic_check,27.67,913.21,No
CUST-00550,Female,0,Yes,No,22,Yes,No,DSL,Yes,No,No internet service,No internet service,Yes,No internet service,month-to-month,Yes,credit_card,43.01,946.32,No
CUST-00551,Female,1,Yes,No,49,Yes,No,DSL,No internet service,No,No,Yes,No internet service,No,month-to-month,Yes,mailed_check,47.23,2314.25,No
CUST-00552,Female,1,No,No,37,Yes,No,Fiber optic,Yes,No internet service,No internet service,No,No,Yes,two year,Yes,mailed_check,90.42,3345.64,No
CUST-00553,Male,1,Yes,No,1,Yes,No,DSL,No,No,Yes,No,Yes,No internet service,one year,Yes,credit_card,43.96,43.96,Yes
CUST-00554,Male,0,Yes,No,61,Yes,No,Fiber optic,No,No internet service,No,No,No internet service,No internet service,month-to-month,Yes,credit_card,82.34,5022.97,No
CUST-00555,Female,1,Yes,Yes,13,Yes,Yes,Fiber optic,Yes,No,Yes,No internet service,No,No,two year,Yes,mailed_check,98.08,1275.07,No
CUST-00556,Male,1,No,No,56,Yes,Yes,Fiber optic,Yes,Yes,Yes,No,Yes,No internet service,month-to-month,No,credit_card,89.97,5038.6,No
CUST-00557,Female,0,Yes,No,34,Yes,Yes,DSL,No,No,No,No,Yes,Yes,month-to-month,Yes,mailed_check,31.95,1086.23,No
CUST-00558,Female,0,No,No,21,Yes,Yes,Fiber optic,No,No internet service,No,No,No,No,month-to-month,Yes,mailed_check,103.34,2170.08,No
CUST-00559,Female,1,No,No,13,Yes,Yes,DSL,No,No,No,No,No,No internet service,one year,Yes,electronic_check,55.95,727.29,No
CUST-00560,Male,0,No,No,47,No,No phone service,DSL,Yes,No internet service,Yes,No,No,No internet service,month-to-month,No,credit_card,85.15,4001.82,No
CUST-00561,Male,1,No,Yes,19,Yes,No,Fiber optic,Yes,No,No internet service,No internet service,No,No internet service,month-to-month,Yes,mailed_check,121.83,2314.76,Yes
CUST-00562,Female,0,No,No,47,Yes,Yes,DSL,No internet service,Yes,No internet service,No internet service,No internet service,No internet service,two year,Yes,mailed_check,62.1,2918.76,No
CUST-00563,Male,1,No,Yes,13,No,No phone service,Fiber optic,No,No,No,No,No internet service,No,one year,Yes,electronic_check,99.3,1290.88,Yes
CUST-00564,Female,0,No,Yes,55,Yes,Yes,DSL,Yes,Yes,No,No,No internet service,Yes,one year,Yes,electronic_check,73.07,4018.65,No
CUST-00565,Female,1,No,Yes,24,Yes,No,Fiber optic,No,No internet service,No,No,Yes,Yes,one year,No,electronic_check,90.19,2164.5,No
CUST-00566,Female,1,No,No,64,Yes,No,Fiber optic,No internet service,No,Yes,Yes,No,No internet service,one year,Yes,credit_card,110.79,7090.82,No
CUST-00567,Male,0,No,No,17,Yes,Yes,Fiber optic,No internet service,No,Yes,No internet service,No internet service,No,one year,Yes,bank_transfer,95.01,1615.1,No
CUST-00568,Male,0,Yes,No,29,Yes,Yes,Fiber optic,No,No,No internet service,No internet service,No internet service,No internet service,month-to-month,Yes,credit_card,93.63,2715.3,No
CUST-00569,Female,1,Yes,Yes,52,Yes,Yes,Fiber optic,No,No,No internet service,No,No internet service,No,month-to-month,Yes,mailed_check,78.18,4065.57,No
CUST-00570,Female,0,Yes,No,55,Yes,Yes,Fiber optic,No,Yes,Yes,No internet service,No,No internet service,month-to-month,Yes,electronic_check,82.53,4539.06,No
CUST-00571,Female,1,No,No,0,Yes,No,Fiber optic,Yes,No,No,No internet service,No internet service,No internet service,two year,No,mailed_check,137.29,137.29,No
CUST-00572,Male,1,Yes,Yes,20,Yes,No,Fiber optic,No,Yes,No,No,No,No internet service,month-to-month,Yes,mailed_check,117.93,2358.67,No
CUST-00573,Male,0,Yes,Yes,24,Yes,No,Fiber optic,Yes,No internet service,Yes,No,No,No internet service,two year,Yes,electronic_check,103.87,2492.78,No
CUST-00574,Male,0,Yes,Yes,55,Yes,Yes,DSL,Yes,No,Yes,Yes,No internet service,No,two year,No,credit_card,36.04,1982.08,No
CUST-00575,Male,0,Yes,No,49,Yes,No,DSL,Yes,Yes,Yes,No internet service,No internet service,No,two year,No,bank_transfer,50.09,2454.6,No
CUST-00576,Male,1,Yes,No,18,No,No phone service,DSL,Yes,No,No,No internet service,No,No,two year,Yes,credit_card,44.23,796.13,No
CUST-00577,Female,0,No,No,20,Yes,No,Fiber optic,Yes,Yes,No internet service,No,No,No,month-to-month,No,mailed_check,100.58,2011.59,No
CUST-00578,Female,0,Yes,No,5,Yes,No,DSL,Yes,No internet service,Yes,No,No internet service,Yes,month-to-month,Yes,electronic_check,57.64,288.21,No
CUST-00579,Male,0,No,No,57,Yes,Yes,Fiber optic,No,Yes,Yes,No,No,Yes,month-to-month,Yes,credit_card,115.16,6564.16,No
CUST-00580,Female,1,No,Yes,49,Yes,No,Fiber optic,No,Yes,No,No,No internet service,Yes,month-to-month,No,mailed_check,98.56,4829.57,No
CUST-00581,Female,1,No,Yes,47,Yes,Yes,DSL,No internet service,No,Yes,No,No internet service,No internet service,month-to-month,Yes,credit_card,59.75,2808.13,No
CUST-00582,Male,1,Yes,No,21,Yes,Yes,Fiber optic,Yes,No internet service,No internet service,No,No internet service,Yes,month-to-month,No,mailed_check,115.56,2426.74,Yes
CUST-00583,Male,1,No,Yes,56,Yes,No,DSL,No,No,No internet service,No,No,No internet service,one year,Yes,electronic_check,59.48,3330.98,No
CUST-00584,Male,1,Yes,Yes,29,Yes,No,DSL,No,Yes,Yes,No,Yes,Yes,two year,Yes,mailed_check,63.36,1837.58,No
CUST-00585,Male,1,Yes,No,49,No,No phone service,Fiber optic,Yes,No internet service,Yes,No,No internet service,No,month-to-month,Yes,mailed_check,109.91,5385.79,No
CUST-00586,Male,1,No,No,55,Yes,No,No,No,No,No internet service,Yes,Yes,No internet service,month-to-month,No,electronic_check,22.53,1239.16,No
CUST-00587,Female,1,No,No,25,Yes,No,No,Yes,Yes,No internet service,Yes,Yes,No internet service,month-to-month,No,mailed_check,27.12,678.07,No
CUST-00588,Female,1,Yes,Yes,61,Yes,Yes,Fiber optic,No internet service,Yes,Yes,Yes,No internet service,No,month-to-month,No,bank_transfer,76.72,4679.82,No
CUST-00589,Male,0,No,Yes,12,Yes,No,Fiber optic,No,No,No internet service,No internet service,Yes,Yes,one year,Yes,bank_transfer,122.4,1468.77,No
CUST-00590,Male,0,No,No,50,Yes,No,Fiber optic,No,No internet service,No,No,No internet service,No,month-to-month,Yes,mailed_check,122.91,6145.46,No
CUST-00591,Female,1,No,No,13,Yes,Yes,DSL,Yes,No,Yes,No,No internet service,No,month-to-month,Yes,mailed_check,35.34,459.44,Yes
CUST-00592,Male,0,Yes,No,62,Yes,No,Fiber optic,Yes,No internet service,No internet service,Yes,No,Yes,month-to-month,No,mailed_check,128.36,7958.63,No
CUST-00593,Male,0,No,No,44,Yes,Yes,No,Yes,No internet service,No,No internet service,No,No,two year,Yes,electronic_check,43.13,1897.87,No
CUST-00594,Male,0,Yes,Yes,26,Yes,No,Fiber optic,No,No,No internet service,No,No,No internet service,one year,No,electronic_check,98.91,2571.79,Yes
CUST-00595,Female,1,Yes,Yes,16,Yes,No,DSL,No,Yes,Yes,Yes,No,No internet service,month-to-month,No,credit_card,78.45,1255.17,Yes
CUST-00596,Female,1,Yes,No,13,Yes,No,DSL,No,No,Yes,No,Yes,No,month-to-month,No,electronic_check,50.76,659.93,Yes
CUST-00597,Male,0,Yes,Yes,38,Yes,No,DSL,No internet service,No internet service,Yes,Yes,Yes,Yes,month-to-month,No,electronic_check,82.8,3146.47,No
CUST-00598,Female,1,Yes,No,39,Yes,No,DSL,No,No,Yes,No,No internet service,Yes,month-to-month,Yes,mailed_check,53.4,2082.68,No
CUST-00599,Male,0,Yes,No,71,Yes,Yes,Fiber optic,No,Yes,No internet service,No,No internet service,No,month-to-month,Yes,electronic_check,99.73,7081.08,No
CUST-00600,Female,1,No,Yes,67,Yes,Yes,Fiber optic,No,Yes,No internet service,Yes,No,Yes,month-to-month,Yes,electronic_check,90.99,6096.45,No
CUST-00601,Male,1,No,No,41,Yes,No,Fiber optic,No internet service,No internet service,Yes,Yes,No,No,month-to-month,Yes,electronic_check,88.62,3633.28,No
CUST-00602,Female,1,Yes,Yes,70,Yes,Yes,No,No,No,No internet service,No,No,No internet service,month-to-month,No,electronic_check,24.28,1699.26,No
CUST-00603,Female,0,No,No,7,Yes,Yes,DSL,Yes,No,No,No internet service,No,No internet service,one year,No,electronic_check,53.64,375.46,No
CUST-00604,Male,1,Yes,No,58,Yes,No,Fiber optic,No,No internet service,No,No internet service,No,Yes,one year,Yes,credit_card,117.58,6819.92,No
CUST-00605,Female,1,No,Yes,55,Yes,No,Fiber optic,Yes,No internet service,No,No internet service,No internet service,No,month-to-month,Yes,bank_transfer,108.46,5965.03,No
CUST-00606,Male,0,Yes,No,41,Yes,Yes,Fiber optic,Yes,No internet service,Yes,No,Yes,No,month-to-month,Yes,credit_card,106.83,4379.98,No
CUST-00607,Female,0,Yes,No,8,Yes,Yes,DSL,Yes,No,No,Yes,Yes,No,two year,Yes,bank_transfer,90.61,724.9,No
CUST-00608,Male,0,No,No,38,Yes,Yes,DSL,Yes,No,No internet service,No,No internet service,No internet service,two year,Yes,electronic_check,46.65,1772.75,No
CUST-00609,Male,0,No,No,4,Yes,Yes,Fiber optic,Yes,Yes,No,No internet service,No,Yes,one year,Yes,electronic_check,111.53,446.11,No
CUST-00610,Female,0,Yes,Yes,15,Yes,No,No,No internet service,No internet service,No internet service,No,No internet service,No,month-to-month,No,bank_transfer,0.77,11.57,No
CUST-00611,Female,1,No,No,68,Yes,Yes,DSL,Yes,Yes,No,No,No internet service,No,two year,Yes,credit_card,74.01,5032.47,No
CUST-00612,Male,1,Yes,Yes,10,Yes,Yes,Fiber optic,No,No internet service,Yes,No internet service,No,No,one year,Yes,bank_transfer,86.81,868.06,Yes
CUST-00613,Male,0,No,No,3,Yes,Yes,Fiber optic,Yes,No,No,No internet service,No,Yes,month-to-month,Yes,mailed_check,99.11,297.32,Yes
CUST-00614,Male,1,No,No,39,Yes,Yes,No,Yes,No,Yes,No,Yes,No,month-to-month,No,electronic_check,31.37,1223.25,No
CUST-00615,Female,0,No,No,72,Yes,Yes,DSL,No,No internet service,Yes,Yes,No,No,two year,No,credit_card,88.35,6361.45,No
CUST-00616,Male,1,No,No,36,Yes,No,Fiber optic,No internet service,Yes,Yes,No,No internet service,Yes,one year,No,bank_transfer,109.48,3941.13,No
CUST-00617,Male,0,No,No,57,Yes,No,DSL,No internet service,No internet service,No internet service,No,Yes,No internet service,month-to-month,Yes,electronic_check,76.5,4360.3,No
CUST-00618,Male,1,Yes,No,7,Yes,Yes,Fiber optic,No internet service,No internet service,Yes,No internet service,No internet service,No internet service,one year,Yes,bank_transfer,71.11,497.75,No
CUST-00619,Male,1,No,No,40,Yes,No,DSL,Yes,Yes,No internet service,Yes,No,Yes,month-to-month,Yes,mailed_check,37.56,1502.43,No
CUST-00620,Female,0,No,No,46,Yes,Yes,Fiber optic,No,No,Yes,No,Yes,No internet service,one year,Yes,bank_transfer,110.83,5098.27,No
CUST-00621,Female,1,No,No,32,Yes,Yes,DSL,Yes,Yes,No,Yes,No,No internet service,month-to-month,No,bank_transfer,74.04,2369.3,No
CUST-00622,Female,0,Yes,No,35,Yes,Yes,DSL,No internet service,Yes,No,Yes,No,No,month-to-month,Yes,electronic_check,47.45,1660.59,No
CUST-00623,Female,0,Yes,No,11,Yes,No,DSL,No,No,No internet service,No,No,No,two year,No,mailed_check,64.6,710.58,No
CUST-00624,Male,1,Yes,No,35,Yes,No,DSL,No,Yes,No,Yes,No,Yes,month-to-month,Yes,mailed_check,45.71,1599.73,No
CUST-00625,Female,0,No,Yes,7,Yes,No,Fiber optic,Yes,No internet service,Yes,No,Yes,Yes,month-to-month,Yes,credit_card,137.19,960.35,No
CUST-00626,Female,0,Yes,No,44,Yes,No,DSL,Yes,Yes,No internet service,No,No internet service,No internet service,one year,No,credit_card,77.44,3407.24,No
CUST-00627,Female,0,Yes,No,48,Yes,Yes,DSL,No,No internet service,No,No,Yes,Yes,month-to-month,No,electronic_check,34.86,1673.41,No
CUST-00628,Male,0,Yes,Yes,15,Yes,No,DSL,Yes,Yes,Yes,No internet service,No,No internet service,month-to-month,Yes,mailed_check,47.15,707.24,No
CUST-00629,Female,1,Yes,No,65,Yes,No,Fiber optic,Yes,No internet service,Yes,Yes,Yes,No internet service,month-to-month,No,electronic_check,102.64,6671.8,No
CUST-00630,Male,0,No,No,60,No,No phone service,Fiber optic,No,No internet service,No internet service,No,No,No internet service,month-to-month,Yes,electronic_check,72.42,4345.24,No
CUST-00631,Male,0,No,Yes,53,Yes,Yes,DSL,No internet service,No,Yes,Yes,No,No,month-to-month,Yes,electronic_check,50.19,2660.2,No
CUST-00632,Female,0,Yes,No,71,Yes,Yes,No,No,No,No internet service,No internet service,Yes,No,month-to-month,No,bank_transfer,32.31,2294.15,No
CUST-00633,Female,1,No,No,10,Yes,No,DSL,No internet service,Yes,No internet service,No,No,No,month-to-month,Yes,mailed_check,37.81,378.09,No
CUST-00634,Male,0,No,No,25,Yes,No,Fiber optic,No,No internet service,Yes,Yes,No,Yes,one year,Yes,electronic_check,70.86,1771.38,No
CUST-00635,Female,1,No,Yes,45,Yes,No,No,No,Yes,No internet service,Yes,No,No,month-to-month,Yes,credit_card,1.26,56.61,No
CUST-00636,Female,1,No,No,10,Yes,No,DSL,Yes,No,No internet service,No,No internet service,No,two year,Yes,mailed_check,55.04,550.39,No
CUST-00637,Female,1,No,No,21,Yes,No,DSL,Yes,Yes,Yes,No,Yes,No,month-to-month,No,credit_card,63.83,1340.35,No
CUST-00638,Male,1,Yes,No,56,Yes,Yes,No,No,Yes,No internet service,Yes,Yes,No,one year,Yes,credit_card,11.76,658.8,No
CUST-00639,Female,1,Yes,No,31,No,No phone service,DSL,No,No,No,No,Yes,No internet service,month-to-month,No,electronic_check,51.01,1581.23,Yes
CUST-00640,Female,1,No,No,15,Yes,No,DSL,No internet service,No internet service,No internet service,No,Yes,Yes,month-to-month,Yes,credit_card,22.63,339.5,No
CUST-00641,Female,1,No,Yes,52,Yes,Yes,DSL,No,No internet service,No internet service,Yes,No internet service,No internet service,month-to-month,No,electronic_check,40.24,2092.27,No
CUST-00642,Female,1,No,No,1,Yes,Yes,Fiber optic,Yes,Yes,No internet service,Yes,No,No,month-to-month,Yes,credit_card,69.38,69.38,Yes
CUST-00643,Female,0,No,Yes,57,Yes,No,Fiber optic,Yes,Yes,No internet service,No,Yes,No,month-to-month,Yes,electronic_check,89.26,5087.92,No
CUST-00644,Female,0,Yes,No,17,No,No phone service,No,No,No internet service,No,No,No,No,two year,Yes,mailed_check,29.27,497.52,No
CUST-00645,Male,0,Yes,No,70,Yes,No,DSL,No,No,Yes,No,Yes,No internet service,one year,Yes,electronic_check,44.79,3134.99,No
CUST-00646,Female,0,No,Yes,2,Yes,No,Fiber optic,Yes,No,No,No,No,No internet service,month-to-month,No,electronic_check,100.12,200.24,Yes
CUST-00647,Male,1,No,No,28,Yes,Yes,DSL,No,No,No,No,No,Yes,month-to-month,No,mailed_check,35.34,989.51,No
CUST-00648,Female,0,Yes,No,67,Yes,Yes,Fiber optic,No,Yes,No,No,No,No internet service,month-to-month,Yes,mailed_check,94.79,6350.79,No
CUST-00649,Female,1,No,No,39,Yes,No,DSL,No internet service,No internet service,Yes,No internet service,Yes,No internet service,month-to-month,Yes,electronic_check,53.6,2090.59,No
CUST-00650,Female,0,No,Yes,11,Yes,Yes,Fiber optic,No,No internet service,No internet service,No internet service,Yes,Yes,month-to-month,No,bank_transfer,113.51,1248.59,Yes
CUST-00651,Female,0,No,No,36,Yes,Yes,Fiber optic,No,No internet service,No internet service,No,No,Yes,one year,No,electronic_check,86.22,3104.06,No
CUST-00652,Female,1,Yes,No,16,Yes,No,No,No internet service,No,No,No,Yes,No,month-to-month,Yes,bank_transfer,24.78,396.45,Yes
CUST-00653,Female,1,Yes,Yes,7,Yes,No,DSL,No internet service,Yes,No internet service,No,No,No internet service,one year,No,mailed_check,61.69,431.8,No
CUST-00654,Male,1,No,Yes,63,Yes,Yes,Fiber optic,Yes,Yes,No internet service,Yes,Yes,No internet service,month-to-month,Yes,credit_card,91.87,5787.83,No
CUST-00655,Male,0,Yes,Yes,32,Yes,No,Fiber optic,No internet service,No,No,Yes,No,No,month-to-month,No,credit_card,90.37,2891.75,No
CUST-00656,Male,0,No,No,27,Yes,No,Fiber optic,No,No,Yes,Yes,Yes,Yes,month-to-month,No,credit_card,88.36,2385.76,Yes
CUST-00657,Male,1,Yes,Yes,40,Yes,Yes,DSL,No,Yes,Yes,No internet service,No,Yes,month-to-month,Yes,bank_transfer,47.52,1900.64,No
CUST-00658,Male,0,Yes,No,13,No,No phone service,Fiber optic,Yes,No,Yes,No,No internet service,No internet service,month-to-month,No,mailed_check,88.1,1145.35,No
CUST-00659,Male,0,No,No,46,Yes,No,Fiber optic,No,No,No internet service,No,No internet service,No internet service,month-to-month,Yes,credit_card,79.25,3645.68,No
CUST-00660,Male,0,Yes,No,69,Yes,No,Fiber optic,Yes,No,No,No,No,No,month-to-month,Yes,credit_card,105.33,7267.61,No
CUST-00661,Female,0,No,No,30,Yes,No,No,No internet service,No internet service,Yes,No internet service,No internet service,No,month-to-month,Yes,mailed_check,10.16,304.86,No
CUST-00662,Female,0,No,Yes,11,Yes,Yes,Fiber optic,No,No,Yes,Yes,No,No,month-to-month,No,mailed_check,105.09,1155.99,Yes
CUST-00663,Female,1,No,Yes,23,Yes,Yes,Fiber optic,No,No,No,No,Yes,Yes,month-to-month,Yes,credit_card,114.46,2632.47,No
CUST-00664,Female,0,No,Yes,22,Yes,No,Fiber optic,No internet service,Yes,No,No,Yes,No,month-to-month,Yes,bank_transfer,124.9,2747.82,No
CUST-00665,Male,0,Yes,No,8,Yes,No,No,No internet service,Yes,No internet service,No,No,No internet service,one year,No,credit_card,14.22,113.73,No
CUST-00666,Male,1,No,No,11,Yes,No,DSL,No internet service,No internet service,No,Yes,No internet service,No internet service,month-to-month,No,electronic_check,28.19,310.1,No
CUST-00667,Male,1,No,No,45,Yes,No,Fiber optic,No,No,No,No,Yes,No internet service,month-to-month,Yes,bank_transfer,91.12,4100.62,No
CUST-00668,Male,0,Yes,No,68,No,No phone service,DSL,No,No internet service,No,No,No,No internet service,one year,Yes,bank_transfer,78.0,5304.3,No
CUST-00669,Male,0,No,No,35,Yes,No,Fiber optic,No internet service,No internet service,No internet service,No,Yes,No,month-to-month,No,electronic_check,136.27,4769.31,No
CUST-00670,Male,0,No,Yes,68,Yes,No,DSL,Yes,No,Yes,No internet service,Yes,No internet service,two year,No,mailed_check,65.5,4453.75,No
CUST-00671,Female,1,Yes,No,58,No,No phone service,Fiber optic,Yes,No,No,No,Yes,Yes,two year,Yes,mailed_check,92.78,5381.31,No
CUST-00672,Female,1,No,No,61,Yes,Yes,Fiber optic,No,No internet service,No internet service,No internet service,No,No,month-to-month,Yes,credit_card,97.44,5944.02,No
CUST-00673,Female,1,No,No,70,Yes,No,Fiber optic,No,Yes,No,No,No,No internet service,month-to-month,Yes,mailed_check,100.58,7040.71,No
CUST-00674,Male,1,No,No,53,Yes,No,DSL,No internet service,No,Yes,No,No,Yes,two year,Yes,credit_card,81.6,4324.68,No
CUST-00675,Female,0,No,No,22,No,No phone service,DSL,No,No,No,No,No,No,month-to-month,Yes,bank_transfer,63.44,1395.6,No
CUST-00676,Female,1,Yes,No,52,Yes,Yes,DSL,No internet service,Yes,No internet service,No,Yes,Yes,month-to-month,No,mailed_check,65.91,3427.25,No
CUST-00677,Male,0,Yes,No,47,Yes,No,Fiber optic,Yes,No,Yes,No,Yes,No,two year,Yes,mailed_check,99.33,4668.29,No
CUST-00678,Female,1,No,No,29,No,No phone service,No,No internet service,No,No,No internet service,Yes,No internet service,one year,Yes,electronic_check,7.33,212.44,No
CUST-00679,Male,0,No,Yes,1,Yes,No,Fiber optic,No,No internet service,No internet service,No internet service,No internet service,No internet service,one year,Yes,bank_transfer,92.14,92.14,No
CUST-00680,Female,1,Yes,No,32,Yes,No,Fiber optic,No,No internet service,No,Yes,No,No internet service,one year,Yes,credit_card,118.31,3785.84,No
CUST-00681,Female,0,No,No,40,Yes,No,No,No internet service,Yes,No,No internet service,No,No,month-to-month,No,credit_card,8.25,329.81,No
CUST-00682,Male,0,No,No,52,Yes,No,Fiber optic,No internet service,Yes,No,No,No internet service,No internet service,two year,Yes,electronic_check,140.66,7314.44,No
CUST-00683,Male,0,Yes,No,23,No,No phone service,DSL,No internet service,No,No,Yes,Yes,Yes,two year,No,electronic_check,49.15,1130.44,No
CUST-00684,Male,0,No,No,68,Yes,No,Fiber optic,Yes,No,No,No internet service,No,No,month-to-month,Yes,electronic_check,92.4,6283.32,No
CUST-00685,Female,0,Yes,No,52,Yes,No,Fiber optic,No,Yes,No,No,No,Yes,one year,No,credit_card,106.69,5547.92,No
CUST-00686,Female,0,Yes,No,72,Yes,Yes,Fiber optic,Yes,No,Yes,No,No internet service,No,one year,No,credit_card,74.52,5365.27,No
CUST-00687,Male,1,Yes,No,63,Yes,Yes,No,No internet service,No,No,No,No,No internet service,month-to-month,Yes,electronic_check,27.77,1749.65,No
CUST-00688,Male,0,No,No,69,Yes,Yes,Fiber optic,No,No,No,No,No,No,month-to-month,Yes,electronic_check,92.71,6397.14,No
CUST-00689,Female,1,No,Yes,31,Yes,No,Fiber optic,No,Yes,Yes,No internet service,No,Yes,month-to-month,No,electronic_check,117.65,3647.28,No
CUST-00690,Male,1,No,No,10,No,No phone service,No,No,No,No,No internet service,Yes,Yes,two year,No,electronic_check,43.33,433.3,No
CUST-00691,Male,1,No,Yes,20,Yes,No,DSL,Yes,No internet service,No internet service,No internet service,No internet service,No,month-to-month,No,electronic_check,53.1,1062.08,No
CUST-00692,Female,0,Yes,Yes,14,Yes,Yes,Fiber optic,No internet service,No,No,No internet service,Yes,No,month-to-month,Yes,bank_transfer,69.18,968.46,No
CUST-00693,Male,1,Yes,No,35,Yes,No,Fiber optic,Yes,No,Yes,Yes,No,No,month-to-month,No,electronic_check,74.16,2595.46,No
CUST-00694,Male,1,Yes,No,50,Yes,No,Fiber optic,No,No,No,No,Yes,No internet service,one year,No,bank_transfer,100.74,5036.86,No
CUST-00695,Female,1,No,Yes,35,Yes,Yes,DSL,No,No internet service,No,No internet service,Yes,No,month-to-month,No,electronic_check,55.37,1938.03,No
CUST-00696,Male,0,Yes,No,32,Yes,No,Fiber optic,No,No internet service,No,No,No internet service,Yes,month-to-month,No,credit_card,95.88,3068.07,No
CUST-00697,Male,1,Yes,No,66,Yes,No,No,No,No,Yes,No internet service,No internet service,No,two year,No,bank_transfer,19.68,1299.09,No
CUST-00698,Female,1,No,No,48,Yes,No,DSL,No internet service,Yes,No,No,Yes,Yes,month-to-month,Yes,credit_card,56.18,2696.41,No
CUST-00699,Female,1,No,No,58,Yes,No,DSL,No internet service,No internet service,No,No,Yes,Yes,month-to-month,No,electronic_check,63.36,3674.69,No
CUST-00700,Female,0,No,No,5,Yes,No,DSL,No internet service,Yes,No,No,No internet service,No internet service,month-to-month,No,electronic_check,59.91,299.56,Yes
CUST-00701,Male,1,No,No,17,Yes,No,Fiber optic,No internet service,Yes,No,No,Yes,No internet service,month-to-month,Yes,credit_card,94.13,1600.14,No
CUST-00702,Male,1,No,No,24,No,No phone service,DSL,No internet service,No,Yes,Yes,No internet service,No internet service,one year,Yes,bank_transfer,41.32,991.64,No
CUST-00703,Female,1,No,No,39,Yes,Yes,Fiber optic,No,Yes,No,No,Yes,Yes,one year,No,credit_card,102.61,4001.95,No
CUST-00704,Female,1,Yes,Yes,72,Yes,Yes,DSL,No,Yes,No,No,No internet service,Yes,month-to-month,Yes,mailed_check,53.4,3844.46,No
CUST-00705,Female,0,No,No,34,No,No phone service,Fiber optic,Yes,No internet service,Yes,No internet service,No internet service,Yes,month-to-month,No,electronic_check,127.83,4346.34,No
CUST-00706,Female,0,No,Yes,67,Yes,Yes,No,No,No internet service,Yes,No,Yes,No,month-to-month,No,electronic_check,19.25,1289.95,No
CUST-00707,Male,1,No,No,66,Yes,Yes,Fiber optic,Yes,Yes,No internet service,No,Yes,No internet service,month-to-month,Yes,bank_transfer,68.18,4500.17,No
CUST-00708,Male,0,Yes,No,69,Yes,No,Fiber optic,No internet service,No internet service,Yes,No internet service,Yes,No,month-to-month,Yes,credit_card,118.98,8209.7,No
CUST-00709,Male,1,Yes,No,20,Yes,Yes,Fiber optic,Yes,No internet service,Yes,No,No,No,month-to-month,No,bank_transfer,92.03,1840.67,No
CUST-00710,Female,0,Yes,No,60,Yes,No,DSL,No,Yes,No internet service,No,Yes,No,month-to-month,Yes,bank_transfer,57.34,3440.44,No
CUST-00711,Female,1,Yes,No,13,Yes,Yes,Fiber optic,No internet service,No internet service,No,No,Yes,No,one year,Yes,credit_card,83.49,1085.37,No
CUST-00712,Female,0,Yes,No,0,Yes,No,Fiber optic,No,No,No,No,Yes,Yes,two year,Yes,mailed_check,110.58,110.58,No
CUST-00713,Female,0,Yes,No,64,Yes,Yes,DSL,No,No,Yes,Yes,No,Yes,one year,No,bank_transfer,39.34,2517.47,No
CUST-00714,Female,0,No,No,12,Yes,Yes,DSL,No,No internet service,No,Yes,No internet service,Yes,month-to-month,No,mailed_check,37.97,455.65,No
CUST-00715,Male,1,No,No,42,Yes,No,Fiber optic,No internet service,Yes,Yes,Yes,No,No internet service,month-to-month,Yes,mailed_check,92.42,3881.59,No
CUST-00716,Male,1,Yes,No,12,Yes,Yes,DSL,Yes,No internet service,No,No,No internet service,No,month-to-month,Yes,mailed_check,58.33,699.95,No
CUST-00717,Female,1,No,Yes,2,Yes,Yes,Fiber optic,No internet service,Yes,No,No internet service,No,Yes,month-to-month,No,credit_card,96.32,192.64,Yes
CUST-00718,Female,0,Yes,Yes,1,Yes,No,DSL,No,No internet service,Yes,Yes,Yes,Yes,month-to-month,No,mailed_check,43.54,43.54,Yes
CUST-00719,Female,1,Yes,No,24,Yes,No,Fiber optic,No internet service,No,Yes,No internet service,No internet service,No,one year,No,credit_card,93.97,2255.27,No
CUST-00720,Male,0,No,No,52,Yes,No,DSL,Yes,No,No internet service,No,Yes,No,two year,No,bank_transfer,83.08,4319.96,No
CUST-00721,Male,0,No,No,47,Yes,Yes,DSL,No internet service,No,No internet service,No internet service,Yes,No,month-to-month,No,credit_card,54.18,2546.31,No
CUST-00722,Male,0,No,Yes,23,Yes,Yes,Fiber optic,No,No,No internet service,Yes,No,No,two year,No,mailed_check,88.94,2045.51,No
CUST-00723,Male,1,No,No,31,Yes,Yes,Fiber optic,No internet service,No internet service,Yes,No,Yes,No internet service,two year,Yes,credit_card,130.62,4049.29,No
CUST-00724,Female,0,Yes,No,61,Yes,Yes,Fiber optic,Yes,No,No,No,Yes,No internet service,one year,Yes,bank_transfer,115.0,7014.82,No
CUST-00725,Male,0,No,Yes,12,Yes,No,Fiber optic,No,No internet service,No internet service,Yes,No,Yes,one year,No,mailed_check,130.14,1561.7,No
CUST-00726,Male,0,No,Yes,50,Yes,No,DSL,No internet service,No,No,No,Yes,Yes,month-to-month,No,electronic_check,58.07,2903.43,No
CUST-00727,Female,0,Yes,No,28,Yes,No,No,No internet service,Yes,No,No internet service,No,No,one year,No,credit_card,19.32,541.07,No
CUST-00728,Male,0,Yes,No,14,Yes,Yes,DSL,No,No internet service,Yes,No internet service,Yes,Yes,month-to-month,Yes,electronic_check,48.88,684.28,No
CUST-00729,Male,1,Yes,No,48,Yes,Yes,Fiber optic,No internet service,No internet service,Yes,Yes,No,Yes,month-to-month,Yes,electronic_check,131.46,6310.06,Yes
CUST-00730,Male,1,No,Yes,23,Yes,Yes,Fiber optic,No,No,No internet service,Yes,No,Yes,one year,No,bank_transfer,78.64,1808.81,No
CUST-00731,Female,1,No,No,45,Yes,No,Fiber optic,No,No internet service,Yes,No,No internet service,Yes,one year,No,credit_card,111.02,4995.77,No
CUST-00732,Male,0,Yes,Yes,2,Yes,No,No,Yes,No,No internet service,No,Yes,Yes,two year,Yes,electronic_check,49.08,98.17,Yes
CUST-00733,Female,1,No,Yes,51,Yes,No,DSL,No internet service,No internet service,Yes,Yes,No internet service,Yes,month-to-month,No,electronic_check,49.77,2538.23,No
CUST-00734,Male,1,Yes,No,71,No,No phone service,Fiber optic,Yes,Yes,No internet service,Yes,Yes,No,month-to-month,Yes,electronic_check,60.85,4320.51,No
CUST-00735,Female,1,No,No,4,Yes,Yes,DSL,Yes,No internet service,No,No,Yes,No,one year,Yes,mailed_check,82.99,331.97,No
CUST-00736,Male,1,No,No,31,Yes,Yes,DSL,No,No,No,No,Yes,No,one year,No,credit_card,74.42,2307.07,No
CUST-00737,Female,1,No,No,11,Yes,No,DSL,Yes,Yes,No internet service,Yes,No internet service,No,month-to-month,No,credit_card,46.65,513.14,No
CUST-00738,Female,0,Yes,Yes,20,Yes,No,DSL,No,Yes,No,No,No internet service,No,two year,Yes,credit_card,58.04,1160.82,No
CUST-00739,Male,1,Yes,No,22,Yes,No,DSL,No internet service,No internet service,No internet service,Yes,Yes,No,two year,No,electronic_check,94.31,2074.91,No
CUST-00740,Male,0,No,No,12,Yes,Yes,Fiber optic,No,No internet service,No internet service,Yes,No,No,month-to-month,Yes,credit_card,72.35,868.15,No
CUST-00741,Female,1,No,Yes,36,Yes,No,DSL,Yes,No internet service,No internet service,No,No,No,one year,No,electronic_check,90.86,3270.78,No
CUST-00742,Female,0,No,No,13,Yes,Yes,DSL,No,No,No internet service,Yes,No,Yes,one year,Yes,electronic_check,68.07,884.95,No
CUST-00743,Male,0,Yes,No,2,Yes,No,DSL,No internet service,No,No,Yes,No,No internet service,month-to-month,Yes,electronic_check,63.85,127.71,No
CUST-00744,Male,1,No,No,1,No,No phone service,Fiber optic,Yes,No internet service,Yes,No,No,Yes,month-to-month,No,mailed_check,134.55,134.55,Yes
CUST-00745,Female,0,Yes,No,53,No,No phone service,Fiber optic,No internet service,No,No,Yes,No,No internet service,month-to-month,Yes,bank_transfer,104.3,5527.82,No
CUST-00746,Male,1,Yes,No,29,Yes,No,Fiber optic,Yes,No internet service,No,No internet service,No,No internet service,month-to-month,No,bank_transfer,108.2,3137.87,No
CUST-00747,Female,1,Yes,Yes,58,Yes,Yes,DSL,Yes,No,Yes,No internet service,No,Yes,month-to-month,Yes,credit_card,53.4,3096.96,No
CUST-00748,Male,0,No,Yes,37,Yes,No,Fiber optic,Yes,No,Yes,No,No,Yes,two year,Yes,electronic_check,65.58,2426.63,No
CUST-00749,Male,1,Yes,No,50,Yes,No,Fiber optic,No internet service,No,No,No internet service,Yes,No,month-to-month,Yes,bank_transfer,61.44,3071.96,No
CUST-00750,Male,1,Yes,Yes,56,No,No phone service,DSL,No,No,Yes,No internet service,Yes,No,one year,No,bank_transfer,71.94,4028.91,No
CUST-00751,Female,1,No,No,23,Yes,No,Fiber optic,No,Yes,No internet service,No,No internet service,Yes,month-to-month,Yes,bank_transfer,119.51,2748.64,No
CUST-00752,Female,1,Yes,Yes,15,Yes,No,Fiber optic,No internet service,No,Yes,No internet service,Yes,Yes,month-to-month,Yes,mailed_check,111.8,1677.03,Yes
CUST-00753,Female,1,Yes,No,1,No,No phone service,Fiber optic,No internet service,No,Yes,No internet service,No,No,two year,No,electronic_check,134.86,134.86,No
CUST-00754,Male,0,No,No,70,Yes,No,DSL,No internet service,No,No,Yes,No,No internet service,month-to-month,No,credit_card,73.82,5167.73,No
CUST-00755,Female,1,No,No,56,Yes,No,DSL,No,Yes,No internet service,No,No,No,two year,Yes,electronic_check,59.83,3350.76,No
CUST-00756,Male,1,No,No,40,Yes,No,Fiber optic,No internet service,No internet service,Yes,No,Yes,No,month-to-month,No,mailed_check,74.34,2973.66,No
CUST-00757,Male,0,Yes,No,13,Yes,No,Fiber optic,No internet service,No internet service,No internet service,No internet service,Yes,No,two year,No,electronic_check,81.92,1064.96,No
CUST-00758,Female,0,Yes,Yes,72,No,No phone service,Fiber optic,No,No,No,No internet service,Yes,No internet service,month-to-month,Yes,bank_transfer,78.58,5657.85,No
CUST-00759,Female,0,Yes,No,1,Yes,Yes,DSL,No,No internet service,No,Yes,No internet service,Yes,month-to-month,No,bank_transfer,65.65,65.65,No
CUST-00760,Male,0,No,No,52,Yes,No,Fiber optic,No,Yes,No internet service,No,No internet service,No internet service,two year,No,electronic_check,95.33,4957.09,No
CUST-00761,Male,0,Yes,No,11,Yes,Yes,No,No internet service,Yes,No internet service,Yes,No,No internet service,one year,No,credit_card,7.61,83.74,No
CUST-00762,Male,1,Yes,No,34,Yes,No,No,No,No,No,No internet service,No internet service,Yes,two year,Yes,bank_transfer,47.42,1612.23,No
CUST-00763,Male,1,No,Yes,69,Yes,No,Fiber optic,No,No internet service,Yes,No internet service,Yes,Yes,month-to-month,No,electronic_check,81.11,5596.81,No
CUST-00764,Male,0,No,No,68,Yes,Yes,Fiber optic,Yes,No internet service,No,No internet service,Yes,No,month-to-month,No,electronic_check,80.74,5490.42,No
CUST-00765,Male,0,No,No,5,Yes,No,Fiber optic,No,Yes,Yes,No internet service,No,No,month-to-month,No,electronic_check,88.52,442.61,Yes
CUST-00766,Male,0,No,No,31,Yes,Yes,Fiber optic,No internet service,Yes,No internet service,Yes,Yes,No internet service,month-to-month,Yes,bank_transfer,89.62,2778.37,No
CUST-00767,Female,1,No,No,39,Yes,No,DSL,No,No,Yes,Yes,Yes,No internet service,month-to-month,No,mailed_check,77.96,3040.3,No
CUST-00768,Female,1,No,Yes,24,Yes,No,Fiber optic,No internet service,No internet service,No,No internet service,No internet service,No internet service,month-to-month,No,electronic_check,106.1,2546.47,Yes
CUST-00769,Female,1,Yes,Yes,51,Yes,Yes,Fiber optic,No internet service,No,No,No,No internet service,No internet service,one year,No,mailed_check,139.29,7103.62,No
CUST-00770,Female,1,No,No,35,Yes,No,No,No,No internet service,Yes,No internet service,Yes,Yes,month-to-month,Yes,bank_transfer,19.68,688.82,No
CUST-00771,Female,0,No,No,13,Yes,Yes,Fiber optic,Yes,No,Yes,No,No internet service,Yes,month-to-month,Yes,bank_transfer,103.96,1351.53,No
CUST-00772,Female,0,Yes,No,55,Yes,No,DSL,No internet service,No internet service,No internet service,No,No internet service,No internet service,two year,Yes,electronic_check,58.58,3221.85,No
CUST-00773,Female,1,No,No,18,Yes,No,DSL,No,No,No,Yes,No internet service,No,month-to-month,Yes,electronic_check,62.32,1121.82,Yes
CUST-00774,Male,1,Yes,Yes,46,Yes,Yes,Fiber optic,Yes,Yes,Yes,Yes,No,No,one year,Yes,credit_card,82.05,3774.48,No
CUST-00775,Male,0,No,No,5,Yes,Yes,Fiber optic,Yes,No,Yes,No internet service,No internet service,No,month-to-month,No,bank_transfer,138.63,693.13,No
CUST-00776,Female,0,No,Yes,2,Yes,Yes,No,Yes,Yes,No internet service,No internet service,No,No,two year,Yes,electronic_check,24.39,48.79,No
CUST-00777,Male,0,No,Yes,9,Yes,No,DSL,No internet service,No,Yes,Yes,No internet service,No,month-to-month,No,mailed_check,40.11,361.0,No
CUST-00778,Male,1,No,Yes,56,Yes,No,Fiber optic,No internet service,Yes,No,No internet service,Yes,No internet service,one year,Yes,credit_card,85.77,4803.15,No
CUST-00779,Male,1,No,Yes,10,Yes,Yes,Fiber optic,No internet service,No,Yes,Yes,Yes,No,two year,Yes,electronic_check,117.13,1171.26,No
CUST-00780,Female,0,Yes,No,28,Yes,Yes,Fiber optic,Yes,Yes,Yes,No internet service,No,Yes,two year,No,credit_card,104.29,2919.99,No
CUST-00781,Male,1,Yes,No,72,Yes,No,DSL,Yes,No internet service,Yes,No,Yes,No internet service,two year,Yes,mailed_check,77.75,5597.72,No
CUST-00782,Female,1,Yes,No,47,No,No phone service,Fiber optic,No internet service,No,No,No,No internet service,No,month-to-month,Yes,bank_transfer,109.93,5166.73,No
CUST-00783,Female,1,Yes,Yes,70,Yes,Yes,DSL,No internet service,No,Yes,No,No,No,one year,Yes,bank_transfer,60.47,4233.24,No
CUST-00784,Female,1,No,No,54,Yes,No,DSL,No,No internet service,Yes,No,No internet service,No,one year,Yes,electronic_check,62.92,3397.74,No
CUST-00785,Female,0,No,Yes,29,Yes,No,DSL,No,Yes,No,No internet service,No,No internet service,month-to-month,Yes,credit_card,40.77,1182.38,No
CUST-00786,Male,1,Yes,No,6,No,No phone service,DSL,No,No,No,No internet service,Yes,No internet service,month-to-month,Yes,mailed_check,52.25,313.49,No
CUST-00787,Female,0,Yes,No,11,Yes,No,DSL,No,Yes,No internet service,No internet service,No,No,month-to-month,No,credit_card,53.7,590.75,No
CUST-00788,Male,0,Yes,No,38,Yes,Yes,DSL,No,No,Yes,No internet service,Yes,No internet service,month-to-month,Yes,credit_card,24.58,934.1,No
CUST-00789,Female,0,No,No,51,Yes,Yes,Fiber optic,No,Yes,No internet service,Yes,Yes,No,one year,No,mailed_check,75.64,3857.39,No
CUST-00790,Female,1,No,No,57,No,No phone service,No,No internet service,No internet service,No,Yes,No internet service,No internet service,one year,No,mailed_check,35.52,2024.45,No
CUST-00791,Female,0,No,Yes,34,Yes,Yes,Fiber optic,Yes,No internet service,No,No internet service,Yes,Yes,two year,Yes,bank_transfer,106.26,3612.73,No
CUST-00792,Female,0,No,Yes,18,Yes,No,DSL,No,No,Yes,Yes,Yes,Yes,month-to-month,Yes,mailed_check,49.38,888.82,No
CUST-00793,Female,0,No,No,11,Yes,No,Fiber optic,No internet service,No internet service,No,No,No,Yes,month-to-month,Yes,mailed_check,101.78,1119.6,Yes
CUST-00794,Female,0,Yes,Yes,41,Yes,No,Fiber optic,No,No internet service,No,Yes,No,No internet service,one year,Yes,electronic_check,121.22,4969.88,No
CUST-00795,Male,0,No,No,45,Yes,Yes,Fiber optic,Yes,No internet service,No internet service,No internet service,No,No internet service,one year,No,bank_transfer,93.61,4212.46,No
CUST-00796,Male,0,Yes,No,28,Yes,No,Fiber optic,Yes,No internet service,Yes,Yes,No internet service,No,month-to-month,Yes,electronic_check,80.15,2244.21,Yes
CUST-00797,Male,0,No,Yes,27,Yes,No,DSL,No,Yes,No,Yes,Yes,Yes,one year,Yes,bank_transfer,58.22,1571.92,No
CUST-00798,Male,1,No,No,50,Yes,Yes,DSL,No,No,No internet service,No,No internet service,No internet service,month-to-month,Yes,mailed_check,42.77,2138.66,No
CUST-00799,Female,1,No,Yes,50,Yes,Yes,Fiber optic,No internet service,No,No,No,No internet service,No internet service,two year,Yes,credit_card,93.69,4684.4,No
CUST-00800,Male,0,No,No,18,Yes,Yes,No,No internet service,No internet service,Yes,No,No internet service,Yes,month-to-month,No,electronic_check,16.53,297.59,No
CUST-00801,Male,1,No,No,54,No,No phone service,Fiber optic,No,No,No,No,No,Yes,month-to-month,Yes,mailed_check,88.88,4799.6,No
CUST-00802,Male,1,No,No,70,Yes,Yes,DSL,No internet service,Yes,No internet service,No internet service,Yes,No,month-to-month,No,bank_transfer,46.62,3263.08,No
CUST-00803,Female,1,Yes,No,7,Yes,No,No,Yes,No internet service,No,No,Yes,No,month-to-month,Yes,bank_transfer,19.61,137.25,No
CUST-00804,Female,1,Yes,No,56,Yes,Yes,Fiber optic,No,Yes,No internet service,No internet service,No internet service,Yes,one year,Yes,electronic_check,93.58,5240.53,No
CUST-00805,Female,0,Yes,No,4,Yes,No,DSL,No,No,No,No,No,No,one year,Yes,mailed_check,71.35,285.42,Yes
CUST-00806,Female,0,Yes,No,12,No,No phone service,Fiber optic,No internet service,No internet service,No,No internet service,No,No internet service,month-to-month,Yes,bank_transfer,92.83,1113.95,Yes
CUST-00807,Female,1,Yes,No,63,Yes,No,DSL,No internet service,No,No,No,No,No internet service,one year,Yes,bank_transfer,95.73,6031.09,No
CUST-00808,Male,0,No,No,7,Yes,Yes,Fiber optic,No,Yes,No internet service,Yes,No internet service,No internet service,month-to-month,No,bank_transfer,110.1,770.68,No
CUST-00809,Female,0,No,No,45,Yes,Yes,Fiber optic,Yes,No,Yes,No,No,Yes,month-to-month,Yes,bank_transfer,79.28,3567.52,No
CUST-00810,Male,1,Yes,No,33,Yes,No,DSL,No internet service,No internet service,No internet service,No,Yes,Yes,one year,Yes,electronic_check,59.48,1962.9,No
CUST-00811,Male,0,Yes,Yes,15,Yes,No,DSL,Yes,Yes,No,No internet service,No internet service,No internet service,two year,No,bank_transfer,72.35,1085.29,No
CUST-00812,Female,1,Yes,No,19,Yes,No,DSL,No,Yes,No internet service,No internet service,No internet service,No internet service,two year,Yes,bank_transfer,60.61,1151.62,No
CUST-00813,Female,1,Yes,No,62,Yes,No,DSL,No,No internet service,No,No,Yes,No,month-to-month,No,bank_transfer,88.19,5468.07,No
CUST-00814,Female,1,No,Yes,49,Yes,Yes,No,Yes,Yes,No,No,Yes,No,two year,Yes,bank_transfer,10.87,532.63,No
CUST-00815,Male,1,Yes,No,26,Yes,Yes,DSL,No,Yes,No internet service,No,No,Yes,month-to-month,Yes,mailed_check,69.77,1814.09,No
CUST-00816,Female,1,Yes,No,63,Yes,No,Fiber optic,Yes,Yes,No internet service,No,No,No internet service,two year,No,bank_transfer,105.92,6673.27,No
CUST-00817,Female,1,Yes,No,2,Yes,Yes,Fiber optic,No internet service,Yes,No internet service,No,Yes,No,month-to-month,Yes,bank_transfer,96.6,193.2,Yes
CUST-00818,Female,1,No,Yes,10,Yes,No,DSL,Yes,No,Yes,Yes,No internet service,Yes,one year,Yes,credit_card,60.26,602.63,No
CUST-00819,Male,1,Yes,No,41,Yes,No,DSL,No,Yes,No internet service,No internet service,Yes,No internet service,month-to-month,No,credit_card,70.72,2899.56,No
CUST-00820,Female,1,Yes,No,35,Yes,No,Fiber optic,No,No,No internet service,Yes,No internet service,Yes,month-to-month,No,credit_card,112.05,3921.83,Yes
CUST-00821,Male,1,Yes,Yes,63,No,No phone service,DSL,No internet service,Yes,No internet service,Yes,Yes,No internet service,month-to-month,No,electronic_check,80.98,5101.83,No
CUST-00822,Male,1,No,Yes,51,No,No phone service,Fiber optic,No,No,No internet service,No,No,No internet service,month-to-month,No,credit_card,94.92,4840.77,No
CUST-00823,Female,0,Yes,No,8,Yes,No,Fiber optic,No internet service,No,Yes,No,No,No,one year,No,electronic_check,92.9,743.23,Yes
CUST-00824,Female,0,No,Yes,67,No,No phone service,Fiber optic,No,Yes,No internet service,No,Yes,No,month-to-month,No,electronic_check,104.99,7034.29,No
CUST-00825,Female,1,Yes,No,3,Yes,No,Fiber optic,No,No internet service,Yes,No,No internet service,No,month-to-month,Yes,credit_card,91.1,273.3,Yes
CUST-00826,Female,1,No,Yes,31,Yes,Yes,DSL,No internet service,No,No,Yes,Yes,No,one year,Yes,credit_card,49.91,1547.32,No
CUST-00827,Male,1,No,No,6,Yes,No,DSL,No,No,No,No,Yes,No,two year,No,electronic_check,55.27,331.6,No
CUST-00828,Female,0,Yes,No,58,Yes,No,DSL,Yes,Yes,No internet service,No internet service,Yes,No internet service,month-to-month,Yes,electronic_check,67.19,3897.06,No
CUST-00829,Male,1,Yes,Yes,69,Yes,Yes,DSL,Yes,No,No,No,No internet service,No internet service,one year,Yes,credit_card,61.91,4271.61,No
CUST-00830,Female,1,Yes,No,30,Yes,No,No,No internet service,Yes,Yes,No,No internet service,No,two year,Yes,electronic_check,45.06,1351.9,No
CUST-00831,Female,1,No,No,19,Yes,No,DSL,Yes,No,Yes,No,No,No,month-to-month,Yes,credit_card,34.41,653.79,No
CUST-00832,Female,1,No,Yes,10,Yes,No,DSL,Yes,Yes,No internet service,Yes,No internet service,Yes,month-to-month,No,bank_transfer,50.49,504.93,No
CUST-00833,Male,1,No,Yes,64,Yes,No,Fiber optic,Yes,No internet service,No,No,No internet service,No,month-to-month,Yes,mailed_check,108.29,6930.87,No
CUST-00834,Male,0,No,Yes,67,Yes,No,DSL,No,No internet service,No internet service,No internet service,No internet service,Yes,one year,Yes,bank_transfer,72.59,4863.61,No
CUST-00835,Female,0,No,Yes,21,Yes,No,DSL,No,No,Yes,Yes,Yes,No,one year,Yes,electronic_check,51.42,1079.75,No
CUST-00836,Female,1,Yes,Yes,67,Yes,Yes,Fiber optic,No,No,No,Yes,No internet service,Yes,two year,Yes,bank_transfer,91.98,6162.59,No
CUST-00837,Female,1,Yes,No,29,Yes,No,Fiber optic,Yes,No internet service,Yes,No,No,No,two year,No,electronic_check,112.41,3259.77,No
CUST-00838,Female,0,No,No,10,Yes,No,Fiber optic,No internet service,No internet service,No internet service,Yes,No,Yes,one year,No,credit_card,104.05,1040.46,Yes
CUST-00839,Female,1,No,Yes,18,Yes,No,DSL,No,No,No,No,No,Yes,one year,Yes,bank_transfer,57.7,1038.6,No
CUST-00840,Male,1,No,Yes,6,No,No phone service,Fiber optic,Yes,Yes,No internet service,No internet service,Yes,No,two year,No,credit_card,114.68,688.05,No
CUST-00841,Male,0,Yes,No,49,Yes,Yes,DSL,No,Yes,Yes,No internet service,No internet service,Yes,two year,No,bank_transfer,51.13,2505.61,No
CUST-00842,Female,1,Yes,Yes,28,Yes,Yes,Fiber optic,No,No internet service,No,No,No internet service,Yes,month-to-month,No,mailed_check,103.31,2892.65,Yes
CUST-00843,Female,0,Yes,No,18,No,No phone service,No,No,Yes,No,No internet service,No,Yes,month-to-month,No,credit_card,17.23,310.15,Yes
CUST-00844,Male,0,Yes,Yes,7,Yes,Yes,Fiber optic,No,Yes,No,No,No,No internet service,month-to-month,Yes,mailed_check,64.46,451.21,No
CUST-00845,Female,0,No,No,51,Yes,No,DSL,No internet service,Yes,No internet service,No internet service,No,Yes,two year,Yes,bank_transfer,44.4,2264.47,No
CUST-00846,Male,0,No,Yes,69,Yes,Yes,Fiber optic,No internet service,Yes,No internet service,Yes,No internet service,No,two year,Yes,electronic_check,117.67,8119.13,No
CUST-00847,Female,0,No,No,31,Yes,Yes,DSL,No,Yes,No internet service,No,No internet service,No,month-to-month,No,mailed_check,50.97,1580.15,No
CUST-00848,Male,0,No,No,48,Yes,Yes,No,No,No internet service,No,No internet service,No internet service,No,month-to-month,No,credit_card,34.37,1649.89,No
CUST-00849,Female,0,No,No,1,Yes,No,DSL,No,Yes,No,No internet service,Yes,No internet service,two year,Yes,mailed_check,69.83,69.83,No
CUST-00850,Female,0,No,No,45,Yes,No,Fiber optic,No,Yes,No internet service,Yes,No internet service,No,month-to-month,No,electronic_check,90.52,4073.2,No
CUST-00851,Female,0,No,Yes,8,Yes,No,Fiber optic,Yes,No,No,No internet service,No,Yes,two year,Yes,electronic_check,100.77,806.19,No
CUST-00852,Male,0,Yes,No,26,Yes,Yes,Fiber optic,Yes,No internet service,No,Yes,No,Yes,month-to-month,No,bank_transfer,100.5,2613.0,No
CUST-00853,Female,0,No,No,23,Yes,No,Fiber optic,No internet service,Yes,No internet service,Yes,No internet service,Yes,month-to-month,No,mailed_check,71.92,1654.21,Yes
CUST-00854,Male,1,No,No,42,Yes,No,Fiber optic,No internet service,Yes,No,No,No,No,two year,Yes,mailed_check,114.45,4807.01,No
CUST-00855,Female,0,No,No,29,Yes,No,DSL,No internet service,Yes,Yes,No,No,No,month-to-month,Yes,electronic_check,62.66,1817.25,No
CUST-00856,Male,0,No,No,38,Yes,No,Fiber optic,Yes,Yes,No,No internet service,No internet service,No internet service,month-to-month,Yes,credit_card,78.87,2996.89,No
CUST-00857,Male,0,No,No,39,Yes,Yes,DSL,No internet service,No,Yes,No,No internet service,Yes,one year,Yes,mailed_check,49.81,1942.45,Yes
CUST-00858,Male,1,No,Yes,34,Yes,No,No,No,No,No internet service,No internet service,No internet service,No internet service,two year,Yes,mailed_check,11.49,390.74,No
CUST-00859,Male,1,Yes,No,4,No,No phone service,DSL,No,No internet service,No,No,Yes,No internet service,month-to-month,Yes,mailed_check,71.72,286.87,No
CUST-00860,Male,0,No,Yes,58,Yes,Yes,Fiber optic,No internet service,No internet service,No internet service,Yes,No,No internet service,month-to-month,Yes,bank_transfer,94.64,5489.09,No
CUST-00861,Male,1,Yes,No,21,Yes,No,Fiber optic,No,Yes,No internet service,No internet service,No internet service,No,two year,No,credit_card,122.55,2573.64,No
CUST-00862,Male,0,Yes,No,26,Yes,Yes,No,Yes,Yes,Yes,No,No,No internet service,month-to-month,Yes,bank_transfer,35.39,920.15,No
CUST-00863,Male,1,No,No,36,Yes,No,No,No,Yes,Yes,No,No internet service,No,two year,No,credit_card,13.6,489.74,No
CUST-00864,Female,0,No,No,8,Yes,No,Fiber optic,Yes,No,No,No internet service,No,Yes,month-to-month,No,bank_transfer,128.38,1027.01,Yes
CUST-00865,Female,1,Yes,Yes,16,Yes,No,DSL,Yes,No,No internet service,No internet service,No internet service,Yes,one year,No,credit_card,71.31,1140.9,No
CUST-00866,Male,0,Yes,No,1,No,No phone service,Fiber optic,Yes,No internet service,No internet service,No,No internet service,No,month-to-month,No,mailed_check,122.4,122.4,Yes
CUST-00867,Male,0,No,No,59,Yes,Yes,DSL,No,No,Yes,No,Yes,No,month-to-month,Yes,mailed_check,78.34,4622.08,No
CUST-00868,Male,0,Yes,No,39,Yes,Yes,Fiber optic,No,No,No,Yes,No,No,month-to-month,Yes,electronic_check,108.65,4237.29,Yes
CUST-00869,Male,0,No,No,9,Yes,Yes,No,No,No,No internet service,Yes,No internet service,Yes,month-to-month,No,credit_card,18.3,164.67,Yes
CUST-00870,Male,1,No,No,72,Yes,No,Fiber optic,No internet service,Yes,Yes,No internet service,No internet service,No internet service,two year,No,bank_transfer,145.85,10501.17,No
CUST-00871,Female,0,Yes,No,57,Yes,Yes,Fiber optic,No,No internet service,No,Yes,No,No,one year,Yes,mailed_check,112.52,6413.58,No
CUST-00872,Male,0,Yes,Yes,16,Yes,Yes,DSL,No,No internet service,No internet service,Yes,Yes,Yes,two year,No,credit_card,69.78,1116.41,No
CUST-00873,Male,0,No,No,42,Yes,Yes,Fiber optic,No internet service,Yes,No,Yes,No internet service,Yes,month-to-month,Yes,bank_transfer,110.48,4640.35,No
CUST-00874,Male,0,No,No,2,Yes,Yes,Fiber optic,No,No internet service,Yes,No,Yes,No,one year,Yes,mailed_check,118.73,237.46,No
CUST-00875,Male,1,Yes,No,63,Yes,No,Fiber optic,Yes,No internet service,Yes,No,Yes,Yes,month-to-month,Yes,bank_transfer,112.58,7092.81,No
CUST-00876,Female,1,No,No,18,Yes,No,DSL,No internet service,No,No internet service,No internet service,Yes,No,month-to-month,No,credit_card,50.19,903.49,Yes
CUST-00877,Male,1,Yes,No,6,Yes,No,DSL,No,Yes,Yes,No,Yes,No internet service,one year,Yes,bank_transfer,35.7,214.2,No
CUST-00878,Male,1,Yes,No,17,Yes,No,Fiber optic,Yes,No,No,No,No internet service,No,month-to-month,Yes,electronic_check,113.53,1929.98,Yes
CUST-00879,Female,1,Yes,Yes,57,Yes,Yes,DSL,Yes,Yes,Yes,Yes,No,No,one year,Yes,mailed_check,72.12,4110.65,No
CUST-00880,Female,1,Yes,No,32,Yes,Yes,DSL,No,No,No internet service,No internet service,Yes,Yes,one year,Yes,bank_transfer,52.13,1668.18,No
CUST-00881,Male,0,Yes,No,31,Yes,No,Fiber optic,No,No,No internet service,No,No internet service,No,one year,Yes,electronic_check,83.6,2591.54,No
CUST-00882,Female,0,No,No,67,Yes,No,DSL,Yes,No internet service,Yes,No,No,No,month-to-month,Yes,electronic_check,76.27,5109.99,No
CUST-00883,Female,1,Yes,No,19,Yes,No,No,Yes,Yes,No internet service,Yes,Yes,No,two year,No,mailed_check,22.19,421.69,No
CUST-00884,Female,0,No,No,44,Yes,No,Fiber optic,No,No internet service,No,No,No,No,month-to-month,Yes,bank_transfer,57.2,2516.67,No
CUST-00885,Female,1,No,No,32,Yes,No,DSL,Yes,No,No,No,No,No internet service,month-to-month,Yes,bank_transfer,53.91,1724.97,No
CUST-00886,Female,0,Yes,No,0,Yes,Yes,Fiber optic,No internet service,Yes,No,No,No internet service,No,month-to-month,Yes,bank_transfer,91.63,91.63,No
CUST-00887,Female,1,Yes,No,53,Yes,Yes,Fiber optic,No,Yes,Yes,No,Yes,No internet service,one year,No,mailed_check,141.88,7519.83,No
CUST-00888,Female,1,No,No,12,Yes,No,DSL,No,Yes,No internet service,No,No internet service,No,two year,Yes,electronic_check,35.42,425.09,No
CUST-00889,Male,0,No,No,54,Yes,Yes,Fiber optic,Yes,No internet service,No,No internet service,No,No,month-to-month,No,bank_transfer,124.4,6717.72,No
CUST-00890,Male,0,Yes,Yes,44,Yes,Yes,Fiber optic,Yes,No,No,No,Yes,Yes,one year,Yes,credit_card,112.27,4939.99,No
CUST-00891,Female,1,No,No,4,Yes,No,DSL,No,No,No,No internet service,No,No,month-to-month,Yes,mailed_check,45.1,180.4,Yes
CUST-00892,Male,0,No,Yes,52,Yes,Yes,Fiber optic,No internet service,No internet service,Yes,No internet service,No internet service,No internet service,one year,No,electronic_check,117.96,6134.04,No
CUST-00893,Male,0,No,No,13,Yes,Yes,No,No internet service,Yes,No internet service,No,No internet service,Yes,one year,Yes,electronic_check,30.25,393.3,No
CUST-00894,Female,1,No,No,13,Yes,No,Fiber optic,No,Yes,No,No internet service,Yes,No,month-to-month,Yes,electronic_check,59.76,776.86,No
CUST-00895,Male,0,Yes,No,39,Yes,No,No,No,No,No internet service,No,No,No,one year,Yes,mailed_check,40.69,1586.79,No
CUST-00896,Male,0,Yes,Yes,24,Yes,Yes,No,No,No,No internet service,No,Yes,Yes,one year,Yes,credit_card,20.88,501.19,No
CUST-00897,Female,0,No,Yes,16,Yes,No,Fiber optic,Yes,No,No,Yes,No internet service,Yes,two year,Yes,electronic_check,138.18,2210.88,No
CUST-00898,Female,0,No,Yes,19,Yes,No,No,Yes,Yes,No,Yes,No internet service,No,month-to-month,Yes,electronic_check,34.27,651.17,Yes
CUST-00899,Male,0,Yes,Yes,1,Yes,No,Fiber optic,No,No,No internet service,Yes,Yes,Yes,month-to-month,Yes,bank_transfer,108.48,108.48,Yes
CUST-00900,Male,1,Yes,No,29,No,No phone service,No,No,Yes,Yes,Yes,No,No,month-to-month,Yes,electronic_check,27.85,807.51,No
CUST-00901,Female,1,No,Yes,66,No,No phone service,Fiber optic,No,No internet service,No,Yes,No,No,month-to-month,Yes,bank_transfer,115.8,7642.84,No
CUST-00902,Female,1,Yes,No,11,Yes,No,Fiber optic,Yes,No,No,No internet service,No internet service,No internet service,month-to-month,Yes,electronic_check,120.98,1330.75,Yes
CUST-00903,Female,0,Yes,No,8,Yes,No,Fiber optic,No internet service,No internet service,Yes,Yes,No,Yes,month-to-month,Yes,electronic_check,101.94,815.54,No
CUST-00904,Female,0,Yes,No,60,Yes,No,Fiber optic,No,No internet service,No,Yes,No,No internet service,month-to-month,Yes,mailed_check,94.34,5660.21,No
CUST-00905,Female,1,Yes,No,48,Yes,No,DSL,Yes,Yes,Yes,No,Yes,No,two year,No,electronic_check,86.71,4161.88,No
CUST-00906,Male,1,No,No,3,Yes,No,DSL,No internet service,No,No internet service,No,No,No internet service,one year,No,electronic_check,63.52,190.57,Yes
CUST-00907,Male,0,No,No,21,Yes,Yes,Fiber optic,No internet service,No,No internet service,Yes,No,No internet service,month-to-month,Yes,credit_card,96.32,2022.7,No
CUST-00908,Female,1,No,Yes,11,Yes,Yes,DSL,No,Yes,Yes,Yes,No,Yes,one year,Yes,mailed_check,31.41,345.55,No
CUST-00909,Male,1,Yes,No,39,Yes,No,DSL,No,No,No internet service,No,No internet service,No,two year,Yes,mailed_check,72.87,2841.82,No
CUST-00910,Female,1,No,No,36,Yes,No,Fiber optic,No,Yes,No,No,No,Yes,one year,Yes,bank_transfer,86.51,3114.21,No
CUST-00911,Female,0,No,No,6,Yes,Yes,Fiber optic,No internet service,No,Yes,Yes,No,No internet service,two year,Yes,electronic_check,118.51,711.05,No
CUST-00912,Male,1,No,No,55,Yes,Yes,Fiber optic,Yes,No,No,No,No,No,month-to-month,Yes,electronic_check,83.93,4616.22,No
CUST-00913,Female,0,No,Yes,11,Yes,No,Fiber optic,Yes,No,No internet service,Yes,No,No,two year,Yes,mailed_check,132.41,1456.53,No
CUST-00914,Female,1,No,Yes,68,Yes,Yes,DSL,No,No,No,Yes,Yes,Yes,one year,Yes,mailed_check,63.86,4342.58,No
CUST-00915,Female,1,Yes,Yes,4,Yes,Yes,Fiber optic,No,Yes,No,No,No,Yes,one year,No,electronic_check,73.38,293.53,No
CUST-00916,Female,0,No,Yes,35,Yes,No,DSL,No,No internet service,No internet service,No,No internet service,No,month-to-month,No,mailed_check,78.38,2743.14,No
CUST-00917,Female,1,No,No,63,Yes,No,Fiber optic,No internet service,Yes,Yes,No,No,No internet service,one year,Yes,credit_card,99.88,6292.44,No
CUST-00918,Female,1,Yes,No,8,Yes,Yes,Fiber optic,No internet service,No,No internet service,No internet service,No,No,two year,No,bank_transfer,138.26,1106.05,No
CUST-00919,Female,0,Yes,No,41,Yes,No,DSL,No,No internet service,Yes,No internet service,No,No internet service,month-to-month,No,bank_transfer,63.73,2612.9,No
CUST-00920,Male,1,Yes,No,38,No,No phone service,No,No,No,No,Yes,No,No internet service,month-to-month,Yes,bank_transfer,18.0,683.87,No
CUST-00921,Female,1,No,Yes,16,Yes,No,Fiber optic,Yes,No,No internet service,Yes,No,Yes,one year,Yes,bank_transfer,123.48,1975.75,No
CUST-00922,Male,0,No,No,56,Yes,No,DSL,No,No,Yes,Yes,Yes,No internet service,month-to-month,Yes,mailed_check,36.73,2056.65,No
CUST-00923,Male,0,No,No,7,Yes,No,DSL,No,Yes,Yes,Yes,No internet service,No,month-to-month,Yes,mailed_check,31.04,217.31,No
CUST-00924,Female,0,No,No,17,Yes,No,DSL,Yes,Yes,No,No,Yes,No internet service,month-to-month,No,credit_card,33.59,571.11,No
CUST-00925,Male,0,No,Yes,37,Yes,No,DSL,Yes,No internet service,No internet service,No,No internet service,No,month-to-month,No,mailed_check,59.97,2218.86,No
CUST-00926,Female,1,Yes,No,42,Yes,No,No,Yes,No internet service,No internet service,Yes,Yes,No internet service,two year,Yes,mailed_check,18.58,780.23,No
CUST-00927,Male,1,Yes,No,47,No,No phone service,DSL,No internet service,No,No,No internet service,No internet service,No,two year,Yes,bank_transfer,59.46,2794.78,No
CUST-00928,Male,1,No,No,63,Yes,No,DSL,No,No,No,Yes,No,No,month-to-month,Yes,mailed_check,68.23,4298.25,No
CUST-00929,Female,0,No,Yes,65,Yes,No,DSL,No,No internet service,No internet service,Yes,No,No,one year,Yes,bank_transfer,41.08,2670.17,No
CUST-00930,Male,0,No,No,62,Yes,No,Fiber optic,No,No internet service,No,No internet service,No,Yes,one year,No,credit_card,80.72,5004.7,No
CUST-00931,Male,0,Yes,Yes,7,Yes,Yes,Fiber optic,No internet service,No internet service,No internet service,Yes,No internet service,Yes,one year,Yes,electronic_check,97.33,681.34,No
CUST-00932,Male,0,No,Yes,40,Yes,No,DSL,No internet service,No,No,No,No internet service,No,two year,Yes,mailed_check,69.59,2783.73,No
CUST-00933,Male,0,No,No,48,Yes,Yes,Fiber optic,No,Yes,No internet service,No,No internet service,Yes,two year,Yes,credit_card,100.01,4800.52,No
CUST-00934,Female,1,No,Yes,60,No,No phone service,DSL,No,No,No,No,No internet service,Yes,month-to-month,Yes,credit_card,82.07,4924.05,No
CUST-00935,Female,0,Yes,No,65,Yes,No,No,No,No,Yes,No internet service,No,No internet service,month-to-month,No,electronic_check,3.47,225.61,No
CUST-00936,Male,1,No,No,56,Yes,No,Fiber optic,No,Yes,No internet service,Yes,No,Yes,two year,Yes,bank_transfer,83.47,4674.4,No
CUST-00937,Female,0,Yes,No,63,Yes,Yes,DSL,No internet service,No internet service,No internet service,No internet service,No,No internet service,month-to-month,Yes,mailed_check,71.65,4513.84,No
CUST-00938,Female,0,Yes,Yes,72,Yes,Yes,Fiber optic,No,No,Yes,No internet service,No,Yes,one year,Yes,electronic_check,60.33,4343.95,No
CUST-00939,Male,1,Yes,Yes,67,Yes,No,DSL,No internet service,No,No,No,Yes,No internet service,month-to-month,Yes,credit_card,71.67,4801.84,No
CUST-00940,Male,0,No,No,16,Yes,Yes,Fiber optic,No internet service,No,Yes,No internet service,No internet service,No internet service,one year,No,bank_transfer,107.1,1713.58,No
CUST-00941,Male,0,Yes,No,14,Yes,No,DSL,Yes,No,No internet service,No,No,No internet service,one year,Yes,credit_card,49.32,690.52,No
CUST-00942,Female,0,Yes,Yes,22,Yes,Yes,DSL,No,No internet service,Yes,No internet service,Yes,No,month-to-month,Yes,credit_card,61.9,1361.85,No
CUST-00943,Female,0,No,No,15,Yes,No,DSL,No,No internet service,Yes,No,Yes,Yes,month-to-month,No,electronic_check,79.58,1193.74,No
CUST-00944,Female,0,Yes,No,62,Yes,No,Fiber optic,Yes,Yes,Yes,No internet service,No internet service,No internet service,one year,Yes,credit_card,61.25,3797.45,No
CUST-00945,Female,0,Yes,No,25,Yes,Yes,Fiber optic,No,No,No,No internet service,No,Yes,month-to-month,Yes,electronic_check,84.57,2114.14,No
CUST-00946,Male,1,No,Yes,15,Yes,Yes,DSL,No internet service,No,No,Yes,Yes,No internet service,two year,Yes,electronic_check,39.52,592.82,No
CUST-00947,Female,0,No,Yes,40,Yes,Yes,Fiber optic,Yes,No,Yes,Yes,Yes,No internet service,one year,No,electronic_check,129.18,5167.08,No
CUST-00948,Female,1,Yes,No,4,Yes,No,DSL,Yes,No internet service,Yes,No,Yes,No,month-to-month,No,electronic_check,45.4,181.59,No
CUST-00949,Female,0,Yes,Yes,17,Yes,No,DSL,No,No internet service,No internet service,No internet service,Yes,Yes,one year,No,bank_transfer,71.7,1218.91,No
CUST-00950,Male,0,No,No,70,Yes,No,No,No internet service,No,No,No,Yes,No internet service,one year,No,credit_card,13.3,931.35,No
CUST-00951,Male,1,Yes,No,2,Yes,No,DSL,No internet service,No internet service,Yes,Yes,No,No internet service,two year,No,mailed_check,83.1,166.2,No
CUST-00952,Female,1,Yes,No,40,Yes,Yes,Fiber optic,Yes,No,Yes,No,No,Yes,month-to-month,Yes,bank_transfer,100.14,4005.51,No
CUST-00953,Male,1,Yes,No,55,Yes,No,DSL,No internet service,Yes,No,No internet service,No,Yes,month-to-month,No,mailed_check,69.09,3800.16,No
CUST-00954,Female,0,Yes,No,34,Yes,Yes,DSL,No internet service,No,Yes,No,No,No,month-to-month,No,credit_card,41.97,1427.11,No
CUST-00955,Male,0,Yes,Yes,69,Yes,Yes,Fiber optic,No,No,Yes,No,No internet service,No internet service,two year,Yes,credit_card,97.39,6719.82,No
CUST-00956,Female,0,Yes,No,8,Yes,No,Fiber optic,No,Yes,No,Yes,No internet service,No internet service,two year,No,electronic_check,127.11,1016.89,No
CUST-00957,Male,0,No,No,16,Yes,No,DSL,No,No,No,Yes,No,Yes,month-to-month,No,mailed_check,71.4,1142.39,No
CUST-00958,Female,0,Yes,No,35,Yes,Yes,Fiber optic,No internet service,No,No,Yes,Yes,No,month-to-month,Yes,bank_transfer,116.02,4060.85,No
CUST-00959,Male,0,No,No,18,Yes,Yes,Fiber optic,Yes,No internet service,No,No,No,Yes,one year,Yes,bank_transfer,124.7,2244.62,No
CUST-00960,Female,0,Yes,No,0,Yes,No,No,Yes,No internet service,No internet service,No,No internet service,No internet service,month-to-month,Yes,electronic_check,31.86,31.86,No
CUST-00961,Female,1,Yes,Yes,52,Yes,No,Fiber optic,No internet service,Yes,No,Yes,Yes,No internet service,month-to-month,No,electronic_check,88.14,4583.17,No
CUST-00962,Male,0,Yes,No,25,Yes,No,DSL,Yes,Yes,No,Yes,No internet service,No,one year,No,bank_transfer,87.38,2184.49,No
CUST-00963,Male,0,Yes,No,12,Yes,Yes,Fiber optic,Yes,No internet service,No,No internet service,No,No internet service,one year,No,mailed_check,109.96,1319.57,No
CUST-00964,Male,1,No,No,27,Yes,Yes,Fiber optic,Yes,Yes,No,No internet service,Yes,No internet service,month-to-month,No,bank_transfer,67.05,1810.24,Yes
CUST-00965,Male,0,Yes,No,3,Yes,No,DSL,No,Yes,No,No internet service,No,No internet service,month-to-month,Yes,bank_transfer,63.14,189.43,No
CUST-00966,Male,0,Yes,No,55,No,No phone service,Fiber optic,No internet service,No internet service,Yes,No internet service,Yes,No,month-to-month,No,bank_transfer,104.63,5754.85,No
CUST-00967,Female,1,No,Yes,54,Yes,No,DSL,Yes,No internet service,No internet service,No,No internet service,No internet service,month-to-month,Yes,mailed_check,49.22,2657.92,No
CUST-00968,Female,0,No,No,46,No,No phone service,No,No internet service,Yes,No internet service,No,No internet service,No internet service,one year,No,bank_transfer,19.83,912.23,No
CUST-00969,Female,1,No,No,29,Yes,No,DSL,Yes,Yes,No,No internet service,Yes,Yes,two year,Yes,mailed_check,69.38,2011.99,No
CUST-00970,Male,0,No,No,64,Yes,Yes,Fiber optic,Yes,Yes,No internet service,No,No internet service,Yes,month-to-month,No,electronic_check,103.22,6606.4,No
CUST-00971,Male,0,Yes,No,14,Yes,No,DSL,Yes,No,No,Yes,No,No,month-to-month,No,electronic_check,51.96,727.46,Yes
CUST-00972,Male,0,No,No,55,Yes,Yes,DSL,No,No internet service,No internet service,No,Yes,Yes,two year,No,credit_card,86.09,4734.9,No
CUST-00973,Male,1,Yes,No,43,Yes,No,DSL,No internet service,No,No internet service,No internet service,Yes,No,month-to-month,No,bank_transfer,46.88,2015.63,No
CUST-00974,Female,0,Yes,No,28,Yes,Yes,DSL,No internet service,No,No internet service,Yes,Yes,No internet service,month-to-month,Yes,mailed_check,67.47,1889.14,No
CUST-00975,Female,1,Yes,Yes,22,Yes,No,DSL,No internet service,Yes,Yes,No internet service,No,No,month-to-month,Yes,electronic_check,31.64,696.17,Yes
CUST-00976,Male,1,No,No,11,Yes,No,Fiber optic,No internet service,No internet service,Yes,No,No,No,month-to-month,No,bank_transfer,80.21,882.26,No
CUST-00977,Male,0,Yes,Yes,24,Yes,No,No,No,No internet service,No,No internet service,No,No,one year,Yes,electronic_check,11.98,287.44,No
CUST-00978,Female,1,No,No,44,No,No phone service,Fiber optic,No internet service,No internet service,No,Yes,Yes,No internet service,month-to-month,No,bank_transfer,134.76,5929.5,No
CUST-00979,Male,1,No,Yes,17,Yes,Yes,DSL,No,Yes,Yes,No internet service,No,No internet service,two year,Yes,credit_card,56.29,956.95,No
CUST-00980,Female,1,Yes,Yes,58,Yes,No,DSL,No internet service,No internet service,Yes,No internet service,Yes,No internet service,month-to-month,No,credit_card,51.57,2990.85,No
CUST-00981,Male,1,No,No,52,Yes,Yes,No,Yes,No,No,Yes,No,No,month-to-month,No,electronic_check,37.61,1955.8,No
CUST-00982,Female,1,No,No,58,Yes,Yes,Fiber optic,No,Yes,Yes,No,Yes,No internet service,month-to-month,Yes,credit_card,126.21,7320.41,No
CUST-00983,Female,0,Yes,No,11,Yes,Yes,No,No,Yes,No,No,No,No,month-to-month,Yes,mailed_check,28.72,315.9,No
CUST-00984,Female,0,No,No,0,Yes,No,Fiber optic,No internet service,Yes,No,No,No,Yes,month-to-month,No,electronic_check,51.97,51.97,Yes
CUST-00985,Male,1,No,No,28,Yes,No,Fiber optic,No internet service,No,Yes,No,No internet service,No,one year,Yes,credit_card,80.1,2242.69,No
CUST-00986,Male,1,Yes,Yes,43,Yes,Yes,Fiber optic,No,No,No,No internet service,No,No,month-to-month,No,bank_transfer,74.74,3213.74,No
CUST-00987,Male,1,Yes,No,43,No,No phone service,Fiber optic,No,No internet service,Yes,No,No,Yes,month-to-month,Yes,mailed_check,102.27,4397.76,No
CUST-00988,Male,1,No,No,19,Yes,No,Fiber optic,No,No,No,No internet service,Yes,No,two year,Yes,mailed_check,97.72,1856.64,No
CUST-00989,Female,1,No,No,71,Yes,No,DSL,Yes,Yes,No,No internet service,No,No,month-to-month,Yes,bank_transfer,45.29,3215.4,No
CUST-00990,Female,0,Yes,No,71,No,No phone service,DSL,No,Yes,No internet service,Yes,No,No,month-to-month,No,credit_card,67.33,4780.33,No
CUST-00991,Female,0,No,Yes,66,Yes,No,DSL,Yes,No internet service,No,No,No,No,one year,No,electronic_check,71.93,4747.39,No
CUST-00992,Female,1,Yes,No,44,Yes,Yes,No,No,No internet service,Yes,No,No internet service,No internet service,two year,Yes,credit_card,39.47,1736.68,No
CUST-00993,Female,1,Yes,No,41,Yes,Yes,DSL,No internet service,Yes,No,No,No,No internet service,month-to-month,Yes,credit_card,32.26,1322.6,No
CUST-00994,Female,0,Yes,No,28,Yes,No,DSL,No,No,No internet service,No,Yes,Yes,two year,Yes,bank_transfer,50.59,1416.64,No
CUST-00995,Female,0,No,No,34,Yes,Yes,No,No,No internet service,No,No internet service,No,No,month-to-month,No,electronic_check,28.96,984.67,No
CUST-00996,Male,0,Yes,No,48,Yes,No,Fiber optic,Yes,No,No,Yes,No internet service,No internet service,one year,No,credit_card,85.64,4110.75,No
CUST-00997,Female,0,No,No,4,Yes,No,Fiber optic,No internet service,No,No internet service,No,Yes,No internet service,two year,No,electronic_check,123.56,494.24,Yes
CUST-00998,Female,0,No,No,35,Yes,Yes,Fiber optic,No internet service,No internet service,No,Yes,Yes,No,month-to-month,Yes,mailed_check,112.04,3921.26,Yes
CUST-00999,Male,1,Yes,Yes,23,Yes,No,Fiber optic,No,No internet service,Yes,Yes,Yes,Yes,one year,Yes,mailed_check,89.68,2062.69,No
CUST-01000,Male,1,No,No,48,Yes,No,No,Yes,No,No,No internet service,Yes,No,month-to-month,Yes,electronic_check,2.69,129.21,No
CUST-01001,Female,1,No,No,65,Yes,Yes,DSL,No,Yes,No,No,Yes,No internet service,month-to-month,Yes,credit_card,38.16,2480.57,No
CUST-01002,Male,0,No,Yes,29,Yes,No,Fiber optic,Yes,No,No,Yes,No,No,two year,No,mailed_check,80.11,2323.3,No
CUST-01003,Male,1,No,Yes,25,Yes,No,DSL,No internet service,No,No internet service,No internet service,No internet service,No,two year,Yes,mailed_check,78.04,1950.95,No
CUST-01004,Female,0,Yes,No,71,No,No phone service,DSL,No internet service,No,Yes,No,Yes,No internet service,one year,No,electronic_check,40.78,2895.17,No
CUST-01005,Male,0,No,No,6,Yes,Yes,DSL,No internet service,No internet service,No internet service,No,No,No,one year,No,credit_card,52.76,316.54,No
CUST-01006,Male,0,No,No,44,Yes,No,Fiber optic,No internet service,No internet service,Yes,No,No internet service,No,month-to-month,No,bank_transfer,88.99,3915.53,No
CUST-01007,Female,1,No,No,26,Yes,Yes,No,No,No internet service,No,No internet service,No internet service,No internet service,one year,No,electronic_check,42.08,1094.12,No
CUST-01008,Female,0,No,No,9,Yes,No,Fiber optic,No,No,Yes,Yes,No,Yes,month-to-month,No,mailed_check,100.45,904.07,Yes
CUST-01009,Female,1,No,Yes,12,No,No phone service,DSL,Yes,Yes,No,No internet service,Yes,No internet service,one year,No,mailed_check,67.53,810.42,No
CUST-01010,Female,0,Yes,No,26,Yes,Yes,DSL,Yes,No internet service,No,No internet service,No internet service,No,month-to-month,No,bank_transfer,43.17,1122.39,No
CUST-01011,Male,1,Yes,No,47,Yes,Yes,DSL,No,No,Yes,Yes,No,No,one year,No,mailed_check,68.53,3220.96,No
CUST-01012,Female,1,Yes,Yes,52,Yes,No,DSL,No internet service,No,No,No,No internet service,No,one year,Yes,credit_card,74.31,3864.35,No
CUST-01013,Male,1,No,No,37,Yes,Yes,DSL,Yes,No,Yes,No,No internet service,No internet service,two year,Yes,mailed_check,99.36,3676.31,No
CUST-01014,Male,1,Yes,No,37,Yes,No,DSL,Yes,No internet service,Yes,No internet service,No,Yes,month-to-month,No,mailed_check,64.32,2379.8,No
CUST-01015,Male,0,Yes,Yes,64,Yes,No,Fiber optic,No internet service,No,No,Yes,Yes,No internet service,month-to-month,Yes,bank_transfer,91.33,5845.35,No
CUST-01016,Female,0,Yes,No,16,Yes,Yes,Fiber optic,No internet service,No,Yes,No,Yes,No internet service,two year,No,electronic_check,95.79,1532.67,Yes
CUST-01017,Male,1,No,Yes,53,Yes,No,Fiber optic,No,Yes,No,No,No internet service,No internet service,month-to-month,Yes,mailed_check,95.94,5084.59,No
CUST-01018,Male,1,No,No,30,Yes,Yes,Fiber optic,Yes,Yes,No,No,No internet service,No,month-to-month,No,electronic_check,83.25,2497.48,No
CUST-01019,Female,0,No,No,24,Yes,No,DSL,No internet service,Yes,No internet service,Yes,No internet service,No,month-to-month,Yes,electronic_check,66.95,1606.8,Yes
CUST-01020,Male,1,Yes,No,60,Yes,Yes,Fiber optic,No internet service,No,Yes,No internet service,Yes,No internet service,month-to-month,Yes,electronic_check,90.02,5401.36,No
CUST-01021,Female,1,Yes,No,5,Yes,Yes,Fiber optic,Yes,No,No internet service,No,No internet service,No,two year,Yes,mailed_check,114.91,574.57,No
CUST-01022,Male,1,No,Yes,56,Yes,No,DSL,No internet service,No,No internet service,No,No,No internet service,one year,Yes,mailed_check,65.89,3689.83,No
CUST-01023,Male,0,Yes,No,28,Yes,No,Fiber optic,No internet service,No,No,No internet service,No,No,month-to-month,Yes,bank_transfer,95.58,2676.11,Yes
CUST-01024,Male,0,Yes,No,41,Yes,No,Fiber optic,Yes,No internet service,No internet service,No internet service,Yes,No,one year,No,bank_transfer,131.77,5402.74,No
CUST-01025,Female,1,No,Yes,32,Yes,No,DSL,Yes,No,No internet service,No,No,No internet service,month-to-month,No,electronic_check,27.16,869.01,No
CUST-01026,Female,1,Yes,No,38,Yes,Yes,Fiber optic,No,No,Yes,No internet service,No internet service,Yes,one year,No,credit_card,108.45,4121.23,No
CUST-01027,Female,0,No,Yes,9,Yes,No,DSL,No,No internet service,No,Yes,Yes,No,month-to-month,Yes,electronic_check,71.41,642.69,No
CUST-01028,Female,0,No,No,67,No,No phone service,Fiber optic,Yes,No,No,No internet service,Yes,No,two year,Yes,electronic_check,148.98,9981.52,No
CUST-01029,Female,0,Yes,No,40,Yes,No,No,Yes,No,No internet service,No internet service,Yes,Yes,month-to-month,No,bank_transfer,24.74,989.53,No
CUST-01030,Female,1,No,No,69,Yes,Yes,Fiber optic,No internet service,No,No internet service,No,No,No,one year,No,electronic_check,79.51,5486.34,No
CUST-01031,Female,1,No,Yes,29,Yes,No,Fiber optic,No,No,No,No,No,No,month-to-month,Yes,credit_card,130.62,3787.92,No
CUST-01032,Male,1,Yes,No,26,Yes,Yes,DSL,No internet service,Yes,Yes,No,Yes,Yes,one year,No,credit_card,26.31,684.13,No
CUST-01033,Female,0,No,Yes,38,Yes,No,DSL,No internet service,Yes,No,No internet service,No,Yes,one year,Yes,bank_transfer,78.55,2984.82,No
CUST-01034,Female,0,Yes,Yes,29,Yes,No,No,No,No,No,No,No,No,two year,No,electronic_check,21.67,628.37,No
CUST-01035,Male,0,No,Yes,30,Yes,No,DSL,No,Yes,Yes,No,No,No,month-to-month,No,mailed_check,67.17,2015.14,No
CUST-01036,Female,0,Yes,Yes,14,Yes,Yes,DSL,Yes,No internet service,No internet service,No,No internet service,Yes,month-to-month,Yes,electronic_check,81.09,1135.3,Yes
CUST-01037,Female,0,Yes,Yes,43,Yes,No,DSL,No,No,No internet service,No,No internet service,No,month-to-month,No,mailed_check,60.83,2615.78,No
CUST-01038,Female,1,Yes,Yes,11,Yes,Yes,DSL,No,Yes,No internet service,No,No internet service,Yes,month-to-month,No,electronic_check,66.95,736.44,Yes
CUST-01039,Male,0,Yes,Yes,58,Yes,No,Fiber optic,No internet service,No,No,Yes,Yes,No,one year,No,bank_transfer,131.0,7598.23,No
CUST-01040,Male,0,No,No,42,Yes,No,Fiber optic,No,Yes,No internet service,Yes,Yes,No internet service,month-to-month,No,mailed_check,106.86,4488.31,No
CUST-01041,Male,0,Yes,No,33,Yes,Yes,DSL,No,No internet service,No,No internet service,No,No,one year,No,electronic_check,77.86,2569.23,No
CUST-01042,Male,1,No,No,52,No,No phone service,No,No internet service,Yes,Yes,No internet service,No,No,month-to-month,Yes,credit_card,0.29,15.01,No
CUST-01043,Female,0,Yes,No,32,Yes,No,No,No internet service,No internet service,No internet service,Yes,No,No internet service,one year,No,bank_transfer,38.41,1228.96,No
CUST-01044,Female,1,No,Yes,50,Yes,Yes,Fiber optic,Yes,No internet service,Yes,No,No,No,month-to-month,No,electronic_check,121.95,6097.53,No
CUST-01045,Male,0,Yes,No,60,Yes,No,Fiber optic,Yes,Yes,Yes,Yes,No internet service,No,one year,Yes,electronic_check,89.0,5340.21,No
CUST-01046,Female,0,No,No,40,Yes,No,Fiber optic,No,No internet service,No internet service,Yes,Yes,Yes,two year,Yes,bank_transfer,78.92,3156.88,No
CUST-01047,Male,0,Yes,No,62,No,No phone service,DSL,Yes,No internet service,No internet service,No,No,No internet service,one year,No,bank_transfer,69.62,4316.71,No
CUST-01048,Female,0,No,No,56,Yes,No,DSL,Yes,No internet service,No,No,No internet service,Yes,one year,No,bank_transfer,68.43,3831.95,No
CUST-01049,Male,1,No,No,7,No,No phone service,No,Yes,No,Yes,No,No,Yes,month-to-month,No,credit_card,20.22,141.57,Yes
CUST-01050,Female,1,No,No,2,Yes,No,No,Yes,No,Yes,No,No,No,month-to-month,Yes,electronic_check,22.08,44.16,Yes
CUST-01051,Male,1,No,No,67,Yes,No,DSL,No,No,No internet service,Yes,No,No internet service,month-to-month,Yes,mailed_check,69.49,4656.06,No
CUST-01052,Male,0,Yes,No,13,Yes,Yes,Fiber optic,Yes,No,Yes,No,Yes,No,month-to-month,Yes,credit_card,84.16,1094.07,Yes
CUST-01053,Male,1,Yes,No,41,No,No phone service,Fiber optic,Yes,Yes,Yes,No,Yes,No internet service,two year,Yes,credit_card,101.0,4141.17,No
CUST-01054,Female,1,No,No,1,Yes,Yes,Fiber optic,No internet service,No,No,No,Yes,Yes,month-to-month,Yes,electronic_check,88.84,88.84,Yes
CUST-01055,Female,1,No,No,48,Yes,Yes,DSL,No internet service,No,No,No,No,No internet service,month-to-month,Yes,mailed_check,82.48,3959.01,No
CUST-01056,Female,0,Yes,No,39,Yes,Yes,DSL,Yes,No internet service,Yes,No internet service,No internet service,No internet service,two year,No,electronic_check,58.31,2274.11,No
CUST-01057,Female,0,No,No,59,Yes,Yes,DSL,No internet service,No,No internet service,No internet service,No internet service,Yes,month-to-month,No,mailed_check,65.8,3882.36,No
CUST-01058,Female,0,Yes,No,53,Yes,No,DSL,No,Yes,No internet service,No internet service,Yes,No internet service,month-to-month,Yes,bank_transfer,38.85,2058.9,No
CUST-01059,Male,0,Yes,No,10,Yes,Yes,DSL,No internet service,No,No,No internet service,No internet service,Yes,one year,Yes,electronic_check,88.21,882.15,No
CUST-01060,Male,1,Yes,No,30,No,No phone service,DSL,Yes,No internet service,No,No,No internet service,No internet service,month-to-month,Yes,mailed_check,47.73,1431.82,No
CUST-01061,Female,1,Yes,Yes,14,Yes,No,DSL,Yes,Yes,No,Yes,No,Yes,two year,No,credit_card,65.32,914.49,No
CUST-01062,Male,1,Yes,No,23,Yes,No,DSL,Yes,Yes,No,No internet service,No,No internet service,month-to-month,Yes,bank_transfer,56.93,1309.28,No
CUST-01063,Female,0,Yes,No,2,Yes,Yes,DSL,No internet service,No internet service,Yes,No,Yes,No internet service,two year,Yes,electronic_check,75.44,150.87,No
CUST-01064,Male,1,Yes,No,10,Yes,No,DSL,Yes,Yes,Yes,No,Yes,No internet service,one year,Yes,bank_transfer,74.83,748.34,No
CUST-01065,Female,1,Yes,No,25,Yes,Yes,Fiber optic,No,Yes,Yes,No internet service,Yes,Yes,two year,Yes,bank_transfer,90.75,2268.8,No
CUST-01066,Female,1,No,No,58,Yes,Yes,Fiber optic,No,No internet service,No internet service,No,No,No,one year,Yes,electronic_check,136.84,7936.97,No
CUST-01067,Female,0,No,No,32,Yes,Yes,DSL,No,No,No internet service,Yes,Yes,No internet service,month-to-month,Yes,credit_card,41.94,1341.98,No
CUST-01068,Male,0,No,No,62,Yes,No,DSL,Yes,No internet service,No internet service,No,No,No internet service,month-to-month,No,electronic_check,58.2,3608.21,No
CUST-01069,Female,1,No,No,48,Yes,No,DSL,No,No,No,No,No,No,month-to-month,Yes,electronic_check,75.61,3629.46,No
CUST-01070,Female,1,No,No,25,Yes,No,DSL,No internet service,Yes,No,No,No internet service,No internet service,month-to-month,Yes,electronic_check,45.37,1134.35,No
CUST-01071,Female,1,No,Yes,53,Yes,Yes,Fiber optic,Yes,No,Yes,No,No,No,month-to-month,No,mailed_check,111.85,5928.08,No
CUST-01072,Female,1,Yes,No,47,Yes,No,DSL,No,Yes,No internet service,Yes,No internet service,No internet service,one year,Yes,bank_transfer,54.26,2550.23,No
CUST-01073,Male,0,Yes,No,53,Yes,No,Fiber optic,No internet service,No internet service,Yes,No internet service,No internet service,Yes,month-to-month,Yes,bank_transfer,98.69,5230.54,No
CUST-01074,Female,0,Yes,No,4,Yes,No,DSL,No internet service,No,No,No,No,Yes,one year,Yes,bank_transfer,35.52,142.1,No
CUST-01075,Male,1,Yes,No,61,Yes,Yes,DSL,Yes,No,Yes,No internet service,Yes,Yes,month-to-month,Yes,electronic_check,63.02,3844.23,No
CUST-01076,Male,0,Yes,Yes,50,Yes,No,Fiber optic,No,Yes,No internet service,No,No,No,two year,Yes,credit_card,107.59,5379.27,No
CUST-01077,Female,0,Yes,No,39,Yes,Yes,No,No,No internet service,No internet service,No,No,No,month-to-month,Yes,bank_transfer,24.17,942.56,No
CUST-01078,Female,1,No,No,50,Yes,No,DSL,No internet service,No,Yes,No,No,Yes,month-to-month,Yes,credit_card,35.94,1796.91,No
CUST-01079,Male,0,No,No,31,Yes,No,No,Yes,No internet service,No,No,Yes,No internet service,month-to-month,No,bank_transfer,22.15,686.51,No
CUST-01080,Female,1,No,No,56,Yes,Yes,Fiber optic,Yes,No,No,No internet service,No,No internet service,month-to-month,No,credit_card,99.46,5569.59,No
CUST-01081,Male,1,No,No,44,Yes,No,DSL,No internet service,Yes,No internet service,Yes,No internet service,No internet service,month-to-month,No,mailed_check,57.45,2527.89,No
CUST-01082,Female,0,Yes,Yes,56,Yes,Yes,Fiber optic,Yes,No internet service,No,No,No internet service,No,month-to-month,Yes,mailed_check,99.94,5596.86,No
CUST-01083,Female,1,Yes,No,27,Yes,No,Fiber optic,Yes,No,No,Yes,Yes,Yes,month-to-month,Yes,credit_card,92.65,2501.46,No
CUST-01084,Female,1,Yes,No,65,Yes,No,Fiber optic,No,No internet service,No internet service,No,No,No internet service,month-to-month,Yes,electronic_check,75.63,4916.25,No
CUST-01085,Male,0,No,No,17,Yes,No,Fiber optic,No,No internet service,No,Yes,No internet service,No,two year,No,bank_transfer,107.82,1833.0,No
CUST-01086,Female,1,Yes,No,37,Yes,Yes,Fiber optic,Yes,No,No internet service,No,No internet service,Yes,month-to-month,No,mailed_check,95.49,3533.01,No
CUST-01087,Female,1,Yes,No,49,Yes,No,Fiber optic,Yes,No,No internet service,No internet service,No,Yes,one year,Yes,electronic_check,91.61,4489.05,No
CUST-01088,Male,0,No,No,35,Yes,No,No,No internet service,Yes,No,No internet service,No,Yes,one year,No,bank_transfer,12.55,439.4,No
CUST-01089,Male,0,Yes,Yes,44,No,No phone service,DSL,No,No,No internet service,No internet service,No internet service,No,one year,Yes,bank_transfer,63.09,2775.83,No
CUST-01090,Female,0,Yes,No,56,Yes,No,DSL,No internet service,No internet service,No,No,No,No internet service,month-to-month,No,mailed_check,68.73,3848.73,No
CUST-01091,Female,1,Yes,Yes,36,Yes,No,DSL,No internet service,Yes,No,No,No,No,one year,No,bank_transfer,43.83,1577.97,No
CUST-01092,Female,1,Yes,No,49,Yes,Yes,Fiber optic,Yes,No,No internet service,No internet service,Yes,No,month-to-month,No,mailed_check,80.7,3954.52,No
CUST-01093,Female,1,Yes,No,48,Yes,Yes,Fiber optic,No,Yes,No,Yes,No internet service,No internet service,one year,Yes,bank_transfer,133.27,6397.16,No
CUST-01094,Female,1,No,No,64,Yes,No,DSL,No,No internet service,No,No,No,No,two year,Yes,bank_transfer,77.16,4938.34,No
CUST-01095,Male,1,Yes,No,49,No,No phone service,DSL,No,No,No internet service,No internet service,No,No internet service,month-to-month,No,credit_card,69.12,3386.93,No
CUST-01096,Male,0,No,Yes,2,Yes,No,DSL,Yes,No internet service,No,No,Yes,No,two year,No,mailed_check,52.48,104.96,No
CUST-01097,Female,0,No,No,48,Yes,Yes,DSL,Yes,No,No,No,Yes,No internet service,month-to-month,No,credit_card,38.75,1860.19,No
CUST-01098,Female,1,Yes,Yes,29,No,No phone service,DSL,No internet service,No,No,Yes,No internet service,No,two year,Yes,electronic_check,35.15,1019.43,No
CUST-01099,Male,0,No,No,37,Yes,No,DSL,No internet service,No internet service,No internet service,No internet service,No,No,month-to-month,No,bank_transfer,63.53,2350.68,No
CUST-01100,Female,0,Yes,No,42,Yes,Yes,DSL,Yes,No,No,Yes,No internet service,No,month-to-month,Yes,mailed_check,63.12,2651.25,No
CUST-01101,Male,1,Yes,No,35,No,No phone service,DSL,Yes,No internet service,Yes,No internet service,No,Yes,month-to-month,No,credit_card,52.1,1823.47,No
CUST-01102,Male,1,No,Yes,28,Yes,Yes,Fiber optic,Yes,No internet service,No internet service,Yes,No,Yes,month-to-month,No,credit_card,105.59,2956.5,No
CUST-01103,Female,1,Yes,No,50,Yes,No,DSL,No internet service,Yes,Yes,No,Yes,No internet service,one year,No,electronic_check,65.64,3282.22,No
CUST-01104,Female,1,Yes,No,46,No,No phone service,DSL,No internet service,No internet service,No,No,No,No,month-to-month,Yes,electronic_check,55.69,2561.86,No
CUST-01105,Female,0,Yes,Yes,27,Yes,Yes,DSL,No internet service,No internet service,No internet service,No,Yes,No,two year,Yes,bank_transfer,89.93,2428.23,No
CUST-01106,Male,1,Yes,No,25,Yes,No,DSL,Yes,No internet service,No internet service,No,No,No,month-to-month,Yes,electronic_check,25.59,639.77,No
CUST-01107,Male,0,Yes,No,20,Yes,Yes,Fiber optic,No internet service,Yes,No,Yes,No internet service,No,one year,Yes,mailed_check,87.8,1755.9,No
CUST-01108,Male,1,No,Yes,12,Yes,No,DSL,Yes,Yes,No internet service,No,No,No,one year,No,bank_transfer,60.16,721.88,No
CUST-01109,Female,0,Yes,No,17,Yes,No,Fiber optic,Yes,Yes,Yes,No,No,No,month-to-month,Yes,mailed_check,89.66,1524.26,No
CUST-01110,Male,0,No,No,62,Yes,No,DSL,No,Yes,No,No internet service,No,Yes,month-to-month,Yes,bank_transfer,65.03,4031.82,No
CUST-01111,Female,1,Yes,No,25,Yes,Yes,Fiber optic,Yes,No,No internet service,No,No,No internet service,one year,No,electronic_check,131.83,3295.86,No
CUST-01112,Female,0,Yes,Yes,17,Yes,No,DSL,No internet service,Yes,No internet service,Yes,Yes,Yes,two year,Yes,electronic_check,56.68,963.49,No
CUST-01113,Male,1,No,No,65,Yes,No,DSL,Yes,No internet service,No internet service,No internet service,No,No internet service,month-to-month,Yes,bank_transfer,82.83,5383.77,No
CUST-01114,Male,0,Yes,No,71,Yes,No,Fiber optic,No,No,No internet service,Yes,No internet service,No internet service,month-to-month,No,mailed_check,92.92,6597.54,No
CUST-01115,Male,1,Yes,Yes,61,Yes,No,Fiber optic,Yes,Yes,No,No,No internet service,No,month-to-month,Yes,bank_transfer,111.62,6808.53,No
CUST-01116,Female,0,No,No,24,Yes,Yes,DSL,Yes,No internet service,Yes,No,No internet service,No,month-to-month,Yes,bank_transfer,65.23,1565.59,No
CUST-01117,Male,1,No,Yes,27,Yes,Yes,DSL,No internet service,No,No,No,No,No internet service,month-to-month,Yes,credit_card,53.68,1449.31,No
CUST-01118,Female,1,Yes,Yes,34,Yes,No,Fiber optic,Yes,No internet service,Yes,No,No,No,two year,Yes,electronic_check,91.42,3108.43,No
CUST-01119,Male,1,Yes,No,32,No,No phone service,Fiber optic,No,No,No,No,No internet service,No,two year,Yes,mailed_check,125.09,4002.86,No
CUST-01120,Male,1,No,Yes,72,Yes,No,Fiber optic,Yes,No,No,No,No,No,one year,Yes,credit_card,96.06,6915.96,No
CUST-01121,Female,1,Yes,No,56,No,No phone service,No,Yes,Yes,No,Yes,No internet service,Yes,month-to-month,Yes,credit_card,33.87,1896.48,No
CUST-01122,Female,0,No,Yes,68,Yes,No,No,Yes,No,No,No,No,Yes,month-to-month,No,electronic_check,22.98,1562.63,No
CUST-01123,Female,1,Yes,No,1,Yes,No,DSL,No,No internet service,Yes,No internet service,No,No internet service,month-to-month,Yes,electronic_check,44.01,44.01,Yes
CUST-01124,Male,0,Yes,Yes,65,Yes,No,Fiber optic,Yes,No internet service,Yes,No internet service,No internet service,Yes,month-to-month,Yes,credit_card,103.4,6720.78,No
CUST-01125,Male,0,Yes,No,40,Yes,No,Fiber optic,No,No,No,Yes,No,No internet service,month-to-month,No,electronic_check,96.8,3871.89,Yes
CUST-01126,Male,0,No,No,15,Yes,Yes,Fiber optic,No,Yes,No,No internet service,No,No internet service,month-to-month,Yes,mailed_check,127.49,1912.35,Yes
CUST-01127,Female,1,Yes,No,26,Yes,Yes,Fiber optic,No internet service,No internet service,No,Yes,No,No,month-to-month,Yes,credit_card,123.88,3220.96,No
CUST-01128,Male,1,No,No,36,Yes,Yes,DSL,Yes,No internet service,Yes,Yes,No,Yes,two year,Yes,electronic_check,58.0,2088.18,No
CUST-01129,Male,0,Yes,No,34,Yes,Yes,Fiber optic,Yes,No,Yes,No,No,No,two year,Yes,electronic_check,125.37,4262.64,No
CUST-01130,Male,0,No,Yes,67,No,No phone service,DSL,No,Yes,No,No internet service,No internet service,Yes,two year,No,bank_transfer,67.1,4495.42,No
CUST-01131,Male,0,Yes,No,64,Yes,No,Fiber optic,Yes,No,No internet service,No internet service,Yes,Yes,two year,No,mailed_check,114.5,7328.22,No
CUST-01132,Male,1,Yes,No,54,No,No phone service,Fiber optic,Yes,Yes,Yes,No,No internet service,No,one year,No,electronic_check,109.25,5899.64,No
CUST-01133,Male,1,No,No,27,No,No phone service,DSL,No internet service,No,No,Yes,Yes,No internet service,one year,No,bank_transfer,45.68,1233.23,No
CUST-01134,Male,0,Yes,No,2,Yes,No,Fiber optic,No,No internet service,No,No,No internet service,No,month-to-month,Yes,electronic_check,96.38,192.77,Yes
CUST-01135,Male,0,No,Yes,48,Yes,Yes,Fiber optic,Yes,No internet service,No internet service,No internet service,No,No,one year,No,electronic_check,98.28,4717.32,No
CUST-01136,Female,1,Yes,Yes,8,Yes,No,DSL,No,Yes,No internet service,No,No,No,month-to-month,No,credit_card,64.16,513.28,Yes
CUST-01137,Male,0,No,No,4,Yes,No,DSL,Yes,No internet service,No,No,No internet service,No,month-to-month,Yes,bank_transfer,47.7,190.8,Yes
CUST-01138,Male,0,Yes,Yes,23,Yes,Yes,Fiber optic,Yes,Yes,Yes,No,Yes,No,month-to-month,No,mailed_check,114.04,2622.96,No
CUST-01139,Female,0,No,Yes,13,No,No phone service,DSL,No,No,No,No,Yes,Yes,month-to-month,No,electronic_check,73.63,957.21,Yes
CUST-01140,Male,0,Yes,No,0,Yes,Yes,Fiber optic,No,Yes,No internet service,No,No,No internet service,month-to-month,Yes,electronic_check,88.19,88.19,No
CUST-01141,Male,0,Yes,Yes,58,Yes,No,DSL,No,No,No,No internet service,No,Yes,month-to-month,No,mailed_check,35.88,2081.21,No
CUST-01142,Male,1,Yes,Yes,31,Yes,No,Fiber optic,No,No,No,No internet service,No internet service,Yes,month-to-month,Yes,electronic_check,116.8,3620.81,Yes
CUST-01143,Male,1,No,No,22,Yes,No,Fiber optic,No internet service,No,No internet service,No,Yes,Yes,two year,Yes,bank_transfer,142.23,3129.11,No
CUST-01144,Male,1,No,No,31,Yes,No,Fiber optic,No internet service,No internet service,Yes,Yes,Yes,Yes,two year,Yes,electronic_check,97.21,3013.4,No
CUST-01145,Male,1,Yes,Yes,6,Yes,Yes,DSL,No,Yes,No internet service,No,No,No,two year,Yes,electronic_check,95.91,575.48,No
CUST-01146,Female,1,Yes,No,34,Yes,No,Fiber optic,No internet service,Yes,Yes,No,Yes,Yes,two year,No,bank_transfer,113.84,3870.67,No
CUST-01147,Male,0,No,Yes,49,No,No phone service,DSL,Yes,No,No,No internet service,No,No,one year,Yes,mailed_check,31.79,1557.7,No
CUST-01148,Male,0,No,Yes,41,Yes,No,Fiber optic,No,No,No internet service,No internet service,No,No internet service,one year,Yes,electronic_check,88.54,3630.01,No
CUST-01149,Female,1,Yes,No,10,No,No phone service,Fiber optic,No,Yes,Yes,No,No,Yes,one year,No,electronic_check,115.27,1152.7,No
CUST-01150,Female,1,No,No,22,Yes,Yes,Fiber optic,No,No,No,No,No,No,month-to-month,Yes,electronic_check,134.2,2952.3,Yes
CUST-01151,Male,0,Yes,No,17,Yes,No,Fiber optic,Yes,No internet service,Yes,No,Yes,Yes,month-to-month,No,electronic_check,95.77,1628.01,Yes
CUST-01152,Female,1,Yes,No,49,Yes,No,DSL,No internet service,No,Yes,Yes,No internet service,No,month-to-month,Yes,credit_card,63.32,3102.74,No
CUST-01153,Male,1,No,No,19,Yes,No,Fiber optic,No internet service,Yes,Yes,Yes,No internet service,No,month-to-month,Yes,credit_card,80.04,1520.78,No
CUST-01154,Female,0,Yes,No,25,Yes,No,No,Yes,No,Yes,No internet service,Yes,Yes,month-to-month,No,mailed_check,35.11,877.76,No
CUST-01155,Male,0,Yes,Yes,15,Yes,Yes,Fiber optic,Yes,Yes,No internet service,Yes,No internet service,Yes,month-to-month,No,credit_card,77.47,1161.99,No
CUST-01156,Male,1,No,Yes,64,Yes,Yes,Fiber optic,No,No,Yes,No internet service,No internet service,No,month-to-month,Yes,mailed_check,88.13,5640.22,No
CUST-01157,Male,0,No,No,24,Yes,Yes,Fiber optic,No,No,Yes,Yes,Yes,Yes,month-to-month,No,credit_card,119.03,2856.69,No
CUST-01158,Male,0,No,Yes,25,No,No phone service,No,No,No internet service,No,No,No internet service,No internet service,one year,Yes,bank_transfer,40.04,1000.98,No
CUST-01159,Male,1,No,No,55,Yes,No,Fiber optic,Yes,No,No,Yes,No,No,two year,Yes,mailed_check,87.06,4788.5,No
CUST-01160,Male,1,No,No,17,Yes,Yes,DSL,No,No,No internet service,No,Yes,No internet service,one year,Yes,bank_transfer,83.81,1424.78,No
CUST-01161,Female,1,No,No,36,Yes,No,DSL,No,No,No,No internet service,Yes,Yes,month-to-month,No,electronic_check,40.74,1466.7,No
CUST-01162,Male,1,No,No,29,No,No phone service,Fiber optic,No internet service,No,No internet service,Yes,Yes,No,one year,No,electronic_check,142.23,4124.72,No
CUST-01163,Male,1,No,No,21,Yes,Yes,DSL,No,No internet service,Yes,No internet service,No,Yes,month-to-month,Yes,mailed_check,36.29,762.0,Yes
CUST-01164,Female,1,No,No,22,Yes,No,DSL,Yes,No internet service,Yes,No,No,No,month-to-month,Yes,credit_card,48.88,1075.3,No
CUST-01165,Female,0,Yes,No,47,Yes,No,Fiber optic,No internet service,No,No internet service,Yes,No internet service,No internet service,month-to-month,Yes,credit_card,79.16,3720.42,No
CUST-01166,Female,1,Yes,No,57,Yes,No,Fiber optic,No internet service,No internet service,Yes,No,Yes,Yes,month-to-month,No,electronic_check,131.4,7490.05,No
CUST-01167,Female,1,Yes,No,66,Yes,No,Fiber optic,Yes,No,No,No,Yes,No,two year,No,electronic_check,75.07,4954.67,No
CUST-01168,Male,0,Yes,No,9,No,No phone service,DSL,No internet service,No internet service,Yes,Yes,No internet service,No,month-to-month,Yes,mailed_check,30.78,276.98,No
CUST-01169,Female,0,Yes,No,27,Yes,No,Fiber optic,No internet service,No internet service,No internet service,No,No,Yes,month-to-month,No,credit_card,110.33,2978.81,No
CUST-01170,Male,0,No,Yes,46,Yes,Yes,No,No internet service,Yes,No,Yes,Yes,No,month-to-month,No,mailed_check,6.49,298.41,No
CUST-01171,Female,1,No,No,66,Yes,Yes,Fiber optic,No,Yes,No,Yes,Yes,No,month-to-month,Yes,bank_transfer,127.91,8442.31,No
CUST-01172,Female,1,Yes,No,46,Yes,No,Fiber optic,No,Yes,No,No,No,No internet service,two year,Yes,mailed_check,116.98,5380.9,No
CUST-01173,Male,1,No,No,58,Yes,No,DSL,No internet service,No internet service,No,No internet service,No internet service,Yes,two year,No,electronic_check,69.45,4028.07,No
CUST-01174,Female,1,No,Yes,17,Yes,Yes,Fiber optic,No,No internet service,No internet service,No internet service,No,Yes,month-to-month,Yes,credit_card,95.73,1627.43,No
CUST-01175,Male,1,No,Yes,0,Yes,Yes,Fiber optic,No,No,No,No,No,Yes,two year,Yes,mailed_check,93.55,93.55,No
CUST-01176,Female,1,Yes,No,29,Yes,Yes,DSL,No internet service,No,Yes,No,No,Yes,two year,No,credit_card,62.91,1824.28,No
CUST-01177,Male,0,No,No,46,Yes,Yes,No,No,No internet service,Yes,Yes,Yes,No,month-to-month,Yes,credit_card,24.56,1129.97,No
CUST-01178,Male,0,Yes,No,24,Yes,No,No,No,Yes,Yes,No internet service,Yes,No,one year,Yes,bank_transfer,10.58,253.87,No
CUST-01179,Male,1,Yes,Yes,22,Yes,Yes,Fiber optic,No,No,No,Yes,No internet service,No internet service,month-to-month,Yes,mailed_check,86.95,1912.84,Yes
CUST-01180,Female,0,No,No,44,Yes,Yes,DSL,No internet service,No internet service,No internet service,Yes,No,No internet service,two year,No,bank_transfer,67.54,2971.66,No
CUST-01181,Male,0,No,Yes,13,Yes,Yes,Fiber optic,No internet service,No internet service,No,No internet service,Yes,Yes,two year,Yes,bank_transfer,93.16,1211.13,Yes
CUST-01182,Female,0,No,No,33,Yes,No,DSL,No internet service,Yes,Yes,Yes,No,Yes,one year,No,mailed_check,72.02,2376.82,No
CUST-01183,Male,1,Yes,No,17,Yes,No,DSL,No internet service,No,No internet service,No,No,No internet service,two year,Yes,electronic_check,71.98,1223.74,No
CUST-01184,Female,0,No,No,38,Yes,Yes,DSL,No internet service,No internet service,Yes,No,No,No,month-to-month,No,electronic_check,46.2,1755.56,No
CUST-01185,Male,1,No,Yes,48,Yes,No,DSL,Yes,Yes,No internet service,No internet service,Yes,Yes,month-to-month,No,electronic_check,39.57,1899.32,No
CUST-01186,Male,0,Yes,Yes,43,Yes,Yes,DSL,Yes,No internet service,Yes,Yes,No internet service,No,month-to-month,Yes,credit_card,72.44,3114.73,No
CUST-01187,Female,1,No,No,68,Yes,Yes,DSL,No internet service,No,Yes,No,Yes,Yes,one year,Yes,mailed_check,58.64,3987.63,No
CUST-01188,Female,1,No,Yes,57,Yes,Yes,Fiber optic,No,No,No,No internet service,No internet service,Yes,month-to-month,No,credit_card,90.99,5186.68,No
CUST-01189,Female,0,Yes,No,19,Yes,No,No,Yes,No internet service,No,Yes,No,Yes,month-to-month,Yes,electronic_check,17.41,330.81,Yes
CUST-01190,Male,0,Yes,No,15,No,No phone service,Fiber optic,No internet service,No internet service,No internet service,No,No,Yes,one year,No,electronic_check,86.14,1292.12,No
CUST-01191,Female,0,No,No,46,Yes,Yes,Fiber optic,No internet service,No internet service,Yes,No,No internet service,Yes,two year,Yes,electronic_check,97.83,4500.17,No
CUST-01192,Male,0,No,Yes,9,Yes,No,Fiber optic,No internet service,No,No internet service,No,Yes,Yes,one year,No,bank_transfer,135.57,1220.13,No
CUST-01193,Female,0,No,No,3,Yes,No,DSL,Yes,No,Yes,Yes,Yes,No,two year,Yes,mailed_check,51.56,154.69,No
CUST-01194,Female,0,No,No,22,Yes,No,Fiber optic,No internet service,No internet service,No internet service,No,No internet service,No,two year,Yes,mailed_check,66.22,1456.78,No
CUST-01195,Female,1,No,No,19,No,No phone service,DSL,No,Yes,No,No,Yes,Yes,month-to-month,Yes,electronic_check,25.97,493.4,Yes
CUST-01196,Male,1,No,No,29,Yes,No,Fiber optic,Yes,No,No internet service,No,No,No,one year,Yes,electronic_check,120.62,3497.93,No
CUST-01197,Male,1,Yes,No,28,No,No phone service,Fiber optic,No,Yes,No,No internet service,No internet service,No internet service,two year,Yes,bank_transfer,117.32,3285.0,No
CUST-01198,Male,1,Yes,No,12,Yes,Yes,Fiber optic,No internet service,Yes,Yes,No internet service,No internet service,No,month-to-month,No,electronic_check,65.4,784.76,No
CUST-01199,Male,0,Yes,No,45,Yes,No,Fiber optic,No,No internet service,Yes,Yes,Yes,Yes,one year,No,electronic_check,113.81,5121.36,No
CUST-01200,Female,0,Yes,Yes,21,Yes,No,No,No internet service,Yes,No internet service,Yes,Yes,No internet service,month-to-month,No,electronic_check,7.87,165.18,No
CUST-01201,Male,0,No,No,48,Yes,No,Fiber optic,No,No,Yes,No internet service,No,No,month-to-month,Yes,electronic_check,82.37,3953.78,No
CUST-01202,Female,0,Yes,Yes,10,No,No phone service,Fiber optic,No internet service,No internet service,No,No,No,No internet service,one year,Yes,electronic_check,103.27,1032.67,Yes
CUST-01203,Female,0,No,No,0,No,No phone service,DSL,Yes,Yes,No,No,Yes,Yes,month-to-month,Yes,mailed_check,44.53,44.53,No
CUST-01204,Male,1,No,No,23,Yes,No,Fiber optic,No internet service,No internet service,No internet service,No internet service,No,No,two year,No,electronic_check,141.98,3265.45,No
CUST-01205,Male,1,Yes,Yes,42,Yes,Yes,Fiber optic,Yes,Yes,No internet service,No internet service,No internet service,No internet service,one year,Yes,electronic_check,93.07,3908.8,No
CUST-01206,Female,1,Yes,No,50,Yes,No,Fiber optic,No,Yes,Yes,No,No internet service,No internet service,two year,Yes,electronic_check,139.43,6971.65,No
CUST-01207,Male,1,Yes,No,1,Yes,No,No,No internet service,No,No internet service,Yes,No,No internet service,one year,No,electronic_check,37.2,37.2,No
CUST-01208,Male,1,Yes,No,10,Yes,Yes,DSL,No internet service,No,No,No internet service,Yes,No internet service,month-to-month,Yes,electronic_check,88.41,884.08,No
CUST-01209,Male,1,Yes,No,22,No,No phone service,Fiber optic,No internet service,No internet service,Yes,No internet service,No internet service,No,one year,No,credit_card,94.84,2086.41,No
CUST-01210,Female,0,No,No,25,Yes,Yes,DSL,No internet service,No internet service,No,No internet service,Yes,No internet service,month-to-month,Yes,electronic_check,39.66,991.39,No
CUST-01211,Male,1,No,No,29,No,No phone service,Fiber optic,Yes,No internet service,No,No internet service,No,No,month-to-month,No,electronic_check,126.53,3669.25,Yes
CUST-01212,Female,0,No,No,42,Yes,Yes,DSL,No,No,Yes,No,No,Yes,month-to-month,Yes,bank_transfer,53.63,2252.64,No
CUST-01213,Female,0,No,No,54,Yes,Yes,DSL,No,No internet service,No internet service,Yes,No internet service,No internet service,two year,Yes,bank_transfer,87.58,4729.43,No
CUST-01214,Male,1,No,No,65,No,No phone service,DSL,No,No internet service,No,No,No,Yes,two year,No,mailed_check,57.14,3714.3,No
CUST-01215,Male,1,Yes,Yes,6,Yes,Yes,DSL,No,No,No internet service,No,Yes,No internet service,month-to-month,Yes,credit_card,52.75,316.53,No
CUST-01216,Female,1,No,No,8,Yes,No,DSL,No,No,No,No,No,No,month-to-month,No,credit_card,54.59,436.75,No
CUST-01217,Male,0,No,No,9,No,No phone service,Fiber optic,No internet service,No internet service,No,No,No,No,month-to-month,Yes,bank_transfer,96.84,871.56,No
CUST-01218,Male,1,No,No,66,Yes,Yes,Fiber optic,No internet service,Yes,No,Yes,No,Yes,one year,Yes,electronic_check,92.46,6102.09,No
CUST-01219,Male,1,No,No,20,Yes,Yes,DSL,Yes,No,No internet service,No,No internet service,Yes,one year,No,electronic_check,72.53,1450.7,No
CUST-01220,Male,0,Yes,No,0,Yes,No,DSL,Yes,Yes,No,No,Yes,Yes,month-to-month,Yes,mailed_check,66.54,66.54,Yes
CUST-01221,Male,0,Yes,Yes,68,Yes,No,DSL,Yes,No internet service,No,No internet service,No internet service,No internet service,month-to-month,Yes,bank_transfer,46.15,3137.92,No
CUST-01222,Female,0,No,Yes,53,Yes,Yes,DSL,Yes,Yes,No internet service,No,No,Yes,month-to-month,Yes,electronic_check,74.51,3949.06,No
CUST-01223,Female,0,Yes,No,50,Yes,No,DSL,Yes,Yes,Yes,No,No,No internet service,one year,Yes,electronic_check,64.95,3247.37,No
CUST-01224,Male,1,Yes,No,20,Yes,Yes,DSL,No,No,Yes,No,Yes,Yes,month-to-month,No,electronic_check,62.79,1255.72,No
CUST-01225,Male,1,No,Yes,12,Yes,No,Fiber optic,No,No internet service,Yes,No internet service,No,Yes,month-to-month,No,credit_card,79.53,954.41,No
CUST-01226,Female,1,No,No,28,Yes,No,Fiber optic,No,No internet service,No internet service,No internet service,No,No internet service,month-to-month,Yes,credit_card,76.01,2128.21,Yes
CUST-01227,Female,0,Yes,No,5,Yes,No,No,No internet service,Yes,No,Yes,No internet service,No,one year,No,electronic_check,42.98,214.9,No
CUST-01228,Female,1,Yes,No,10,Yes,No,Fiber optic,No,No internet service,No internet service,No,Yes,No,two year,No,mailed_check,108.11,1081.11,No
CUST-01229,Male,0,No,No,71,Yes,No,DSL,No,Yes,No internet service,Yes,No internet service,Yes,month-to-month,Yes,credit_card,47.98,3406.33,No
CUST-01230,Male,1,Yes,No,51,Yes,Yes,Fiber optic,No,No internet service,Yes,Yes,No internet service,No internet service,two year,No,credit_card,126.46,6449.7,No
CUST-01231,Male,1,No,Yes,71,Yes,No,Fiber optic,No,No internet service,No,Yes,No,No,one year,Yes,electronic_check,72.29,5132.9,No
CUST-01232,Female,1,No,Yes,61,Yes,Yes,DSL,Yes,Yes,No internet service,No,No,No internet service,one year,Yes,mailed_check,75.78,4622.45,No
CUST-01233,Male,0,No,No,27,No,No phone service,DSL,No,No internet service,Yes,No internet service,Yes,No internet service,month-to-month,No,electronic_check,51.89,1400.92,No
CUST-01234,Male,0,No,No,17,Yes,No,DSL,Yes,No internet service,No internet service,No internet service,Yes,Yes,month-to-month,No,credit_card,66.43,1129.24,Yes
CUST-01235,Female,1,No,No,40,Yes,No,Fiber optic,No,No internet service,No,No internet service,No internet service,No,one year,Yes,electronic_check,125.85,5034.1,No
CUST-01236,Male,0,No,No,26,Yes,Yes,Fiber optic,No,No internet service,Yes,Yes,Yes,No internet service,two year,No,mailed_check,127.45,3313.78,No
CUST-01237,Female,1,Yes,No,40,Yes,No,No,No internet service,No internet service,No,No internet service,No,No,one year,No,bank_transfer,16.96,678.27,No
CUST-01238,Female,1,Yes,No,30,Yes,No,No,Yes,No internet service,No,No,No,No internet service,two year,Yes,mailed_check,18.11,543.32,No
CUST-01239,Female,1,No,No,2,Yes,No,DSL,No internet service,No,Yes,No internet service,No internet service,Yes,two year,Yes,mailed_check,67.36,134.72,No
CUST-01240,Female,0,Yes,No,7,No,No phone service,DSL,Yes,No,No,Yes,No internet service,No,month-to-month,Yes,credit_card,56.1,392.68,No
CUST-01241,Female,1,Yes,No,28,Yes,No,DSL,Yes,No,No,No internet service,No internet service,No,month-to-month,Yes,electronic_check,50.94,1426.3,Yes
CUST-01242,Female,0,No,No,34,No,No phone service,DSL,No,No,No,Yes,No,Yes,month-to-month,Yes,electronic_check,64.98,2209.22,No
CUST-01243,Male,0,Yes,Yes,64,Yes,No,DSL,No internet service,No internet service,Yes,No internet service,No internet service,No internet service,month-to-month,Yes,bank_transfer,59.64,3817.0,No
CUST-01244,Female,1,No,No,0,Yes,No,DSL,No,No internet service,No,Yes,No internet service,No,two year,No,credit_card,47.9,47.9,No
CUST-01245,Male,1,Yes,Yes,20,Yes,Yes,Fiber optic,No internet service,Yes,No internet service,No,Yes,No internet service,month-to-month,Yes,bank_transfer,95.41,1908.25,Yes
CUST-01246,Male,0,No,Yes,31,Yes,Yes,Fiber optic,Yes,No,Yes,No,No,Yes,two year,Yes,mailed_check,99.98,3099.28,No
CUST-01247,Male,1,Yes,Yes,26,Yes,Yes,DSL,No internet service,No internet service,No,No,Yes,No internet service,one year,Yes,electronic_check,54.36,1413.44,No
CUST-01248,Female,0,Yes,No,69,Yes,Yes,DSL,No,No,No,Yes,No,No internet service,month-to-month,Yes,bank_transfer,48.41,3340.6,No
CUST-01249,Female,0,Yes,No,34,Yes,No,Fiber optic,Yes,Yes,Yes,No,No,Yes,two year,No,electronic_check,127.96,4350.48,No
CUST-01250,Male,0,Yes,Yes,34,Yes,No,DSL,No,Yes,Yes,No,No internet service,No internet service,two year,Yes,electronic_check,94.13,3200.52,No
CUST-01251,Female,0,Yes,No,64,Yes,Yes,Fiber optic,No,Yes,No,Yes,No internet service,No internet service,month-to-month,No,credit_card,71.05,4547.43,No
CUST-01252,Male,0,Yes,Yes,26,Yes,Yes,DSL,No internet service,No internet service,Yes,Yes,Yes,No internet service,month-to-month,Yes,mailed_check,48.57,1262.76,Yes
CUST-01253,Female,0,No,No,35,Yes,Yes,No,No internet service,No internet service,No,No,No internet service,No internet service,month-to-month,No,credit_card,17.28,604.76,No
CUST-01254,Male,1,No,Yes,11,Yes,No,DSL,No,No internet service,No,No internet service,No,Yes,two year,No,electronic_check,65.62,721.82,No
CUST-01255,Male,1,Yes,No,53,Yes,No,DSL,No,No internet service,No,Yes,No internet service,No,two year,Yes,electronic_check,70.71,3747.83,No
CUST-01256,Male,1,No,Yes,46,Yes,No,Fiber optic,Yes,No internet service,Yes,Yes,No,No internet service,month-to-month,Yes,electronic_check,115.45,5310.88,No
CUST-01257,Male,1,No,Yes,54,Yes,No,Fiber optic,Yes,No,Yes,Yes,No,No internet service,month-to-month,Yes,mailed_check,86.48,4670.15,No
CUST-01258,Female,0,No,Yes,36,Yes,Yes,No,No,No,No,No internet service,No internet service,No internet service,month-to-month,No,credit_card,25.14,904.88,No
CUST-01259,Male,1,No,Yes,51,Yes,Yes,DSL,No,Yes,Yes,No,No internet service,No internet service,one year,No,electronic_check,62.06,3165.02,No
CUST-01260,Male,1,No,No,11,Yes,No,DSL,Yes,No,Yes,No,No internet service,No internet service,month-to-month,Yes,bank_transfer,51.65,568.13,No
CUST-01261,Male,1,No,No,39,Yes,Yes,No,No internet service,No internet service,No,No internet service,No internet service,No,month-to-month,No,bank_transfer,2.5,97.38,No
CUST-01262,Male,0,Yes,Yes,34,Yes,No,Fiber optic,No internet service,No,No,No internet service,No,No internet service,month-to-month,No,electronic_check,113.06,3844.16,Yes
CUST-01263,Male,1,Yes,No,7,Yes,No,Fiber optic,No internet service,No internet service,No,No,No,No,month-to-month,No,mailed_check,78.11,546.76,Yes
CUST-01264,Female,0,No,No,39,Yes,No,DSL,No internet service,No internet service,No internet service,No,No internet service,No internet service,month-to-month,No,credit_card,71.06,2771.19,No
CUST-01265,Male,1,Yes,Yes,38,Yes,Yes,Fiber optic,No internet service,Yes,Yes,No internet service,No,Yes,month-to-month,Yes,credit_card,120.57,4581.72,No
CUST-01266,Female,0,Yes,Yes,66,Yes,No,Fiber optic,No,No internet service,Yes,No,Yes,No internet service,one year,No,electronic_check,107.86,7119.03,No
CUST-01267,Female,0,No,No,65,Yes,No,Fiber optic,No,Yes,No internet service,No,No internet service,No internet service,month-to-month,Yes,electronic_check,93.86,6101.04,No
CUST-01268,Male,0,No,Yes,21,Yes,No,Fiber optic,Yes,Yes,No internet service,No,Yes,Yes,month-to-month,Yes,bank_transfer,91.23,1915.89,No
CUST-01269,Female,0,Yes,Yes,38,No,No phone service,DSL,No,No internet service,No,No,No,No internet service,month-to-month,No,bank_transfer,69.37,2636.03,No
CUST-01270,Female,1,No,Yes,41,Yes,No,DSL,Yes,Yes,No,No,Yes,No internet service,month-to-month,Yes,mailed_check,58.15,2384.29,No
CUST-01271,Female,1,No,Yes,56,Yes,No,DSL,No,No,No,No internet service,No,No internet service,month-to-month,Yes,electronic_check,46.15,2584.67,No
CUST-01272,Male,1,No,Yes,68,Yes,No,DSL,Yes,No internet service,No,Yes,No,Yes,two year,Yes,electronic_check,62.46,4247.37,No
CUST-01273,Male,1,Yes,No,34,Yes,No,Fiber optic,No,Yes,Yes,No internet service,No,Yes,month-to-month,No,mailed_check,86.85,2953.04,Yes
CUST-01274,Female,1,Yes,No,72,Yes,No,Fiber optic,No,No,Yes,No internet service,Yes,Yes,month-to-month,Yes,electronic_check,113.7,8186.57,No
CUST-01275,Female,0,Yes,Yes,61,Yes,Yes,No,Yes,Yes,No internet service,Yes,Yes,No internet service,one year,No,credit_card,10.24,624.36,No
CUST-01276,Male,0,No,Yes,16,Yes,No,DSL,No,No,No internet service,Yes,No internet service,No,month-to-month,No,credit_card,83.77,1340.25,No
CUST-01277,Male,0,Yes,No,55,Yes,Yes,No,Yes,No,No,No,No internet service,No,two year,No,bank_transfer,18.54,1019.84,No
CUST-01278,Male,1,No,No,55,Yes,No,Fiber optic,No,No internet service,No,No,No,No internet service,month-to-month,No,mailed_check,72.12,3966.61,No
CUST-01279,Female,0,No,Yes,17,Yes,No,Fiber optic,No internet service,No,No internet service,No,Yes,No internet service,month-to-month,Yes,mailed_check,103.53,1760.05,No
CUST-01280,Male,0,No,Yes,22,Yes,No,No,No internet service,No internet service,No internet service,No,No internet service,No internet service,two year,Yes,credit_card,41.36,909.82,No
CUST-01281,Female,0,No,No,12,Yes,Yes,DSL,Yes,No internet service,Yes,No internet service,No internet service,Yes,two year,No,electronic_check,69.68,836.14,No
CUST-01282,Male,1,Yes,No,63,Yes,Yes,Fiber optic,Yes,Yes,Yes,No,No,No,two year,No,electronic_check,104.26,6568.39,No
CUST-01283,Female,1,Yes,Yes,35,Yes,No,DSL,Yes,No internet service,No internet service,No,Yes,No internet service,one year,Yes,mailed_check,54.91,1921.82,No
CUST-01284,Female,0,Yes,Yes,0,Yes,No,DSL,Yes,No,Yes,No,No,No internet service,month-to-month,No,electronic_check,37.89,37.89,Yes
CUST-01285,Male,0,Yes,No,13,Yes,Yes,Fiber optic,Yes,No,No internet service,No internet service,No,No,month-to-month,Yes,electronic_check,123.23,1601.93,Yes
CUST-01286,Female,1,No,No,63,Yes,Yes,DSL,No,No,No,No,No internet service,No,two year,Yes,electronic_check,67.29,4239.34,No
CUST-01287,Male,1,Yes,Yes,51,Yes,No,DSL,Yes,No internet service,No internet service,Yes,No internet service,No,one year,No,bank_transfer,47.94,2444.88,No
CUST-01288,Female,1,Yes,No,10,Yes,No,DSL,Yes,Yes,Yes,No internet service,No internet service,Yes,one year,No,electronic_check,46.25,462.5,No
CUST-01289,Female,0,Yes,No,51,Yes,No,No,Yes,No,No,Yes,No internet service,No internet service,one year,Yes,credit_card,42.18,2151.04,No
CUST-01290,Male,1,No,No,5,Yes,Yes,DSL,No,No,Yes,No,No internet service,Yes,two year,No,electronic_check,63.85,319.27,No
CUST-01291,Male,1,No,No,35,Yes,No,Fiber optic,No,Yes,Yes,No,No internet service,No internet service,month-to-month,No,bank_transfer,97.42,3409.61,No
CUST-01292,Male,1,No,Yes,44,Yes,No,DSL,Yes,No internet service,No internet service,No,No,No,one year,No,electronic_check,61.51,2706.29,No
CUST-01293,Male,1,Yes,No,30,Yes,Yes,DSL,No,No internet service,No,Yes,No,No,two year,No,mailed_check,92.15,2764.59,No
CUST-01294,Female,0,Yes,No,2,No,No phone service,No,No,No internet service,No,No,No internet service,No,month-to-month,Yes,credit_card,34.36,68.73,No
CUST-01295,Male,1,No,No,54,Yes,Yes,DSL,No,No,No internet service,Yes,No internet service,No,one year,Yes,mailed_check,45.1,2435.3,No
CUST-01296,Male,0,No,No,31,Yes,Yes,DSL,Yes,No,No internet service,No internet service,No internet service,No internet service,month-to-month,Yes,credit_card,63.32,1962.83,No
CUST-01297,Female,1,Yes,Yes,56,Yes,Yes,Fiber optic,No,No,No,No internet service,Yes,No,two year,No,electronic_check,111.14,6223.81,No
CUST-01298,Male,1,Yes,No,65,Yes,Yes,Fiber optic,No internet service,Yes,No internet service,No internet service,No,Yes,one year,No,mailed_check,129.68,8429.11,No
CUST-01299,Female,1,No,No,61,Yes,Yes,Fiber optic,No,No internet service,Yes,Yes,Yes,No,one year,No,credit_card,108.27,6604.68,No
CUST-01300,Female,0,No,No,11,No,No phone service,Fiber optic,No,No,No internet service,No internet service,Yes,No internet service,month-to-month,Yes,mailed_check,88.35,971.84,No
CUST-01301,Male,0,Yes,Yes,25,Yes,No,DSL,No,Yes,Yes,No internet service,No,Yes,month-to-month,No,mailed_check,48.73,1218.21,No
CUST-01302,Female,0,Yes,No,64,Yes,No,No,No,No,No internet service,Yes,No,No internet service,one year,Yes,electronic_check,30.08,1925.26,No
CUST-01303,Female,1,No,No,13,Yes,No,No,No internet service,No,Yes,No,No,No,month-to-month,Yes,mailed_check,28.8,374.34,No
CUST-01304,Female,1,Yes,No,23,Yes,No,DSL,No,No,Yes,No,Yes,Yes,month-to-month,No,mailed_check,42.96,987.99,No
CUST-01305,Female,1,No,No,34,Yes,No,DSL,No,Yes,No,No,Yes,Yes,month-to-month,No,mailed_check,59.06,2007.94,No
CUST-01306,Female,0,No,No,69,Yes,Yes,DSL,Yes,Yes,No,No,No,No internet service,month-to-month,Yes,electronic_check,44.62,3078.7,No
CUST-01307,Female,0,No,No,15,Yes,No,DSL,No,Yes,No,No,Yes,Yes,month-to-month,Yes,electronic_check,39.32,589.76,No
CUST-01308,Female,0,No,No,33,Yes,No,DSL,No,Yes,No,No,No,No,one year,Yes,electronic_check,85.12,2808.86,No
CUST-01309,Female,0,No,No,53,Yes,No,No,No internet service,No internet service,No internet service,No,No internet service,No internet service,month-to-month,No,mailed_check,13.7,726.14,No
CUST-01310,Female,1,No,No,53,Yes,No,DSL,No,No,No internet service,No internet service,No,No internet service,month-to-month,Yes,electronic_check,49.42,2619.01,No
CUST-01311,Female,0,No,No,23,Yes,No,Fiber optic,Yes,No internet service,No,No internet service,Yes,No internet service,month-to-month,Yes,bank_transfer,114.61,2636.14,Yes
CUST-01312,Female,0,Yes,No,48,No,No phone service,No,No,Yes,No,No internet service,No,Yes,month-to-month,No,mailed_check,33.43,1604.56,No
CUST-01313,Male,1,Yes,Yes,51,Yes,No,No,No internet service,No internet service,No,No,No,No internet service,month-to-month,Yes,mailed_check,38.04,1940.14,No
CUST-01314,Male,1,Yes,No,30,No,No phone service,DSL,No internet service,No,No,Yes,No internet service,No internet service,one year,Yes,electronic_check,71.9,2156.96,No
CUST-01315,Male,1,No,Yes,16,Yes,No,Fiber optic,Yes,No internet service,Yes,No,No internet service,Yes,two year,Yes,mailed_check,109.09,1745.44,No
CUST-01316,Female,0,Yes,No,34,Yes,No,DSL,No,No,Yes,No,No,No,month-to-month,Yes,electronic_check,88.42,3006.42,No
CUST-01317,Female,0,Yes,No,17,Yes,No,Fiber optic,No,No internet service,No internet service,No,No,Yes,month-to-month,Yes,bank_transfer,129.75,2205.81,No
CUST-01318,Female,0,Yes,No,33,No,No phone service,Fiber optic,No,Yes,No,No,Yes,No internet service,two year,Yes,bank_transfer,97.48,3216.98,No
CUST-01319,Male,1,Yes,Yes,23,Yes,Yes,DSL,Yes,No,No,No,Yes,No,one year,Yes,mailed_check,84.04,1932.91,No
CUST-01320,Female,1,Yes,Yes,69,Yes,Yes,Fiber optic,No,No internet service,No internet service,No,No,Yes,one year,No,mailed_check,75.09,5181.52,No
CUST-01321,Male,0,No,No,6,No,No phone service,Fiber optic,No internet service,Yes,No internet service,No,No,No internet service,month-to-month,Yes,credit_card,103.55,621.31,Yes
CUST-01322,Female,0,Yes,Yes,42,Yes,Yes,DSL,No,No,No,No internet service,No,Yes,month-to-month,No,credit_card,31.01,1302.51,No
CUST-01323,Female,1,Yes,No,7,Yes,No,Fiber optic,No internet service,No,No internet service,No,No internet service,No internet service,two year,No,credit_card,79.06,553.41,No
CUST-01324,Male,0,No,No,14,Yes,No,Fiber optic,No internet service,No,No internet service,No,No,No internet service,one year,No,bank_transfer,125.52,1757.33,No
CUST-01325,Female,1,Yes,Yes,14,Yes,No,Fiber optic,Yes,Yes,No internet service,No,Yes,No internet service,two year,No,electronic_check,84.46,1182.49,No
CUST-01326,Male,1,No,No,68,No,No phone service,No,No internet service,Yes,No,No,No,No,month-to-month,No,bank_transfer,24.7,1679.93,No
CUST-01327,Female,0,No,Yes,28,Yes,No,DSL,Yes,No internet service,No,No internet service,No,No internet service,month-to-month,Yes,bank_transfer,87.08,2438.37,Yes
CUST-01328,Male,1,No,No,56,Yes,No,Fiber optic,No,No,Yes,Yes,No internet service,No internet service,two year,Yes,bank_transfer,107.01,5992.49,No
CUST-01329,Female,1,No,No,7,Yes,No,DSL,Yes,No,Yes,Yes,No,Yes,month-to-month,Yes,electronic_check,60.47,423.27,Yes
CUST-01330,Male,0,No,Yes,59,Yes,No,DSL,No,No,No internet service,No,Yes,No,month-to-month,Yes,electronic_check,78.62,4638.68,No
CUST-01331,Female,1,Yes,No,54,Yes,No,Fiber optic,No,No,Yes,No,No,No,two year,Yes,mailed_check,86.96,4695.8,No
CUST-01332,Male,0,Yes,No,51,No,No phone service,DSL,No internet service,No,No internet service,No internet service,No,Yes,month-to-month,No,credit_card,60.61,3091.07,No
CUST-01333,Female,1,No,No,21,Yes,No,DSL,No internet service,Yes,No internet service,No,Yes,No,one year,Yes,mailed_check,35.09,736.97,No
CUST-01334,Female,1,No,No,36,Yes,Yes,DSL,Yes,No,No,No,No,No,month-to-month,Yes,electronic_check,46.36,1668.93,No
CUST-01335,Male,1,Yes,No,33,Yes,Yes,DSL,No internet service,No,No,No,Yes,No,month-to-month,Yes,electronic_check,86.17,2843.55,No
CUST-01336,Female,0,No,No,58,Yes,Yes,Fiber optic,No internet service,No internet service,Yes,No,Yes,No,month-to-month,No,mailed_check,121.44,7043.43,No
CUST-01337,Female,1,Yes,Yes,27,Yes,Yes,Fiber optic,No,Yes,No,No internet service,No,Yes,two year,Yes,electronic_check,86.9,2346.18,No
CUST-01338,Female,1,No,Yes,1,Yes,Yes,Fiber optic,Yes,Yes,Yes,Yes,No internet service,No,two year,Yes,electronic_check,91.09,91.09,No
CUST-01339,Female,1,No,No,20,Yes,No,DSL,No,No internet service,Yes,No,No,No internet service,month-to-month,Yes,credit_card,42.75,855.1,Yes
CUST-01340,Male,0,Yes,Yes,48,No,No phone service,Fiber optic,No,No internet service,No,No,No internet service,No internet service,two year,No,credit_card,137.64,6606.66,No
CUST-01341,Female,0,No,Yes,21,Yes,No,Fiber optic,Yes,Yes,No,No,Yes,No,month-to-month,No,electronic_check,104.68,2198.31,Yes
CUST-01342,Female,0,No,No,59,Yes,No,DSL,No,Yes,No,No internet service,Yes,No,month-to-month,No,electronic_check,54.67,3225.26,No
CUST-01343,Male,1,No,Yes,10,Yes,Yes,DSL,Yes,No internet service,No internet service,No,No internet service,No,month-to-month,No,mailed_check,39.08,390.77,No
CUST-01344,Male,1,No,No,33,Yes,Yes,Fiber optic,No internet service,No,Yes,No,No,Yes,two year,No,credit_card,101.15,3338.08,No
CUST-01345,Female,0,No,Yes,46,Yes,Yes,DSL,Yes,Yes,No,No,No,No,one year,Yes,credit_card,49.36,2270.55,No
CUST-01346,Female,0,No,Yes,51,Yes,No,DSL,No,Yes,No internet service,No internet service,No,Yes,month-to-month,No,electronic_check,40.98,2089.82,No
CUST-01347,Male,0,No,Yes,25,Yes,Yes,Fiber optic,Yes,No internet service,No,No,Yes,No,month-to-month,Yes,credit_card,92.52,2312.99,Yes
CUST-01348,Female,1,No,No,51,Yes,Yes,DSL,Yes,No,No,Yes,Yes,No,two year,Yes,electronic_check,67.1,3421.96,No
CUST-01349,Male,1,Yes,No,65,Yes,Yes,DSL,Yes,No internet service,No internet service,No internet service,No,No,month-to-month,Yes,electronic_check,47.2,3068.05,No
CUST-01350,Female,1,No,No,35,Yes,Yes,DSL,Yes,Yes,No,No,No,No,month-to-month,No,mailed_check,93.43,3269.95,No
CUST-01351,Male,1,Yes,Yes,25,Yes,Yes,Fiber optic,No,No internet service,No,No internet service,No internet service,Yes,month-to-month,No,mailed_check,91.49,2287.34,No
CUST-01352,Male,1,No,Yes,54,Yes,Yes,Fiber optic,Yes,No internet service,No internet service,No internet service,Yes,Yes,two year,Yes,credit_card,100.54,5429.11,No
CUST-01353,Female,0,No,Yes,10,Yes,Yes,DSL,No internet service,No,No,No,No internet service,No internet service,two year,No,electronic_check,56.65,566.45,No
CUST-01354,Female,0,No,No,46,Yes,No,DSL,Yes,No,No internet service,No,No,Yes,month-to-month,Yes,electronic_check,60.6,2787.42,Yes
CUST-01355,Female,0,No,No,39,Yes,No,Fiber optic,Yes,No,No,No,Yes,No internet service,month-to-month,No,electronic_check,114.08,4449.23,No
CUST-01356,Female,1,No,No,5,Yes,Yes,No,No,No internet service,Yes,No,No,No internet service,month-to-month,Yes,electronic_check,7.19,35.94,No
CUST-01357,Male,0,Yes,Yes,1,Yes,No,DSL,No,No internet service,No,No,Yes,Yes,month-to-month,No,bank_transfer,51.78,51.78,Yes
CUST-01358,Female,1,Yes,No,26,Yes,No,Fiber optic,No,No,No internet service,No,No internet service,Yes,one year,Yes,mailed_check,105.62,2746.21,No
CUST-01359,Female,0,No,No,25,Yes,No,Fiber optic,No,No,Yes,No internet service,No,No internet service,month-to-month,Yes,mailed_check,67.1,1677.54,No
CUST-01360,Female,0,No,Yes,8,Yes,No,No,No,No,No internet service,Yes,Yes,No,two year,Yes,electronic_check,29.81,238.47,No
CUST-01361,Female,1,No,No,4,Yes,No,Fiber optic,No internet service,No,No internet service,No internet service,Yes,No internet service,month-to-month,Yes,electronic_check,129.74,518.97,Yes
CUST-01362,Male,1,Yes,Yes,8,Yes,No,Fiber optic,No,No,No,No,No internet service,No,month-to-month,Yes,electronic_check,117.1,936.79,No
CUST-01363,Female,1,Yes,Yes,35,Yes,No,Fiber optic,No,No,No internet service,No,No internet service,No,month-to-month,Yes,bank_transfer,126.79,4437.54,No
CUST-01364,Female,1,No,Yes,41,Yes,Yes,Fiber optic,No,Yes,No,No internet service,Yes,No,month-to-month,Yes,bank_transfer,66.52,2727.48,No
CUST-01365,Male,0,Yes,Yes,53,No,No phone service,Fiber optic,No internet service,Yes,No,No,Yes,No internet service,month-to-month,Yes,electronic_check,97.21,5152.09,No
CUST-01366,Female,0,No,No,2,Yes,Yes,Fiber optic,No,No internet service,Yes,Yes,No internet service,No internet service,month-to-month,Yes,credit_card,131.46,262.92,No
CUST-01367,Male,1,No,Yes,50,Yes,No,Fiber optic,No internet service,No,Yes,No,No internet service,No,month-to-month,No,electronic_check,101.34,5066.89,No
CUST-01368,Female,1,No,No,65,Yes,No,Fiber optic,No,No internet service,No,No,No,No,one year,Yes,bank_transfer,115.82,7528.33,No
CUST-01369,Female,1,No,No,63,Yes,No,DSL,No,No internet service,No internet service,Yes,Yes,No internet service,month-to-month,Yes,bank_transfer,64.64,4072.61,No
CUST-01370,Male,0,Yes,No,5,Yes,No,DSL,No internet service,No internet service,No internet service,Yes,Yes,Yes,two year,No,electronic_check,58.86,294.29,No
CUST-01371,Female,1,Yes,Yes,44,Yes,No,Fiber optic,No internet service,Yes,No internet service,No,No internet service,No internet service,month-to-month,No,mailed_check,111.25,4894.94,No
CUST-01372,Male,0,No,No,49,Yes,Yes,Fiber optic,No internet service,No internet service,Yes,No,Yes,No internet service,one year,Yes,mailed_check,83.61,4096.98,No
CUST-01373,Male,0,Yes,Yes,34,Yes,Yes,DSL,No internet service,No,No,No internet service,Yes,Yes,month-to-month,Yes,bank_transfer,44.22,1503.58,No
CUST-01374,Female,0,No,Yes,3,Yes,Yes,Fiber optic,Yes,No,No internet service,No,No,Yes,month-to-month,Yes,electronic_check,93.0,279.01,Yes
CUST-01375,Male,0,No,No,70,Yes,Yes,Fiber optic,Yes,No,Yes,Yes,Yes,No internet service,month-to-month,Yes,bank_transfer,84.61,5923.01,No
CUST-01376,Female,1,No,No,6,Yes,No,Fiber optic,No internet service,No internet service,Yes,Yes,Yes,Yes,month-to-month,No,electronic_check,92.91,557.43,Yes
CUST-01377,Female,0,Yes,Yes,64,Yes,No,No,No,No,No,Yes,Yes,No,month-to-month,Yes,mailed_check,24.2,1548.89,Yes
CUST-01378,Male,1,Yes,Yes,0,Yes,Yes,Fiber optic,Yes,No internet service,Yes,No internet service,Yes,No internet service,two year,Yes,mailed_check,95.34,95.34,No
CUST-01379,Female,1,Yes,No,70,Yes,Yes,DSL,No internet service,No internet service,No,No,No internet service,No,month-to-month,Yes,bank_transfer,39.24,2746.65,No
CUST-01380,Female,1,Yes,Yes,32,Yes,Yes,Fiber optic,Yes,No internet service,No,No internet service,No internet service,No,two year,Yes,electronic_check,81.21,2598.64,No
CUST-01381,Male,0,Yes,No,36,Yes,Yes,DSL,No internet service,No,No internet service,No,Yes,Yes,two year,No,bank_transfer,71.1,2559.49,No
CUST-01382,Male,1,No,No,38,Yes,No,Fiber optic,No internet service,Yes,No,No,Yes,No,month-to-month,Yes,credit_card,75.32,2862.15,No
CUST-01383,Female,0,Yes,No,36,Yes,No,DSL,No internet service,Yes,No internet service,Yes,Yes,Yes,month-to-month,Yes,credit_card,53.78,1935.99,No
CUST-01384,Male,0,Yes,No,40,Yes,No,DSL,No,No,No,No,Yes,Yes,month-to-month,No,electronic_check,35.47,1418.85,No
CUST-01385,Male,0,No,Yes,57,Yes,Yes,No,Yes,No,No internet service,No internet service,No,No,one year,Yes,electronic_check,29.79,1698.06,No
CUST-01386,Female,0,No,No,44,Yes,Yes,DSL,Yes,No,No internet service,No,No internet service,No internet service,month-to-month,No,mailed_check,61.07,2687.29,No
CUST-01387,Female,0,No,No,1,Yes,Yes,Fiber optic,No,Yes,Yes,No internet service,No,Yes,month-to-month,Yes,mailed_check,97.83,97.83,No
CUST-01388,Male,0,No,No,37,Yes,No,DSL,No internet service,No internet service,No,No,No internet service,Yes,one year,No,bank_transfer,51.1,1890.75,No
CUST-01389,Male,1,No,No,10,Yes,No,Fiber optic,No,No,No,No,No internet service,No,two year,No,bank_transfer,108.9,1088.98,No
CUST-01390,Male,0,No,No,31,No,No phone service,Fiber optic,No internet service,No internet service,No,Yes,Yes,Yes,month-to-month,No,bank_transfer,67.81,2102.25,No
CUST-01391,Male,0,No,Yes,21,Yes,Yes,DSL,No internet service,No internet service,No internet service,Yes,No internet service,No,two year,Yes,mailed_check,93.77,1969.2,No
CUST-01392,Female,1,Yes,Yes,58,Yes,No,DSL,Yes,No internet service,Yes,Yes,No,No internet service,one year,Yes,electronic_check,88.28,5120.22,No
CUST-01393,Male,1,Yes,No,67,Yes,Yes,DSL,Yes,No internet service,No internet service,No,Yes,No internet service,one year,No,mailed_check,57.81,3873.15,Yes
CUST-01394,Female,1,Yes,No,70,Yes,No,No,No,Yes,No,No internet service,No,No,month-to-month,No,credit_card,28.05,1963.38,No
CUST-01395,Female,0,Yes,No,38,Yes,Yes,Fiber optic,No,Yes,No internet service,No internet service,No internet service,No,two year,No,mailed_check,100.01,3800.33,No
CUST-01396,Male,0,No,Yes,7,No,No phone service,Fiber optic,Yes,No,No internet service,No,Yes,No internet service,one year,Yes,mailed_check,84.42,590.92,Yes
CUST-01397,Female,0,Yes,No,8,Yes,No,Fiber optic,No internet service,No,No internet service,No,No,No internet service,one year,Yes,bank_transfer,100.59,804.76,No
CUST-01398,Male,1,No,Yes,36,Yes,Yes,DSL,No internet service,Yes,No internet service,No,No internet service,No,two year,Yes,credit_card,84.23,3032.27,No
CUST-01399,Male,1,Yes,No,59,Yes,Yes,Fiber optic,Yes,Yes,No internet service,Yes,No internet service,No,two year,No,electronic_check,113.47,6694.87,No
CUST-01400,Female,0,Yes,No,35,Yes,No,DSL,No internet service,No,No,No internet service,Yes,No internet service,month-to-month,No,electronic_check,48.85,1709.76,No
CUST-01401,Male,1,No,No,3,Yes,No,Fiber optic,No internet service,No internet service,No,Yes,No,No,two year,Yes,mailed_check,142.95,428.86,Yes
CUST-01402,Male,1,Yes,Yes,25,Yes,No,DSL,No internet service,No,Yes,No,Yes,No internet service,two year,Yes,credit_card,74.49,1862.32,No
CUST-01403,Female,1,No,No,44,Yes,No,DSL,No,Yes,No,No,No,No internet service,month-to-month,Yes,electronic_check,85.96,3782.04,No
CUST-01404,Female,0,No,No,31,Yes,No,DSL,Yes,No,Yes,No,Yes,No,two year,No,mailed_check,45.53,1411.4,No
CUST-01405,Female,1,No,Yes,72,Yes,No,No,No,Yes,No,Yes,No,No,month-to-month,Yes,bank_transfer,11.54,831.19,No
CUST-01406,Male,1,No,No,42,No,No phone service,DSL,Yes,No,Yes,No,No internet service,No internet service,month-to-month,No,bank_transfer,65.4,2746.92,No
CUST-01407,Female,0,No,No,27,Yes,No,No,No,Yes,No internet service,No,Yes,No,two year,Yes,credit_card,49.73,1342.74,No
CUST-01408,Female,1,No,Yes,2,No,No phone service,DSL,Yes,No,No internet service,No,No,No internet service,two year,Yes,electronic_check,81.33,162.66,No
CUST-01409,Female,0,No,No,41,Yes,No,DSL,No,Yes,No,No,No,No internet service,two year,Yes,credit_card,66.38,2721.58,No
CUST-01410,Female,0,Yes,No,17,Yes,No,No,Yes,Yes,No internet service,No,No,No,two year,Yes,mailed_check,17.8,302.61,No
CUST-01411,Male,0,Yes,No,58,Yes,No,Fiber optic,No internet service,No,Yes,Yes,No,Yes,month-to-month,Yes,credit_card,94.28,5468.45,No
CUST-01412,Male,1,No,Yes,43,Yes,No,Fiber optic,No internet service,No,Yes,Yes,No internet service,No,one year,No,mailed_check,116.0,4987.79,No
CUST-01413,Male,1,Yes,No,21,Yes,No,DSL,Yes,No internet service,Yes,Yes,No,No internet service,two year,Yes,bank_transfer,62.65,1315.55,No
CUST-01414,Male,1,Yes,No,33,Yes,Yes,Fiber optic,No internet service,No,No internet service,No,No,No internet service,two year,Yes,mailed_check,121.34,4004.31,No
CUST-01415,Male,1,Yes,No,18,Yes,No,DSL,No internet service,No internet service,No internet service,Yes,No,Yes,two year,No,mailed_check,59.8,1076.37,No
CUST-01416,Female,1,No,No,10,Yes,No,Fiber optic,Yes,No,No,No,Yes,No,two year,Yes,credit_card,116.13,1161.26,No
CUST-01417,Male,0,No,Yes,39,Yes,No,DSL,Yes,Yes,No internet service,No internet service,No,Yes,month-to-month,No,bank_transfer,69.14,2696.6,No
CUST-01418,Male,1,Yes,Yes,13,Yes,No,Fiber optic,No,No,No,No,No,No internet service,month-to-month,No,mailed_check,66.47,864.15,No
CUST-01419,Female,1,No,No,35,No,No phone service,DSL,No,No internet service,Yes,No,Yes,Yes,one year,No,electronic_check,55.18,1931.23,No
CUST-01420,Female,1,No,No,30,Yes,No,Fiber optic,Yes,Yes,No,Yes,No,Yes,two year,Yes,mailed_check,130.56,3916.87,No
CUST-01421,Female,1,No,No,42,Yes,No,Fiber optic,No,No,No,No internet service,No,No,month-to-month,No,mailed_check,83.92,3524.63,No
CUST-01422,Male,0,Yes,No,56,Yes,No,Fiber optic,No,Yes,No,No,No,No,two year,Yes,bank_transfer,115.56,6471.26,No
CUST-01423,Female,0,No,No,42,Yes,No,DSL,No,No internet service,Yes,No internet service,No internet service,No internet service,two year,Yes,bank_transfer,55.91,2348.06,No
CUST-01424,Female,1,Yes,No,2,No,No phone service,DSL,No internet service,No,No internet service,Yes,No,No internet service,two year,Yes,electronic_check,67.23,134.47,Yes
CUST-01425,Female,0,Yes,No,17,Yes,Yes,DSL,No internet service,No internet service,No internet service,Yes,No,No,one year,Yes,bank_transfer,54.69,929.75,No
CUST-01426,Female,0,Yes,Yes,64,Yes,No,Fiber optic,Yes,No,Yes,No internet service,No,Yes,one year,No,electronic_check,127.56,8163.64,No
CUST-01427,Male,0,Yes,No,8,Yes,No,Fiber optic,No internet service,No internet service,Yes,No internet service,Yes,No,month-to-month,No,credit_card,116.45,931.63,No
CUST-01428,Male,1,Yes,Yes,70,Yes,No,Fiber optic,Yes,Yes,Yes,No,No internet service,Yes,one year,No,mailed_check,117.73,8240.89,No
CUST-01429,Female,1,No,No,47,Yes,No,Fiber optic,No,Yes,No internet service,No,No,No,month-to-month,Yes,electronic_check,95.67,4496.28,No
CUST-01430,Female,1,No,No,67,Yes,No,DSL,No,No internet service,No,No,No,No internet service,one year,No,electronic_check,33.8,2264.87,No
CUST-01431,Female,0,No,Yes,63,Yes,No,Fiber optic,Yes,No internet service,No,No,Yes,No,one year,Yes,electronic_check,110.41,6955.85,No
CUST-01432,Female,0,Yes,No,14,Yes,No,Fiber optic,No,No,No internet service,Yes,Yes,Yes,month-to-month,No,bank_transfer,118.8,1663.18,Yes
CUST-01433,Male,0,No,No,58,No,No phone service,Fiber optic,No,No internet service,Yes,No internet service,Yes,Yes,month-to-month,Yes,mailed_check,113.94,6608.43,No
CUST-01434,Male,1,No,Yes,59,Yes,Yes,DSL,Yes,Yes,No,Yes,Yes,No,month-to-month,Yes,mailed_check,49.0,2891.11,No
CUST-01435,Female,0,Yes,No,22,Yes,No,Fiber optic,No internet service,No,No,No internet service,Yes,No,one year,Yes,bank_transfer,63.31,1392.88,No
CUST-01436,Female,0,Yes,Yes,33,Yes,No,DSL,No,No,No,Yes,Yes,No internet service,two year,Yes,credit_card,69.26,2285.63,No
CUST-01437,Male,0,No,Yes,44,No,No phone service,Fiber optic,No,No,No internet service,No internet service,No,Yes,two year,Yes,bank_transfer,105.01,4620.46,No
CUST-01438,Male,0,No,Yes,5,Yes,No,No,No,No,No internet service,No internet service,No,No,month-to-month,Yes,bank_transfer,29.02,145.11,No
CUST-01439,Female,0,Yes,Yes,68,Yes,No,Fiber optic,Yes,No internet service,No internet service,No,Yes,Yes,month-to-month,No,credit_card,82.14,5585.74,No
CUST-01440,Male,0,No,No,48,Yes,No,Fiber optic,No internet service,No,No internet service,No internet service,No,Yes,month-to-month,No,credit_card,96.21,4618.23,No
CUST-01441,Male,0,Yes,No,9,Yes,No,No,No internet service,No internet service,No internet service,No internet service,No internet service,Yes,one year,Yes,mailed_check,15.48,139.31,Yes
CUST-01442,Female,0,Yes,No,11,Yes,No,Fiber optic,No,No,No internet service,No,No internet service,No internet service,two year,No,mailed_check,105.05,1155.58,No
CUST-01443,Female,1,No,No,15,Yes,No,Fiber optic,No internet service,Yes,No,Yes,No,Yes,one year,Yes,electronic_check,110.75,1661.27,Yes
CUST-01444,Male,0,Yes,No,62,Yes,No,DSL,No internet service,Yes,No,Yes,No,No,one year,No,electronic_check,85.36,5292.08,No
CUST-01445,Male,1,No,Yes,19,Yes,No,No,No,No internet service,No,No,No internet service,No internet service,month-to-month,Yes,electronic_check,30.71,583.48,No
CUST-01446,Female,0,No,No,18,Yes,Yes,Fiber optic,No internet service,No,No,No,No,No,one year,No,electronic_check,110.45,1988.02,No
CUST-01447,Male,1,No,No,68,Yes,Yes,Fiber optic,Yes,No,No,No,No,No internet service,month-to-month,Yes,electronic_check,117.23,7971.62,No
CUST-01448,Male,1,Yes,No,14,Yes,No,DSL,Yes,No,No internet service,No internet service,No,Yes,one year,No,credit_card,64.48,902.77,No
CUST-01449,Male,1,Yes,No,70,Yes,No,Fiber optic,Yes,Yes,Yes,No,No internet service,No,month-to-month,No,credit_card,98.01,6860.49,No
CUST-01450,Female,1,Yes,No,13,Yes,Yes,Fiber optic,No internet service,No,No,Yes,No internet service,Yes,month-to-month,Yes,electronic_check,101.38,1317.92,No
CUST-01451,Male,0,Yes,No,9,Yes,No,Fiber optic,No,No internet service,No internet service,No internet service,No internet service,No,two year,No,mailed_check,127.74,1149.64,No
CUST-01452,Male,1,No,No,6,Yes,No,DSL,No,No,Yes,Yes,Yes,No internet service,one year,Yes,mailed_check,44.55,267.29,No
CUST-01453,Female,1,Yes,No,34,Yes,No,DSL,Yes,No,No,No internet service,Yes,No internet service,month-to-month,Yes,credit_card,56.91,1934.8,No
CUST-01454,Male,1,No,Yes,7,No,No phone service,Fiber optic,No internet service,Yes,Yes,Yes,Yes,Yes,two year,Yes,mailed_check,118.89,832.23,No
CUST-01455,Male,1,Yes,No,15,Yes,No,Fiber optic,No,No,Yes,Yes,Yes,No,month-to-month,No,electronic_check,98.97,1484.58,No
CUST-01456,Female,0,Yes,Yes,4,Yes,No,DSL,No,No internet service,Yes,No internet service,No internet service,No,one year,Yes,mailed_check,36.08,144.32,No
CUST-01457,Male,0,Yes,No,45,No,No phone service,Fiber optic,No,No internet service,Yes,No internet service,No,Yes,month-to-month,Yes,mailed_check,107.98,4858.99,No
CUST-01458,Female,1,Yes,No,17,Yes,Yes,DSL,No,No,Yes,No internet service,No internet service,Yes,two year,Yes,electronic_check,70.29,1194.98,No
CUST-01459,Female,1,No,No,71,Yes,Yes,DSL,No,No,No internet service,No,No,No,one year,Yes,mailed_check,45.5,3230.43,No
CUST-01460,Female,1,No,No,36,Yes,Yes,DSL,No internet service,Yes,No,Yes,No internet service,No,month-to-month,No,credit_card,45.14,1625.15,No
CUST-01461,Female,1,Yes,Yes,60,Yes,No,Fiber optic,Yes,No,No internet service,No,No,No internet service,month-to-month,Yes,credit_card,104.53,6271.86,No
CUST-01462,Female,0,Yes,Yes,60,Yes,No,Fiber optic,Yes,Yes,No internet service,No,No,No,month-to-month,Yes,mailed_check,104.28,6256.88,No
CUST-01463,Male,0,Yes,No,0,No,No phone service,No,No,Yes,Yes,No,No,No,two year,Yes,credit_card,17.64,17.64,No
CUST-01464,Male,1,No,Yes,59,Yes,Yes,DSL,No,No internet service,Yes,No internet service,No internet service,Yes,two year,No,electronic_check,73.25,4321.78,No
CUST-01465,Male,1,No,Yes,49,Yes,Yes,Fiber optic,Yes,Yes,No,No,No internet service,No,month-to-month,Yes,electronic_check,90.05,4412.42,No
CUST-01466,Female,0,No,Yes,51,Yes,No,Fiber optic,No internet service,No internet service,Yes,No internet service,No internet service,No,month-to-month,No,electronic_check,122.12,6228.33,No
CUST-01467,Male,1,No,Yes,62,Yes,No,Fiber optic,No internet service,No,No,No internet service,Yes,Yes,one year,Yes,electronic_check,98.0,6076.1,No
CUST-01468,Male,1,Yes,No,35,Yes,No,DSL,No,No,Yes,Yes,No internet service,No,two year,No,bank_transfer,70.98,2484.23,No
CUST-01469,Female,1,Yes,No,11,Yes,Yes,DSL,Yes,No internet service,No,No internet service,No internet service,No,two year,Yes,mailed_check,52.01,572.15,No
CUST-01470,Male,1,Yes,No,18,Yes,Yes,Fiber optic,No,No,Yes,No,No,No,one year,Yes,credit_card,69.61,1253.05,No
CUST-01471,Female,1,Yes,Yes,17,Yes,Yes,DSL,No,Yes,No internet service,No internet service,No,Yes,month-to-month,Yes,electronic_check,43.34,736.71,Yes
CUST-01472,Male,1,No,Yes,51,Yes,Yes,DSL,No internet service,No internet service,Yes,Yes,Yes,No internet service,month-to-month,Yes,bank_transfer,39.62,2020.68,No
CUST-01473,Female,0,Yes,No,28,Yes,No,Fiber optic,No internet service,No,No internet service,No,No,Yes,month-to-month,Yes,credit_card,87.2,2441.68,No
CUST-01474,Female,1,No,No,47,Yes,Yes,No,No internet service,No,No internet service,No,No,No,two year,No,mailed_check,32.79,1541.33,No
CUST-01475,Male,1,No,No,65,Yes,No,DSL,Yes,No,No,No internet service,No internet service,No,one year,Yes,mailed_check,76.03,4941.94,No
CUST-01476,Male,0,No,No,19,Yes,No,Fiber optic,Yes,No internet service,No,No,No,No internet service,two year,Yes,bank_transfer,100.47,1908.89,No
CUST-01477,Female,0,Yes,No,30,Yes,No,Fiber optic,No,No internet service,No,No,Yes,No,month-to-month,No,electronic_check,80.49,2414.77,No
CUST-01478,Male,0,Yes,No,26,Yes,No,Fiber optic,Yes,Yes,Yes,No internet service,Yes,No,month-to-month,No,bank_transfer,88.95,2312.75,No
CUST-01479,Male,0,No,Yes,22,Yes,Yes,Fiber optic,No internet service,No internet service,No,No,No internet service,No internet service,two year,Yes,mailed_check,89.47,1968.33,No
CUST-01480,Male,0,No,No,66,Yes,No,Fiber optic,No internet service,No,No,No,No,Yes,two year,Yes,mailed_check,100.86,6656.83,No
CUST-01481,Female,1,No,Yes,31,No,No phone service,DSL,No,No internet service,No,No,No,Yes,month-to-month,Yes,mailed_check,54.7,1695.7,No
CUST-01482,Male,1,Yes,Yes,64,Yes,No,Fiber optic,No,No,Yes,No internet service,No,Yes,one year,No,credit_card,135.82,8692.17,No
CUST-01483,Male,0,No,No,36,Yes,Yes,Fiber optic,No internet service,No,No internet service,No,No internet service,No internet service,month-to-month,No,electronic_check,109.22,3931.76,No
CUST-01484,Male,1,Yes,No,34,Yes,Yes,No,No,Yes,No,No,No internet service,No,one year,Yes,electronic_check,8.31,282.54,No
CUST-01485,Male,1,Yes,No,57,Yes,Yes,DSL,No internet service,Yes,No internet service,No internet service,Yes,Yes,two year,Yes,electronic_check,67.31,3836.6,No
CUST-01486,Female,0,Yes,No,1,No,No phone service,DSL,Yes,Yes,Yes,No internet service,No internet service,Yes,one year,Yes,electronic_check,82.29,82.29,No
CUST-01487,Male,1,Yes,No,33,Yes,No,DSL,No,No,No,No,No,No internet service,one year,No,mailed_check,72.65,2397.46,No
CUST-01488,Male,1,No,Yes,39,Yes,Yes,Fiber optic,Yes,Yes,No internet service,Yes,No internet service,No,two year,No,electronic_check,99.37,3875.56,No
CUST-01489,Male,1,No,Yes,21,Yes,Yes,DSL,No,Yes,Yes,No,No internet service,No,month-to-month,Yes,bank_transfer,55.03,1155.68,No
CUST-01490,Male,0,Yes,No,43,Yes,Yes,DSL,No,Yes,Yes,Yes,Yes,No,two year,Yes,electronic_check,50.27,2161.41,No
CUST-01491,Female,0,Yes,No,58,Yes,No,DSL,No,No,Yes,No,Yes,No internet service,month-to-month,Yes,electronic_check,44.12,2559.06,No
CUST-01492,Female,0,No,No,19,Yes,No,No,No,No,No,No,No internet service,No,one year,No,credit_card,25.89,491.96,No
CUST-01493,Male,1,No,No,3,Yes,Yes,DSL,No internet service,No,No,No internet service,Yes,No,one year,No,electronic_check,71.26,213.79,Yes
CUST-01494,Male,0,No,No,7,Yes,No,DSL,No internet service,No,No internet service,No,No,No,two year,Yes,electronic_check,65.02,455.16,Yes
CUST-01495,Female,0,Yes,Yes,41,No,No phone service,No,No,Yes,No,No internet service,Yes,No,month-to-month,No,mailed_check,25.38,1040.41,No
CUST-01496,Male,0,Yes,No,68,Yes,No,DSL,No,No internet service,No,No,No,No,month-to-month,No,mailed_check,43.62,2966.26,No
CUST-01497,Male,1,No,No,25,Yes,Yes,Fiber optic,No,No,Yes,Yes,No internet service,Yes,month-to-month,Yes,bank_transfer,115.17,2879.22,No
CUST-01498,Female,1,No,No,63,Yes,No,DSL,No,No,Yes,No internet service,No,No,month-to-month,Yes,electronic_check,39.45,2485.18,No
CUST-01499,Male,0,Yes,No,46,Yes,No,Fiber optic,No internet service,No,No internet service,No,Yes,Yes,one year,No,credit_card,84.42,3883.24,No
CUST-01500,Female,1,Yes,No,20,Yes,No,Fiber optic,No internet service,No,No,No,Yes,Yes,one year,Yes,electronic_check,99.53,1990.53,No
CUST-01501,Male,0,Yes,No,2,Yes,Yes,Fiber optic,No internet service,No,No,No,Yes,No internet service,month-to-month,Yes,mailed_check,128.6,257.2,No
CUST-01502,Male,1,No,Yes,2,Yes,No,Fiber optic,No internet service,No,No internet service,Yes,No,Yes,month-to-month,No,mailed_check,121.37,242.73,No
CUST-01503,Female,1,No,No,16,Yes,Yes,DSL,No,Yes,Yes,No internet service,No internet service,No,month-to-month,No,mailed_check,50.18,802.82,Yes
CUST-01504,Female,1,Yes,No,0,No,No phone service,No,No internet service,No,No internet service,Yes,Yes,Yes,month-to-month,Yes,electronic_check,34.64,34.64,Yes
CUST-01505,Female,1,No,Yes,24,Yes,No,DSL,No,No,Yes,No,Yes,No,one year,No,credit_card,52.49,1259.75,No
CUST-01506,Male,0,Yes,No,69,Yes,No,No,No internet service,No,No internet service,No,No internet service,No,month-to-month,No,electronic_check,16.13,1113.09,No
CUST-01507,Female,1,No,Yes,11,Yes,No,DSL,No internet service,No,No internet service,No,No,Yes,one year,No,electronic_check,58.77,646.43,No
CUST-01508,Male,0,Yes,No,15,Yes,No,Fiber optic,No,No,No,No,No internet service,No,month-to-month,No,electronic_check,100.37,1505.53,Yes
CUST-01509,Female,0,Yes,Yes,25,Yes,No,Fiber optic,Yes,No,No,No,No internet service,Yes,month-to-month,Yes,electronic_check,81.49,2037.26,Yes
CUST-01510,Female,0,No,No,12,No,No phone service,DSL,No,Yes,No,No internet service,No,No,month-to-month,No,credit_card,47.88,574.5,No
CUST-01511,Female,1,Yes,Yes,51,Yes,No,DSL,No,Yes,No,No,Yes,No internet service,month-to-month,Yes,bank_transfer,61.11,3116.79,Yes
CUST-01512,Female,0,Yes,Yes,40,Yes,No,Fiber optic,No internet service,Yes,No,No,Yes,Yes,month-to-month,Yes,credit_card,78.84,3153.78,Yes
CUST-01513,Male,0,Yes,Yes,62,Yes,No,Fiber optic,No,No,No,No internet service,No,Yes,one year,No,electronic_check,91.25,5657.22,No
CUST-01514,Female,1,Yes,No,22,Yes,No,DSL,Yes,No,No internet service,No,No internet service,Yes,month-to-month,No,electronic_check,60.42,1329.14,No
CUST-01515,Male,0,Yes,Yes,52,Yes,No,Fiber optic,No internet service,No internet service,No internet service,No internet service,No,Yes,month-to-month,Yes,electronic_check,77.3,4019.43,No
CUST-01516,Male,0,Yes,No,48,No,No phone service,DSL,No internet service,No internet service,No internet service,No internet service,Yes,No internet service,one year,Yes,electronic_check,59.05,2834.46,No
CUST-01517,Male,0,Yes,Yes,22,Yes,Yes,Fiber optic,No,No,Yes,Yes,Yes,No,two year,No,electronic_check,75.91,1669.92,No
CUST-01518,Female,0,No,Yes,2,Yes,No,DSL,Yes,No,No internet service,Yes,No,Yes,month-to-month,No,electronic_check,52.89,105.78,Yes
CUST-01519,Female,0,No,Yes,19,Yes,No,DSL,Yes,No,Yes,No internet service,No,No,month-to-month,No,mailed_check,90.32,1716.1,No
CUST-01520,Male,1,Yes,No,31,No,No phone service,Fiber optic,Yes,Yes,No,No,Yes,No internet service,two year,Yes,bank_transfer,68.56,2125.42,No
CUST-01521,Male,1,No,No,26,Yes,No,Fiber optic,Yes,No,No internet service,No internet service,Yes,Yes,one year,No,electronic_check,127.73,3321.07,No
CUST-01522,Female,0,Yes,No,18,No,No phone service,Fiber optic,No internet service,No internet service,No,Yes,Yes,Yes,month-to-month,No,credit_card,113.76,2047.66,No
CUST-01523,Female,0,No,No,53,Yes,Yes,DSL,No,No,Yes,No,No internet service,No,month-to-month,Yes,credit_card,54.47,2887.13,No
CUST-01524,Female,1,Yes,Yes,39,Yes,Yes,Fiber optic,Yes,No,No,No internet service,Yes,No,month-to-month,Yes,electronic_check,118.94,4638.54,No
CUST-01525,Male,1,Yes,Yes,22,Yes,No,DSL,No internet service,No internet service,No internet service,No,No,No,month-to-month,No,mailed_check,41.58,914.81,No
CUST-01526,Male,1,Yes,Yes,25,No,No phone service,Fiber optic,Yes,No,No,No internet service,No,No,two year,Yes,mailed_check,85.02,2125.5,No
CUST-01527,Female,0,Yes,No,69,Yes,No,Fiber optic,No internet service,No,No internet service,No,Yes,No internet service,month-to-month,Yes,bank_transfer,83.58,5766.75,No
CUST-01528,Female,0,No,No,16,Yes,No,Fiber optic,No internet service,No,No internet service,Yes,Yes,No,month-to-month,Yes,mailed_check,105.85,1693.59,No
CUST-01529,Male,0,Yes,No,69,Yes,No,Fiber optic,No internet service,No internet service,No,No,No internet service,Yes,month-to-month,No,electronic_check,117.87,8133.07,No
CUST-01530,Male,0,No,No,53,Yes,No,DSL,No,No internet service,No,Yes,Yes,Yes,one year,No,credit_card,80.17,4248.96,No
CUST-01531,Female,0,Yes,No,31,Yes,No,DSL,No,No internet service,No,Yes,No internet service,No,two year,Yes,credit_card,69.23,2146.17,No
CUST-01532,Female,0,No,No,12,Yes,No,DSL,No,Yes,Yes,No,Yes,No,one year,Yes,credit_card,57.82,693.8,No
CUST-01533,Female,0,No,No,28,Yes,No,DSL,No,Yes,Yes,Yes,No,No internet service,month-to-month,Yes,electronic_check,60.58,1696.16,No
CUST-01534,Male,0,Yes,Yes,25,Yes,No,DSL,No internet service,No,Yes,No,No,No internet service,two year,No,electronic_check,48.34,1208.59,No
CUST-01535,Male,0,No,No,12,Yes,No,DSL,Yes,No,No,Yes,No internet service,No internet service,month-to-month,No,mailed_check,46.51,558.17,No
CUST-01536,Female,0,No,No,67,Yes,No,DSL,Yes,Yes,No internet service,Yes,Yes,Yes,month-to-month,No,bank_transfer,61.59,4126.8,No
CUST-01537,Female,1,No,No,14,Yes,Yes,No,No,No,No,Yes,No,Yes,month-to-month,Yes,credit_card,6.63,92.76,No
CUST-01538,Female,0,Yes,No,39,Yes,No,Fiber optic,Yes,No,No internet service,No internet service,No,No,one year,Yes,electronic_check,98.01,3822.51,No
CUST-01539,Male,0,No,No,13,Yes,No,DSL,No,No,No,No,Yes,Yes,one year,No,bank_transfer,57.15,742.92,No
CUST-01540,Male,0,Yes,No,29,No,No phone service,DSL,No internet service,No internet service,Yes,No internet service,Yes,No,month-to-month,No,mailed_check,84.48,2450.01,No
CUST-01541,Male,1,No,No,49,Yes,Yes,Fiber optic,No,Yes,No,No,No internet service,No,month-to-month,No,electronic_check,117.73,5768.91,No
CUST-01542,Male,0,Yes,Yes,61,Yes,No,Fiber optic,No,Yes,No,No,No internet service,No internet service,two year,Yes,bank_transfer,97.21,5929.64,No
CUST-01543,Female,1,Yes,No,8,Yes,No,DSL,Yes,No,No internet service,Yes,Yes,No,month-to-month,Yes,electronic_check,38.42,307.38,Yes
CUST-01544,Female,1,No,No,56,Yes,Yes,Fiber optic,No internet service,No,No,No internet service,No internet service,No internet service,two year,Yes,electronic_check,132.31,7409.21,No
CUST-01545,Male,1,No,Yes,50,Yes,No,Fiber optic,Yes,Yes,No,No,No,Yes,one year,Yes,electronic_check,85.22,4261.25,No
CUST-01546,Male,1,No,No,3,Yes,No,DSL,Yes,Yes,No internet service,No,Yes,Yes,month-to-month,Yes,bank_transfer,75.45,226.35,No
CUST-01547,Male,1,No,No,39,Yes,Yes,DSL,No,No internet service,Yes,No,Yes,Yes,month-to-month,No,mailed_check,67.56,2634.79,No
CUST-01548,Male,0,Yes,No,57,Yes,No,DSL,Yes,No,No internet service,No internet service,No,No internet service,month-to-month,Yes,credit_card,46.97,2677.06,No
CUST-01549,Female,1,Yes,Yes,64,Yes,Yes,Fiber optic,Yes,No,No,Yes,No internet service,Yes,month-to-month,Yes,electronic_check,81.11,5190.81,Yes
CUST-01550,Female,1,No,Yes,33,Yes,Yes,DSL,No,No,No internet service,No,Yes,No internet service,one year,No,credit_card,37.52,1238.26,No
CUST-01551,Female,0,No,Yes,2,No,No phone service,DSL,No,No internet service,No,Yes,Yes,Yes,one year,Yes,mailed_check,70.37,140.74,No
CUST-01552,Male,0,No,No,71,Yes,No,No,Yes,Yes,Yes,Yes,Yes,Yes,month-to-month,Yes,electronic_check,26.41,1875.23,No
CUST-01553,Female,1,No,No,53,Yes,No,DSL,No,No,No internet service,No,No,Yes,month-to-month,Yes,mailed_check,51.96,2753.84,No
CUST-01554,Male,1,Yes,Yes,37,Yes,No,Fiber optic,No internet service,No internet service,Yes,No,No,No internet service,month-to-month,No,electronic_check,75.09,2778.51,No
CUST-01555,Female,0,No,No,30,Yes,No,Fiber optic,No internet service,No internet service,No internet service,No,No internet service,No internet service,month-to-month,No,bank_transfer,68.63,2059.01,Yes
CUST-01556,Female,1,No,No,42,Yes,Yes,Fiber optic,No internet service,No internet service,No,Yes,Yes,Yes,month-to-month,Yes,credit_card,113.1,4750.29,No
CUST-01557,Female,1,No,No,17,Yes,Yes,Fiber optic,Yes,Yes,No,No,No internet service,Yes,month-to-month,No,bank_transfer,60.28,1024.83,No
CUST-01558,Female,0,Yes,No,49,Yes,Yes,No,Yes,No internet service,Yes,No,No,Yes,month-to-month,No,electronic_check,32.23,1579.5,No
CUST-01559,Female,1,No,No,14,Yes,Yes,DSL,Yes,Yes,No,No,Yes,Yes,month-to-month,Yes,electronic_check,72.33,1012.64,No
CUST-01560,Female,0,No,No,37,Yes,No,Fiber optic,No internet service,Yes,No,No internet service,No,No,month-to-month,No,electronic_check,106.72,3948.74,No
CUST-01561,Male,1,Yes,No,18,Yes,No,DSL,Yes,No internet service,No,No internet service,No internet service,No internet service,one year,Yes,bank_transfer,50.24,904.34,No
CUST-01562,Male,1,Yes,No,30,Yes,No,Fiber optic,No,No,No,No,No,No,month-to-month,Yes,bank_transfer,84.29,2528.58,Yes
CUST-01563,Female,1,No,No,69,Yes,Yes,Fiber optic,Yes,No,No,No,Yes,No,month-to-month,Yes,credit_card,90.8,6265.11,No
CUST-01564,Male,1,No,No,58,Yes,No,Fiber optic,Yes,No internet service,Yes,No,No internet service,No,month-to-month,No,electronic_check,81.3,4715.15,No
CUST-01565,Female,1,Yes,No,61,Yes,No,Fiber optic,Yes,No,No internet service,No,No internet service,No internet service,one year,Yes,electronic_check,95.09,5800.25,No
CUST-01566,Female,0,Yes,Yes,15,Yes,Yes,DSL,No,No,No internet service,No,No internet service,No internet service,two year,Yes,mailed_check,65.89,988.33,No
CUST-01567,Male,1,Yes,No,37,Yes,No,DSL,Yes,No internet service,No,No,No,No internet service,two year,Yes,credit_card,75.62,2798.05,No
CUST-01568,Male,1,No,No,61,Yes,No,DSL,No internet service,No internet service,No,No internet service,No internet service,No,month-to-month,Yes,electronic_check,39.33,2399.33,No
CUST-01569,Male,1,Yes,No,50,Yes,No,No,No,No internet service,Yes,No internet service,No,No,one year,Yes,credit_card,8.9,444.82,No
CUST-01570,Male,1,Yes,No,30,Yes,No,DSL,No,No,Yes,Yes,Yes,No,month-to-month,Yes,electronic_check,66.83,2005.01,No
CUST-01571,Female,0,Yes,No,17,Yes,No,DSL,Yes,No,No,No internet service,No internet service,No internet service,month-to-month,No,credit_card,68.28,1160.82,No
CUST-01572,Male,0,No,No,69,Yes,No,Fiber optic,No internet service,Yes,No internet service,No internet service,No,No,month-to-month,Yes,bank_transfer,85.75,5916.64,No
CUST-01573,Male,0,No,No,63,No,No phone service,Fiber optic,No internet service,No internet service,No,No,No,No,two year,Yes,electronic_check,86.72,5463.27,No
CUST-01574,Female,0,Yes,No,1,Yes,No,Fiber optic,No internet service,Yes,Yes,No,No,No,month-to-month,Yes,electronic_check,62.77,62.77,No
CUST-01575,Female,1,No,Yes,14,Yes,No,DSL,No internet service,No,No,No internet service,No internet service,No internet service,one year,No,credit_card,55.35,774.83,No
CUST-01576,Female,0,Yes,No,43,Yes,Yes,DSL,No internet service,No internet service,No internet service,Yes,No,No internet service,one year,Yes,credit_card,49.02,2107.83,No
CUST-01577,Female,1,Yes,No,14,Yes,No,Fiber optic,Yes,Yes,No,No internet service,Yes,Yes,two year,Yes,bank_transfer,128.66,1801.25,No
CUST-01578,Male,0,Yes,Yes,21,Yes,No,DSL,No,No internet service,Yes,No,No internet service,No,one year,No,bank_transfer,83.08,1744.72,No
CUST-01579,Male,0,No,No,9,Yes,Yes,DSL,No internet service,Yes,No internet service,Yes,Yes,No,month-to-month,No,electronic_check,53.61,482.47,No
CUST-01580,Male,1,No,No,25,Yes,No,DSL,No internet service,No internet service,No internet service,No internet service,Yes,No,month-to-month,No,mailed_check,58.81,1470.33,Yes
CUST-01581,Male,0,No,Yes,47,Yes,Yes,DSL,No internet service,Yes,No internet service,No,No,Yes,two year,Yes,mailed_check,60.22,2830.11,No
CUST-01582,Male,1,No,No,5,Yes,No,Fiber optic,Yes,No,Yes,No internet service,Yes,Yes,month-to-month,Yes,electronic_check,71.73,358.66,No
CUST-01583,Male,1,Yes,No,16,Yes,No,No,Yes,No internet service,No internet service,No,No internet service,Yes,two year,Yes,electronic_check,41.46,663.31,No
CUST-01584,Male,1,Yes,No,72,Yes,Yes,DSL,Yes,No internet service,No internet service,No,No,Yes,month-to-month,Yes,electronic_check,68.79,4952.52,No
CUST-01585,Female,1,Yes,Yes,26,Yes,Yes,DSL,No,No,No internet service,Yes,No internet service,No,one year,Yes,mailed_check,59.36,1543.35,No
CUST-01586,Male,1,Yes,Yes,52,Yes,No,Fiber optic,No,No internet service,Yes,No internet service,Yes,Yes,month-to-month,Yes,mailed_check,93.52,4862.9,No
CUST-01587,Female,0,No,No,38,Yes,Yes,DSL,Yes,Yes,No internet service,No,No,No,month-to-month,Yes,electronic_check,57.1,2169.79,No
CUST-01588,Female,1,Yes,No,14,Yes,Yes,DSL,Yes,Yes,Yes,No internet service,No,No,month-to-month,No,electronic_check,27.05,378.65,Yes
CUST-01589,Male,0,No,No,11,Yes,Yes,DSL,Yes,No,No internet service,No,No,No internet service,one year,Yes,electronic_check,44.87,493.59,No
CUST-01590,Female,1,Yes,Yes,48,Yes,Yes,Fiber optic,No internet service,No internet service,Yes,No,No,Yes,one year,Yes,credit_card,124.6,5980.57,No
CUST-01591,Female,1,Yes,Yes,35,No,No phone service,Fiber optic,Yes,No,No internet service,No internet service,Yes,No,month-to-month,Yes,electronic_check,112.17,3925.88,No
CUST-01592,Male,1,No,No,35,Yes,No,DSL,No,No internet service,No internet service,No,Yes,No,one year,Yes,bank_transfer,58.69,2054.24,No
CUST-01593,Male,1,No,No,51,Yes,No,DSL,Yes,Yes,No,Yes,No internet service,Yes,two year,No,bank_transfer,51.92,2648.12,No
CUST-01594,Female,1,No,No,21,Yes,Yes,Fiber optic,No,No internet service,Yes,No,No,No,month-to-month,Yes,credit_card,91.79,1927.56,Yes
CUST-01595,Female,1,No,No,46,Yes,No,Fiber optic,No internet service,No internet service,Yes,Yes,No internet service,No internet service,two year,Yes,credit_card,118.2,5437.24,No
CUST-01596,Female,0,No,Yes,11,Yes,No,DSL,Yes,No,Yes,Yes,No,No,month-to-month,Yes,credit_card,41.17,452.87,No
CUST-01597,Male,1,No,Yes,36,Yes,No,DSL,Yes,No,No,No,No internet service,No,month-to-month,No,electronic_check,72.77,2619.55,No
CUST-01598,Male,0,No,Yes,9,Yes,No,DSL,No internet service,Yes,No internet service,No internet service,Yes,No internet service,one year,No,electronic_check,46.8,421.19,Yes
CUST-01599,Male,1,Yes,No,20,Yes,Yes,Fiber optic,No,No internet service,Yes,No internet service,No,Yes,month-to-month,Yes,mailed_check,88.55,1770.96,No
CUST-01600,Female,1,No,No,8,Yes,No,DSL,No internet service,Yes,No,No,Yes,No,one year,No,credit_card,48.56,388.51,No
CUST-01601,Female,1,Yes,Yes,4,Yes,No,DSL,Yes,No internet service,No,No,No internet service,No internet service,month-to-month,Yes,electronic_check,30.25,121.01,No
CUST-01602,Female,1,Yes,Yes,15,Yes,Yes,DSL,Yes,Yes,No,Yes,Yes,Yes,one year,No,credit_card,75.9,1138.52,No
CUST-01603,Female,0,Yes,No,14,Yes,No,DSL,No,No internet service,No,No internet service,Yes,No,month-to-month,Yes,electronic_check,38.06,532.78,No
CUST-01604,Female,1,Yes,Yes,56,Yes,Yes,Fiber optic,No,No internet service,No internet service,Yes,No,Yes,month-to-month,No,electronic_check,98.26,5502.49,No
CUST-01605,Female,1,No,No,7,No,No phone service,DSL,No,Yes,No internet service,No,No,No internet service,month-to-month,Yes,electronic_check,57.42,401.97,Yes
CUST-01606,Male,1,Yes,No,38,Yes,No,Fiber optic,No internet service,No internet service,No internet service,No,No,No internet service,two year,Yes,credit_card,142.25,5405.43,No
CUST-01607,Male,0,No,Yes,1,Yes,No,DSL,No,No,No internet service,No internet service,Yes,No,month-to-month,Yes,mailed_check,57.12,57.12,No
CUST-01608,Female,0,No,No,3,Yes,No,No,No,No internet service,No,No internet service,Yes,Yes,one year,Yes,credit_card,15.73,47.19,No
CUST-01609,Male,0,Yes,No,1,Yes,Yes,DSL,Yes,No,No,No internet service,No internet service,Yes,month-to-month,Yes,bank_transfer,51.08,51.08,No
CUST-01610,Female,1,No,No,31,Yes,No,DSL,No internet service,Yes,Yes,No,Yes,Yes,month-to-month,Yes,credit_card,45.34,1405.4,No
CUST-01611,Female,1,Yes,No,56,Yes,No,DSL,Yes,No,No internet service,No,No internet service,No,one year,No,bank_transfer,86.95,4869.13,No
CUST-01612,Male,1,Yes,No,64,Yes,No,Fiber optic,No,Yes,No,Yes,No internet service,Yes,month-to-month,No,bank_transfer,60.52,3873.3,No
CUST-01613,Male,0,Yes,No,46,Yes,No,DSL,No internet service,No internet service,No internet service,No internet service,No,No,two year,Yes,electronic_check,88.18,4056.26,No
CUST-01614,Female,0,Yes,No,24,Yes,Yes,Fiber optic,No internet service,No,Yes,Yes,Yes,No internet service,month-to-month,Yes,mailed_check,101.38,2433.19,Yes
CUST-01615,Female,1,No,Yes,53,No,No phone service,DSL,No internet service,Yes,No internet service,No,No,No internet service,two year,No,bank_transfer,79.17,4195.92,No
CUST-01616,Female,1,Yes,No,69,No,No phone service,DSL,No internet service,No internet service,Yes,No,Yes,No internet service,one year,Yes,credit_card,32.52,2243.78,No
CUST-01617,Male,0,No,No,18,Yes,No,Fiber optic,Yes,No internet service,No,Yes,No,No,month-to-month,Yes,credit_card,62.86,1131.54,Yes
CUST-01618,Female,0,No,No,49,Yes,No,DSL,No,No,No internet service,No,No internet service,No internet service,month-to-month,Yes,credit_card,39.99,1959.6,No
CUST-01619,Male,1,Yes,Yes,47,Yes,Yes,Fiber optic,Yes,Yes,No internet service,No,Yes,No,month-to-month,No,electronic_check,106.73,5016.51,Yes
CUST-01620,Male,0,Yes,Yes,35,Yes,Yes,Fiber optic,No,Yes,No,Yes,No internet service,No,month-to-month,Yes,bank_transfer,76.6,2681.0,Yes
CUST-01621,Female,0,Yes,Yes,5,Yes,Yes,Fiber optic,No,No,No,No,No,No,one year,No,electronic_check,76.11,380.57,Yes
CUST-01622,Female,0,Yes,No,25,Yes,No,DSL,Yes,No internet service,Yes,Yes,No,Yes,two year,Yes,credit_card,53.08,1326.9,No
CUST-01623,Female,1,No,No,33,Yes,Yes,DSL,Yes,No internet service,No,No,No,Yes,one year,Yes,bank_transfer,68.78,2269.58,No
CUST-01624,Male,0,No,No,67,Yes,Yes,DSL,No,No internet service,No,No,No internet service,No,month-to-month,Yes,bank_transfer,67.33,4511.18,No
CUST-01625,Female,1,No,Yes,50,Yes,No,DSL,Yes,No,No internet service,No,No internet service,Yes,two year,Yes,mailed_check,63.88,3194.04,No
CUST-01626,Female,1,Yes,No,52,Yes,No,Fiber optic,No internet service,No internet service,No internet service,No,No internet service,Yes,one year,Yes,bank_transfer,94.44,4910.76,No
CUST-01627,Female,0,No,Yes,70,Yes,No,DSL,No,No,No,Yes,No,No,one year,Yes,credit_card,65.1,4556.71,No
CUST-01628,Male,0,No,No,66,Yes,No,Fiber optic,No,Yes,Yes,No,No,No internet service,month-to-month,Yes,electronic_check,53.87,3555.65,No
CUST-01629,Male,0,No,Yes,20,No,No phone service,DSL,No internet service,No,No,No internet service,Yes,Yes,month-to-month,No,mailed_check,33.89,677.85,No
CUST-01630,Male,0,No,Yes,69,Yes,No,No,No internet service,Yes,No internet service,Yes,Yes,Yes,month-to-month,Yes,electronic_check,6.31,435.21,No
CUST-01631,Female,0,No,Yes,37,Yes,Yes,Fiber optic,Yes,Yes,No,No internet service,No internet service,No,one year,Yes,mailed_check,135.27,5004.89,No
CUST-01632,Male,0,No,Yes,7,No,No phone service,Fiber optic,No,No internet service,Yes,Yes,No,Yes,one year,Yes,electronic_check,116.59,816.16,Yes
CUST-01633,Male,1,Yes,No,9,Yes,No,DSL,No,No,No,Yes,No,No,one year,Yes,electronic_check,81.77,735.91,No
CUST-01634,Female,0,No,No,49,Yes,Yes,Fiber optic,No internet service,No internet service,Yes,No internet service,No,Yes,month-to-month,No,electronic_check,89.52,4386.3,No
CUST-01635,Male,1,No,No,11,Yes,Yes,Fiber optic,No internet service,Yes,Yes,No,No,No internet service,two year,Yes,credit_card,121.18,1333.03,No
CUST-01636,Male,1,No,No,33,No,No phone service,Fiber optic,No,No,Yes,No,No,No,two year,No,credit_card,90.1,2973.35,No
CUST-01637,Female,0,Yes,No,71,Yes,No,Fiber optic,Yes,No,No,No,No,No,month-to-month,Yes,electronic_check,69.63,4943.76,No
CUST-01638,Female,1,No,Yes,6,Yes,Yes,Fiber optic,No internet service,Yes,No internet service,Yes,No,No internet service,one year,Yes,credit_card,77.01,462.06,No
CUST-01639,Female,1,Yes,No,30,Yes,No,Fiber optic,No,No,No,No,Yes,Yes,one year,Yes,bank_transfer,115.04,3451.19,No
CUST-01640,Female,1,No,No,58,Yes,No,Fiber optic,No,Yes,No internet service,No,No internet service,No internet service,month-to-month,No,credit_card,65.96,3825.86,No
CUST-01641,Female,0,No,No,11,Yes,No,DSL,No internet service,No,No,No internet service,No,Yes,month-to-month,No,electronic_check,47.01,517.08,Yes
CUST-01642,Female,0,No,No,22,Yes,Yes,DSL,Yes,Yes,No internet service,Yes,No,Yes,two year,Yes,electronic_check,52.56,1156.37,No
CUST-01643,Male,1,No,No,28,Yes,Yes,DSL,No internet service,Yes,No internet service,No internet service,No internet service,No internet service,month-to-month,No,electronic_check,36.56,1023.66,No
CUST-01644,Female,0,No,Yes,45,Yes,Yes,DSL,No,No,No internet service,No,No,No internet service,month-to-month,Yes,bank_transfer,85.59,3851.44,No
CUST-01645,Male,1,No,No,42,Yes,No,No,Yes,Yes,No internet service,No,No,No,month-to-month,Yes,credit_card,37.48,1574.03,No
CUST-01646,Female,1,No,No,51,Yes,Yes,DSL,No internet service,No internet service,No internet service,Yes,No internet service,No,month-to-month,Yes,bank_transfer,60.47,3084.19,No
CUST-01647,Male,1,No,No,1,Yes,No,DSL,No internet service,No internet service,Yes,Yes,No,No,month-to-month,Yes,credit_card,68.73,68.73,Yes
CUST-01648,Male,1,No,No,43,Yes,Yes,Fiber optic,Yes,No,No,No,No,No internet service,month-to-month,Yes,bank_transfer,117.86,5068.11,No
CUST-01649,Male,0,Yes,Yes,65,Yes,No,Fiber optic,Yes,No,No,No internet service,No internet service,No internet service,one year,No,electronic_check,118.6,7709.2,No
CUST-01650,Female,1,No,Yes,8,Yes,No,DSL,No,No,No,No internet service,Yes,Yes,month-to-month,Yes,electronic_check,81.91,655.25,Yes
CUST-01651,Male,0,Yes,Yes,58,Yes,Yes,DSL,Yes,No,No internet service,Yes,Yes,No internet service,month-to-month,Yes,credit_card,33.24,1927.68,No
CUST-01652,Female,0,No,No,54,No,No phone service,DSL,Yes,Yes,No internet service,Yes,No internet service,No internet service,month-to-month,Yes,mailed_check,52.38,2828.62,No
CUST-01653,Male,1,Yes,No,4,Yes,No,Fiber optic,No internet service,Yes,No,No internet service,No internet service,No internet service,two year,No,credit_card,116.28,465.13,No
CUST-01654,Female,0,No,No,20,Yes,Yes,Fiber optic,Yes,Yes,No internet service,No internet service,No,Yes,two year,Yes,electronic_check,110.24,2204.84,No
CUST-01655,Female,0,Yes,No,15,Yes,Yes,DSL,No,No,No,Yes,No,Yes,month-to-month,Yes,bank_transfer,52.11,781.59,No
CUST-01656,Male,0,Yes,No,21,Yes,No,Fiber optic,Yes,Yes,Yes,No internet service,No,No internet service,one year,Yes,electronic_check,104.85,2201.76,Yes
CUST-01657,Male,0,Yes,No,48,Yes,No,DSL,No internet service,Yes,Yes,No internet service,Yes,No internet service,two year,No,electronic_check,55.31,2654.94,No
CUST-01658,Female,1,No,No,65,Yes,No,DSL,No,No internet service,Yes,No internet service,No,Yes,two year,Yes,electronic_check,47.48,3086.29,No
CUST-01659,Female,0,Yes,No,35,Yes,No,DSL,Yes,No,No,No internet service,No,No,month-to-month,Yes,credit_card,66.46,2325.96,No
CUST-01660,Male,0,Yes,No,39,Yes,No,DSL,No internet service,No internet service,Yes,Yes,No,No,two year,No,electronic_check,57.38,2237.87,No
CUST-01661,Female,1,No,No,44,Yes,Yes,DSL,No,No internet service,Yes,No,No internet service,No internet service,two year,No,mailed_check,95.0,4180.14,No
CUST-01662,Male,1,Yes,No,2,Yes,Yes,Fiber optic,No,No,No internet service,No,No,No,month-to-month,Yes,mailed_check,70.54,141.08,Yes
CUST-01663,Male,1,No,No,15,Yes,No,No,No internet service,No internet service,Yes,No,No internet service,Yes,month-to-month,Yes,mailed_check,3.51,52.58,No
CUST-01664,Female,0,No,No,31,Yes,Yes,Fiber optic,No,No,No,No internet service,No internet service,No internet service,month-to-month,Yes,bank_transfer,103.8,3217.7,No
CUST-01665,Female,0,Yes,No,24,Yes,No,DSL,No internet service,No internet service,Yes,No,No,No internet service,month-to-month,Yes,mailed_check,76.09,1826.05,No
CUST-01666,Male,1,No,Yes,69,Yes,No,DSL,No,No internet service,Yes,No,No,Yes,two year,Yes,mailed_check,81.27,5607.61,No
CUST-01667,Male,0,Yes,Yes,19,Yes,Yes,Fiber optic,Yes,No internet service,No,No,Yes,Yes,one year,No,bank_transfer,90.02,1710.37,No
CUST-01668,Female,0,Yes,No,14,Yes,No,Fiber optic,Yes,No internet service,No internet service,Yes,Yes,No,month-to-month,Yes,mailed_check,99.84,1397.76,Yes
CUST-01669,Male,1,No,No,7,Yes,No,No,No,No,Yes,No,No,No,month-to-month,No,credit_card,14.36,100.55,No
CUST-01670,Female,1,Yes,No,65,Yes,Yes,Fiber optic,No,No,Yes,No internet service,No,No,one year,Yes,credit_card,87.6,5693.71,No
CUST-01671,Male,1,Yes,No,59,Yes,No,Fiber optic,No internet service,Yes,No,Yes,No,No,month-to-month,Yes,mailed_check,72.42,4272.49,No
CUST-01672,Male,0,No,Yes,7,Yes,No,DSL,No,No,No internet service,No internet service,Yes,No,one year,Yes,bank_transfer,42.1,294.72,No
CUST-01673,Female,0,No,No,29,Yes,No,DSL,Yes,Yes,No,No,Yes,Yes,one year,Yes,electronic_check,57.48,1666.95,No
CUST-01674,Male,1,No,No,45,Yes,No,No,No,No,No internet service,No,Yes,No,month-to-month,Yes,bank_transfer,20.85,938.31,No
CUST-01675,Female,1,No,No,70,Yes,No,Fiber optic,Yes,No,No,No,No internet service,No,month-to-month,Yes,electronic_check,104.07,7284.95,No
CUST-01676,Male,0,Yes,Yes,15,Yes,No,DSL,Yes,No,No internet service,No,No,No internet service,month-to-month,No,electronic_check,43.82,657.28,No
CUST-01677,Female,1,No,No,12,Yes,Yes,DSL,Yes,No,No internet service,No,No,No,one year,Yes,electronic_check,77.8,933.58,No
CUST-01678,Male,0,No,Yes,60,Yes,Yes,Fiber optic,No,Yes,No,No,Yes,No internet service,month-to-month,No,mailed_check,136.53,8191.64,No
CUST-01679,Male,1,Yes,No,20,Yes,No,DSL,No internet service,No,No,No,Yes,No internet service,one year,Yes,bank_transfer,62.94,1258.83,No
CUST-01680,Female,0,Yes,No,48,Yes,No,Fiber optic,No internet service,Yes,Yes,No,No,No internet service,one year,No,electronic_check,98.82,4743.56,No
CUST-01681,Female,0,No,Yes,20,Yes,No,DSL,Yes,No,No,Yes,Yes,No internet service,month-to-month,Yes,electronic_check,55.94,1118.82,No
CUST-01682,Male,1,Yes,No,66,Yes,Yes,Fiber optic,Yes,No,Yes,No,No,Yes,month-to-month,No,bank_transfer,101.39,6691.88,No
CUST-01683,Female,1,Yes,No,0,Yes,No,Fiber optic,No,Yes,Yes,No,No,No internet service,month-to-month,No,bank_transfer,91.56,91.56,Yes
CUST-01684,Male,1,Yes,No,15,Yes,No,DSL,No,No,Yes,No,No,No internet service,month-to-month,Yes,bank_transfer,77.8,1166.93,No
CUST-01685,Male,0,No,No,59,Yes,Yes,Fiber optic,No,Yes,No,Yes,No internet service,No,two year,Yes,electronic_check,115.6,6820.59,No
CUST-01686,Female,1,Yes,No,27,Yes,No,Fiber optic,Yes,Yes,Yes,Yes,No,No internet service,one year,No,electronic_check,111.74,3017.01,No
CUST-01687,Female,1,No,Yes,42,Yes,No,No,No,No,Yes,Yes,No,No,one year,Yes,electronic_check,14.86,624.11,No
CUST-01688,Male,1,No,No,9,Yes,Yes,DSL,Yes,No,No,Yes,Yes,No,month-to-month,Yes,bank_transfer,58.41,525.72,No
CUST-01689,Female,1,No,Yes,2,Yes,Yes,DSL,No internet service,Yes,No internet service,No internet service,No internet service,No,month-to-month,Yes,bank_transfer,79.07,158.13,No
CUST-01690,Male,0,Yes,No,28,Yes,No,DSL,Yes,No,No,No internet service,Yes,No,month-to-month,No,mailed_check,45.76,1281.17,No
CUST-01691,Female,0,No,Yes,3,Yes,Yes,DSL,Yes,Yes,No internet service,Yes,No internet service,No internet service,month-to-month,Yes,credit_card,67.01,201.02,No
CUST-01692,Male,1,No,Yes,33,No,No phone service,Fiber optic,Yes,No,No,No,No,No,two year,Yes,mailed_check,91.12,3006.86,No
CUST-01693,Male,1,Yes,Yes,31,Yes,Yes,DSL,No,Yes,No internet service,No internet service,No internet service,No,one year,Yes,mailed_check,75.57,2342.54,No
CUST-01694,Male,1,Yes,No,43,Yes,No,Fiber optic,No,No,No internet service,No,No internet service,Yes,month-to-month,No,electronic_check,67.72,2911.81,No
CUST-01695,Female,0,Yes,No,68,Yes,Yes,Fiber optic,Yes,No,No internet service,No,No,Yes,one year,No,credit_card,124.15,8442.36,No
CUST-01696,Female,1,Yes,No,52,Yes,Yes,DSL,No internet service,No,Yes,No,No internet service,No,month-to-month,No,credit_card,46.3,2407.61,No
CUST-01697,Male,0,No,Yes,64,Yes,No,DSL,Yes,No internet service,No,Yes,No,No,one year,No,bank_transfer,82.89,5304.93,No
CUST-01698,Female,0,No,No,33,Yes,No,DSL,Yes,No,No internet service,Yes,No,No,month-to-month,Yes,electronic_check,36.05,1189.53,No
CUST-01699,Female,0,No,Yes,26,Yes,No,No,No internet service,No,Yes,No,No,No internet service,month-to-month,Yes,bank_transfer,0.93,24.06,No
CUST-01700,Female,0,No,Yes,51,No,No phone service,DSL,No internet service,No,No,Yes,No internet service,No internet service,month-to-month,No,electronic_check,80.55,4107.96,No
CUST-01701,Female,0,No,No,44,Yes,No,Fiber optic,No,No internet service,No internet service,No,Yes,No,two year,No,bank_transfer,106.15,4670.58,No
CUST-01702,Male,1,Yes,No,66,Yes,Yes,No,No internet service,No internet service,No internet service,No internet service,No,No internet service,month-to-month,Yes,credit_card,33.21,2192.1,No
CUST-01703,Male,1,No,No,52,Yes,No,DSL,No internet service,No internet service,Yes,No,Yes,No,month-to-month,Yes,electronic_check,52.74,2742.26,No
CUST-01704,Male,0,No,Yes,54,Yes,No,Fiber optic,No,No,No internet service,No internet service,Yes,No internet service,two year,Yes,mailed_check,130.7,7057.86,No
CUST-01705,Male,0,No,No,27,Yes,Yes,DSL,No internet service,Yes,No internet service,No internet service,No,Yes,month-to-month,Yes,bank_transfer,60.98,1646.52,No
CUST-01706,Female,0,Yes,No,57,Yes,No,DSL,No,No internet service,Yes,Yes,No internet service,No,month-to-month,Yes,credit_card,90.98,5185.91,No
CUST-01707,Male,1,Yes,No,2,Yes,No,Fiber optic,Yes,No internet service,No,No,No,No internet service,two year,Yes,bank_transfer,102.05,204.1,Yes
CUST-01708,Female,1,No,Yes,32,Yes,Yes,DSL,No,No,No internet service,Yes,No,No internet service,month-to-month,Yes,bank_transfer,33.37,1067.97,No
CUST-01709,Male,1,Yes,Yes,41,Yes,No,No,Yes,Yes,Yes,No internet service,No,No,one year,Yes,electronic_check,21.63,886.82,No
CUST-01710,Female,1,Yes,No,63,Yes,No,DSL,No internet service,Yes,No,No internet service,No,No,month-to-month,Yes,bank_transfer,61.88,3898.21,No
CUST-01711,Male,1,No,No,26,Yes,No,Fiber optic,No internet service,No internet service,No internet service,Yes,No,No,one year,Yes,bank_transfer,61.13,1589.25,No
CUST-01712,Male,0,No,No,42,Yes,No,DSL,No internet service,No,Yes,No internet service,No,No internet service,month-to-month,Yes,electronic_check,58.75,2467.31,No
CUST-01713,Female,0,Yes,No,25,Yes,No,Fiber optic,Yes,No,No internet service,Yes,Yes,No internet service,two year,Yes,electronic_check,144.38,3609.4,No
CUST-01714,Female,1,No,No,4,Yes,No,DSL,No,No internet service,No,No,No,Yes,month-to-month,No,electronic_check,43.21,172.84,Yes
CUST-01715,Male,1,No,No,27,Yes,No,DSL,No internet service,Yes,Yes,No internet service,No,No,month-to-month,Yes,electronic_check,78.63,2122.94,No
CUST-01716,Female,1,No,Yes,63,Yes,No,Fiber optic,No,No,No internet service,No,No,No internet service,one year,No,electronic_check,141.29,8901.5,No
CUST-01717,Male,1,No,No,71,Yes,No,Fiber optic,Yes,No internet service,Yes,No,Yes,No internet service,month-to-month,No,bank_transfer,75.76,5378.94,No
CUST-01718,Female,1,Yes,No,24,Yes,No,DSL,No internet service,No internet service,No,No internet service,No,Yes,month-to-month,Yes,electronic_check,82.61,1982.74,No
CUST-01719,Male,0,Yes,No,45,Yes,No,DSL,No,No,No internet service,Yes,No internet service,No internet service,month-to-month,No,electronic_check,68.35,3075.89,No
CUST-01720,Male,0,No,Yes,49,No,No phone service,DSL,No,No internet service,No internet service,No,No internet service,No internet service,one year,No,electronic_check,78.94,3867.94,Yes
CUST-01721,Male,1,No,No,15,Yes,No,Fiber optic,No internet service,Yes,Yes,No,No internet service,Yes,month-to-month,Yes,bank_transfer,69.77,1046.51,Yes
CUST-01722,Male,0,Yes,No,63,Yes,No,Fiber optic,Yes,Yes,No,Yes,Yes,No internet service,one year,Yes,electronic_check,100.28,6317.34,No
CUST-01723,Female,1,Yes,No,2,Yes,No,DSL,No,No,Yes,No,No,No,two year,Yes,electronic_check,61.05,122.11,No
CUST-01724,Male,1,No,No,34,Yes,Yes,Fiber optic,No,Yes,No internet service,No,No,No internet service,one year,Yes,mailed_check,77.17,2623.69,No
CUST-01725,Female,0,Yes,No,5,Yes,Yes,DSL,Yes,No,Yes,No,No internet service,No internet service,two year,Yes,mailed_check,89.82,449.12,No
CUST-01726,Female,0,Yes,No,44,Yes,No,Fiber optic,No internet service,Yes,No,No,No,Yes,month-to-month,Yes,electronic_check,105.21,4629.03,No
CUST-01727,Male,0,No,No,52,Yes,No,DSL,No internet service,No,No,No,No,Yes,one year,Yes,mailed_check,39.59,2058.44,No
CUST-01728,Female,1,Yes,No,44,Yes,No,Fiber optic,No internet service,No,No internet service,No internet service,No,No internet service,month-to-month,Yes,bank_transfer,108.58,4777.69,No
CUST-01729,Male,1,Yes,No,15,Yes,No,Fiber optic,Yes,No,No internet service,No,No internet service,Yes,one year,Yes,bank_transfer,81.05,1215.78,No
CUST-01730,Male,1,No,No,40,Yes,No,Fiber optic,Yes,No internet service,No internet service,No internet service,No internet service,No internet service,one year,Yes,electronic_check,99.07,3962.67,No
CUST-01731,Female,0,No,Yes,7,Yes,No,DSL,Yes,No,No internet service,Yes,No,No,two year,No,electronic_check,38.45,269.16,No
CUST-01732,Female,0,Yes,No,3,Yes,No,Fiber optic,No internet service,Yes,No,No,No internet service,Yes,two year,No,electronic_check,126.42,379.26,Yes
CUST-01733,Female,1,No,No,66,Yes,No,Fiber optic,No,No,Yes,Yes,No internet service,No,month-to-month,Yes,bank_transfer,95.3,6289.79,No
CUST-01734,Male,0,Yes,No,21,No,No phone service,Fiber optic,Yes,No,No,No internet service,Yes,No internet service,one year,Yes,credit_card,71.76,1506.89,No
CUST-01735,Male,0,Yes,No,11,Yes,No,No,No internet service,No,Yes,No internet service,Yes,No,one year,Yes,mailed_check,13.18,144.93,No
CUST-01736,Female,0,Yes,No,57,No,No phone service,DSL,No internet service,No,No,No internet service,Yes,Yes,month-to-month,No,credit_card,49.98,2848.83,No
CUST-01737,Male,1,Yes,Yes,16,Yes,No,DSL,No internet service,No,No,Yes,No,Yes,month-to-month,No,bank_transfer,37.68,602.94,Yes
CUST-01738,Male,1,No,No,70,Yes,No,Fiber optic,No,Yes,No,No internet service,Yes,No internet service,one year,Yes,credit_card,91.53,6407.06,No
CUST-01739,Female,0,Yes,No,56,Yes,No,Fiber optic,Yes,No,Yes,No internet service,No,No,month-to-month,Yes,mailed_check,62.59,3504.77,No
CUST-01740,Male,1,Yes,No,20,Yes,No,DSL,No internet service,No,No internet service,No internet service,No internet service,No internet service,month-to-month,No,bank_transfer,65.14,1302.78,No
CUST-01741,Female,1,No,No,30,Yes,No,Fiber optic,No internet service,No,No internet service,No,Yes,No,month-to-month,Yes,bank_transfer,94.55,2836.47,Yes
CUST-01742,Male,1,Yes,Yes,56,Yes,Yes,DSL,No,No internet service,Yes,No,No,Yes,one year,No,mailed_check,79.14,4431.96,No
CUST-01743,Female,0,No,No,67,Yes,Yes,Fiber optic,Yes,No internet service,Yes,No internet service,Yes,Yes,two year,Yes,mailed_check,85.08,5700.54,No
CUST-01744,Male,1,Yes,No,48,Yes,No,Fiber optic,Yes,No,No internet service,No,No,Yes,month-to-month,No,electronic_check,77.37,3713.99,No
CUST-01745,Female,1,No,No,13,Yes,No,Fiber optic,Yes,Yes,No,Yes,Yes,No,month-to-month,No,bank_transfer,91.52,1189.71,No
CUST-01746,Female,1,Yes,Yes,4,No,No phone service,No,No internet service,No,No,Yes,No internet service,No internet service,month-to-month,Yes,credit_card,15.45,61.8,Yes
CUST-01747,Male,0,No,No,5,Yes,Yes,Fiber optic,Yes,No,No,No internet service,Yes,No,one year,Yes,credit_card,132.53,662.66,No
CUST-01748,Female,1,No,No,38,Yes,No,Fiber optic,No,No internet service,No,No internet service,Yes,Yes,two year,Yes,bank_transfer,95.36,3623.61,No
CUST-01749,Female,1,No,No,70,Yes,No,Fiber optic,Yes,No,No,No internet service,No,No,month-to-month,No,mailed_check,111.1,7777.11,No
CUST-01750,Male,0,Yes,Yes,72,Yes,Yes,Fiber optic,No,No,No,No,No,No internet service,month-to-month,Yes,credit_card,80.57,5800.79,No
CUST-01751,Male,1,Yes,Yes,48,Yes,Yes,DSL,Yes,No,No,No internet service,Yes,No,two year,Yes,mailed_check,71.57,3435.39,No
CUST-01752,Female,0,Yes,No,45,No,No phone service,Fiber optic,Yes,Yes,Yes,No internet service,No internet service,No,two year,Yes,electronic_check,76.85,3458.11,No
CUST-01753,Female,1,Yes,No,66,Yes,No,No,No,Yes,Yes,No,No internet service,No internet service,month-to-month,No,credit_card,13.33,879.54,No
CUST-01754,Male,1,No,No,17,Yes,No,DSL,No,Yes,Yes,No internet service,No,No,two year,No,mailed_check,50.62,860.47,No
CUST-01755,Female,1,No,No,29,Yes,Yes,Fiber optic,Yes,No,No,No internet service,No,No,month-to-month,No,electronic_check,80.11,2323.24,No
CUST-01756,Female,0,Yes,No,33,Yes,Yes,Fiber optic,No internet service,Yes,No,No internet service,Yes,Yes,two year,No,credit_card,105.54,3482.94,No
CUST-01757,Female,1,Yes,No,64,Yes,No,DSL,Yes,Yes,No internet service,No internet service,Yes,Yes,two year,Yes,electronic_check,67.0,4288.24,No
CUST-01758,Female,1,No,Yes,4,Yes,No,Fiber optic,No,Yes,No internet service,Yes,No,No,one year,Yes,credit_card,122.56,490.24,No
CUST-01759,Male,0,Yes,No,66,Yes,No,Fiber optic,No,No,No,No,No,No,month-to-month,Yes,bank_transfer,109.93,7255.69,No
CUST-01760,Female,0,Yes,No,12,Yes,Yes,Fiber optic,No,No,No,No,No internet service,Yes,month-to-month,Yes,bank_transfer,76.56,918.7,No
CUST-01761,Male,1,Yes,No,24,Yes,Yes,No,No internet service,No internet service,No,No,No,No internet service,two year,No,credit_card,17.01,408.13,No
CUST-01762,Female,0,Yes,No,61,No,No phone service,No,No,No,No internet service,No,No,No internet service,two year,Yes,electronic_check,40.9,2494.99,No
CUST-01763,Male,1,No,Yes,59,Yes,No,DSL,No internet service,No,No internet service,Yes,No internet service,Yes,month-to-month,No,mailed_check,76.72,4526.61,No
CUST-01764,Female,1,Yes,Yes,66,Yes,No,DSL,No internet service,Yes,No,No,No internet service,No,one year,Yes,electronic_check,44.19,2916.63,No
CUST-01765,Female,1,Yes,Yes,1,Yes,No,Fiber optic,No internet service,No internet service,Yes,No,No,No,month-to-month,Yes,mailed_check,101.93,101.93,Yes
CUST-01766,Female,0,No,No,46,Yes,No,Fiber optic,Yes,No,No,No internet service,Yes,No,month-to-month,Yes,electronic_check,63.26,2910.0,Yes
CUST-01767,Female,0,Yes,Yes,60,Yes,Yes,Fiber optic,Yes,No,No internet service,No,No,No internet service,month-to-month,Yes,electronic_check,115.38,6922.83,No
CUST-01768,Male,0,Yes,No,65,No,No phone service,Fiber optic,No internet service,No internet service,No,No internet service,No internet service,No internet service,one year,Yes,mailed_check,112.02,7281.46,No
CUST-01769,Female,0,Yes,Yes,66,Yes,Yes,Fiber optic,No,Yes,No internet service,No,No,No,two year,No,mailed_check,96.78,6387.53,No
CUST-01770,Male,1,Yes,No,20,Yes,No,DSL,No,No,No internet service,No,No internet service,No internet service,one year,Yes,credit_card,41.03,820.67,No
CUST-01771,Female,0,No,No,50,Yes,No,DSL,No,No,Yes,Yes,No internet service,No,month-to-month,Yes,electronic_check,60.44,3021.96,No
CUST-01772,Female,0,Yes,Yes,64,Yes,Yes,Fiber optic,No,No internet service,No,No internet service,Yes,No internet service,month-to-month,Yes,bank_transfer,110.69,7084.27,No
CUST-01773,Female,1,Yes,No,43,Yes,No,DSL,Yes,Yes,No,No internet service,No internet service,Yes,month-to-month,Yes,credit_card,59.98,2578.97,No
CUST-01774,Female,1,Yes,Yes,29,Yes,Yes,DSL,Yes,No internet service,No,No internet service,No internet service,No internet service,one year,No,mailed_check,52.11,1511.2,No
CUST-01775,Female,0,Yes,No,64,Yes,Yes,Fiber optic,Yes,No,No internet service,No internet service,No,No,month-to-month,Yes,electronic_check,139.02,8897.12,No
CUST-01776,Female,0,Yes,No,66,Yes,Yes,DSL,No internet service,No,No,No,Yes,Yes,one year,Yes,electronic_check,53.03,3500.15,No
CUST-01777,Female,0,Yes,No,41,Yes,No,DSL,No internet service,No,Yes,No internet service,No internet service,No internet service,one year,Yes,mailed_check,58.86,2413.43,No
CUST-01778,Male,0,Yes,No,46,Yes,No,DSL,No,No,No,No internet service,No,No internet service,two year,No,electronic_check,85.7,3942.38,No
CUST-01779,Female,0,No,Yes,13,No,No phone service,Fiber optic,No,No,No internet service,No,Yes,No internet service,month-to-month,Yes,mailed_check,104.65,1360.49,Yes
CUST-01780,Male,0,No,No,22,Yes,No,No,No,No internet service,No internet service,No internet service,No internet service,Yes,two year,Yes,electronic_check,41.54,913.82,No
CUST-01781,Female,1,No,No,15,Yes,Yes,DSL,Yes,No internet service,No internet service,No,No,Yes,one year,Yes,electronic_check,88.66,1329.97,No
CUST-01782,Female,1,No,No,67,Yes,Yes,DSL,Yes,No internet service,No internet service,No,Yes,Yes,two year,No,mailed_check,76.61,5132.76,No
CUST-01783,Male,1,Yes,Yes,49,Yes,Yes,DSL,No internet service,No internet service,Yes,No,Yes,No internet service,month-to-month,Yes,electronic_check,63.67,3119.63,No
CUST-01784,Male,1,No,Yes,18,Yes,Yes,DSL,No internet service,Yes,Yes,No internet service,No internet service,No internet service,month-to-month,Yes,electronic_check,29.66,533.8,No
CUST-01785,Female,0,No,No,12,No,No phone service,No,No internet service,No internet service,No,No,No internet service,Yes,month-to-month,No,credit_card,31.82,381.87,No
CUST-01786,Male,1,No,No,57,Yes,No,Fiber optic,Yes,No,No internet service,No,No,No internet service,one year,No,bank_transfer,76.98,4387.66,No
CUST-01787,Female,1,Yes,Yes,46,Yes,No,Fiber optic,Yes,Yes,No,Yes,No,No,month-to-month,Yes,mailed_check,98.04,4510.01,No
CUST-01788,Male,0,Yes,No,23,Yes,Yes,No,No,No internet service,No internet service,No,Yes,No,two year,Yes,bank_transfer,14.17,325.92,No
CUST-01789,Female,1,Yes,No,42,Yes,No,No,Yes,No internet service,No internet service,No,No,Yes,month-to-month,No,electronic_check,19.95,837.94,No
CUST-01790,Male,1,No,No,7,Yes,Yes,Fiber optic,No,No,Yes,No,Yes,No,two year,No,credit_card,85.16,596.12,No
CUST-01791,Male,0,No,No,46,Yes,No,DSL,Yes,No internet service,No,No internet service,No internet service,No,month-to-month,No,electronic_check,49.22,2264.25,No
CUST-01792,Female,0,Yes,Yes,32,Yes,No,Fiber optic,Yes,No,No,Yes,Yes,No,one year,Yes,credit_card,126.53,4049.02,No
CUST-01793,Female,0,No,No,37,Yes,No,DSL,No,No,No internet service,Yes,No,Yes,month-to-month,No,bank_transfer,42.62,1577.05,No
CUST-01794,Male,1,No,No,41,Yes,Yes,Fiber optic,No,Yes,No internet service,No internet service,No,No internet service,month-to-month,Yes,electronic_check,67.26,2757.81,Yes
CUST-01795,Female,1,Yes,No,50,Yes,No,Fiber optic,Yes,No internet service,Yes,Yes,Yes,No internet service,month-to-month,Yes,credit_card,72.43,3621.34,No
CUST-01796,Female,0,No,No,38,Yes,No,DSL,No internet service,No,No,Yes,No,No internet service,one year,Yes,credit_card,76.12,2892.39,No
CUST-01797,Female,0,Yes,Yes,0,Yes,Yes,DSL,Yes,No,No,No internet service,Yes,No internet service,one year,Yes,electronic_check,62.89,62.89,No
CUST-01798,Female,0,Yes,Yes,67,Yes,Yes,Fiber optic,No,Yes,Yes,Yes,No internet service,No,two year,No,bank_transfer,111.19,7449.51,No
CUST-01799,Female,0,No,No,64,Yes,Yes,Fiber optic,No,Yes,Yes,No,No internet service,Yes,one year,Yes,bank_transfer,118.23,7567.02,No
CUST-01800,Female,0,No,No,21,Yes,No,No,Yes,No,Yes,Yes,Yes,No,month-to-month,Yes,electronic_check,28.48,598.03,No
CUST-01801,Male,0,No,No,51,Yes,Yes,DSL,No,No internet service,No internet service,No,No,Yes,one year,Yes,mailed_check,43.85,2236.34,No
CUST-01802,Female,1,Yes,No,17,Yes,No,No,No internet service,No internet service,Yes,No,Yes,No internet service,two year,Yes,electronic_check,25.12,427.08,No
CUST-01803,Female,1,No,Yes,21,Yes,Yes,Fiber optic,No,No,No internet service,Yes,Yes,Yes,two year,Yes,mailed_check,116.62,2449.08,No
CUST-01804,Male,1,No,No,23,Yes,No,DSL,No,No,Yes,No,No,Yes,one year,No,mailed_check,70.08,1611.87,No
CUST-01805,Male,0,Yes,Yes,13,Yes,No,DSL,No internet service,No internet service,Yes,No,Yes,No internet service,one year,No,credit_card,61.02,793.21,No
CUST-01806,Male,1,No,No,56,Yes,No,DSL,Yes,No internet service,No,No,No internet service,No internet service,two year,Yes,electronic_check,68.27,3823.0,No
CUST-01807,Female,0,No,No,22,Yes,No,Fiber optic,No internet service,No internet service,No internet service,No internet service,No,Yes,month-to-month,No,electronic_check,117.98,2595.47,Yes
CUST-01808,Female,0,Yes,No,40,Yes,No,Fiber optic,No internet service,No,No internet service,No,No internet service,Yes,month-to-month,Yes,electronic_check,91.48,3659.29,No
CUST-01809,Female,0,No,No,54,Yes,No,No,Yes,No,Yes,No,No,No,month-to-month,No,electronic_check,11.57,624.86,No
CUST-01810,Female,0,Yes,No,56,Yes,No,DSL,Yes,No,No,No,No,No internet service,two year,Yes,mailed_check,68.59,3841.29,No
CUST-01811,Male,0,Yes,No,20,Yes,No,DSL,No internet service,No,Yes,Yes,No internet service,Yes,month-to-month,Yes,bank_transfer,64.93,1298.57,No
CUST-01812,Female,0,No,No,41,Yes,No,DSL,No,Yes,No internet service,No internet service,Yes,No internet service,one year,Yes,mailed_check,72.34,2965.84,No
CUST-01813,Male,1,No,No,58,Yes,No,Fiber optic,No,No internet service,Yes,Yes,No,No internet service,one year,Yes,bank_transfer,79.06,4585.29,No
CUST-01814,Female,1,Yes,No,69,Yes,Yes,Fiber optic,Yes,No,No internet service,Yes,No internet service,No,month-to-month,Yes,electronic_check,86.94,5998.91,No
CUST-01815,Male,0,No,No,51,Yes,Yes,Fiber optic,Yes,No internet service,No,No internet service,No internet service,Yes,month-to-month,No,mailed_check,82.79,4222.31,No
CUST-01816,Male,0,No,No,3,Yes,Yes,DSL,Yes,Yes,No,No,No,Yes,month-to-month,No,electronic_check,54.67,164.01,Yes
CUST-01817,Male,0,No,No,70,No,No phone service,DSL,No,No internet service,No,No internet service,No,No internet service,month-to-month,No,mailed_check,44.98,3148.53,No
CUST-01818,Male,1,Yes,Yes,13,No,No phone service,DSL,Yes,No,No internet service,No,No,No,month-to-month,Yes,electronic_check,60.04,780.57,Yes
CUST-01819,Male,0,No,No,72,Yes,No,DSL,No,Yes,No,No internet service,No internet service,No,month-to-month,No,credit_card,68.05,4899.27,No
CUST-01820,Female,0,No,Yes,66,Yes,No,No,No,No,No,Yes,Yes,No,month-to-month,Yes,electronic_check,32.72,2159.34,No
CUST-01821,Female,0,No,Yes,58,Yes,No,DSL,No internet service,No internet service,Yes,Yes,No internet service,Yes,one year,No,mailed_check,87.62,5081.95,No
CUST-01822,Male,0,No,No,34,No,No phone service,Fiber optic,No internet service,No,Yes,No,No,No internet service,month-to-month,Yes,credit_card,81.06,2756.16,No
CUST-01823,Female,0,Yes,No,11,Yes,No,DSL,No internet service,No,No internet service,No,No,No internet service,one year,No,electronic_check,88.69,975.6,No
CUST-01824,Female,1,Yes,No,36,Yes,No,Fiber optic,No internet service,No internet service,Yes,No,No,No,month-to-month,Yes,electronic_check,90.61,3262.1,No
CUST-01825,Female,0,No,No,24,Yes,No,DSL,No,No internet service,No internet service,No,Yes,No internet service,one year,Yes,mailed_check,64.82,1555.73,No
CUST-01826,Male,0,Yes,No,18,No,No phone service,Fiber optic,Yes,No internet service,No internet service,No internet service,No,No,month-to-month,Yes,mailed_check,102.91,1852.42,Yes
CUST-01827,Female,1,No,No,37,Yes,No,Fiber optic,No,No,No,Yes,Yes,No internet service,month-to-month,Yes,mailed_check,120.04,4441.58,No
CUST-01828,Female,0,Yes,Yes,21,Yes,No,Fiber optic,No,No internet service,Yes,Yes,No internet service,Yes,month-to-month,Yes,electronic_check,98.26,2063.56,Yes
CUST-01829,Female,1,No,Yes,20,Yes,No,No,No,No,Yes,Yes,Yes,Yes,month-to-month,No,bank_transfer,4.19,83.7,No
CUST-01830,Female,0,No,No,21,Yes,No,DSL,No,No,No,No,No,No internet service,one year,Yes,electronic_check,47.53,998.07,No
CUST-01831,Male,1,Yes,No,68,Yes,No,Fiber optic,Yes,Yes,Yes,No,No internet service,Yes,month-to-month,Yes,electronic_check,107.03,7277.73,No
CUST-01832,Female,1,No,Yes,57,Yes,Yes,DSL,No,Yes,No,No,No,No internet service,two year,Yes,mailed_check,82.44,4699.29,No
CUST-01833,Male,1,Yes,No,10,Yes,No,No,No,Yes,No,No,No internet service,No,two year,Yes,electronic_check,26.76,267.6,No
CUST-01834,Male,1,No,No,56,Yes,Yes,Fiber optic,No,No,Yes,No,Yes,No internet service,month-to-month,No,electronic_check,74.51,4172.56,No
CUST-01835,Male,0,Yes,No,1,Yes,No,Fiber optic,Yes,No,Yes,Yes,No,Yes,month-to-month,No,credit_card,80.81,80.81,No
CUST-01836,Male,1,No,No,6,Yes,No,No,No,No,No internet service,No internet service,No,Yes,one year,No,electronic_check,30.5,183.0,No
CUST-01837,Female,0,No,Yes,33,Yes,No,Fiber optic,No,Yes,No internet service,No,No,Yes,two year,No,electronic_check,99.0,3266.94,No
CUST-01838,Female,0,Yes,No,36,Yes,Yes,DSL,No,Yes,Yes,No,No,No,month-to-month,No,mailed_check,67.46,2428.42,No
CUST-01839,Male,0,Yes,No,4,Yes,No,Fiber optic,Yes,No,Yes,No,No,Yes,month-to-month,Yes,bank_transfer,92.0,368.0,No
CUST-01840,Male,1,No,No,71,Yes,No,No,No,No internet service,No,Yes,No internet service,No,two year,Yes,credit_card,13.15,933.42,No
CUST-01841,Female,1,Yes,Yes,5,Yes,No,Fiber optic,No internet service,Yes,Yes,No,No,No,month-to-month,Yes,credit_card,90.47,452.35,Yes
CUST-01842,Male,0,Yes,No,25,Yes,No,Fiber optic,Yes,Yes,Yes,No internet service,No internet service,No internet service,month-to-month,No,bank_transfer,127.69,3192.35,No
CUST-01843,Female,1,No,Yes,36,Yes,No,DSL,No,No,No internet service,No,No internet service,Yes,month-to-month,No,bank_transfer,33.75,1214.95,No
CUST-01844,Male,0,No,Yes,60,No,No phone service,Fiber optic,Yes,No internet service,No,No,No internet service,No,month-to-month,Yes,bank_transfer,94.35,5660.79,No
CUST-01845,Male,0,No,No,30,Yes,Yes,No,No internet service,No,No internet service,No internet service,No internet service,No internet service,two year,No,electronic_check,24.2,726.14,No
CUST-01846,Female,1,No,No,64,Yes,Yes,Fiber optic,Yes,Yes,No internet service,No internet service,Yes,No,month-to-month,Yes,mailed_check,102.82,6580.54,No
CUST-01847,Female,1,Yes,No,20,Yes,No,DSL,No internet service,No internet service,Yes,Yes,No internet service,No internet service,one year,Yes,bank_transfer,54.04,1080.73,No
CUST-01848,Female,1,Yes,No,3,No,No phone service,Fiber optic,Yes,Yes,Yes,No,No internet service,No,month-to-month,No,mailed_check,105.6,316.79,Yes
CUST-01849,Male,0,No,No,45,Yes,No,DSL,No internet service,Yes,No,Yes,No,Yes,month-to-month,No,credit_card,58.65,2639.03,No
CUST-01850,Male,1,Yes,No,0,Yes,No,Fiber optic,No internet service,Yes,Yes,No internet service,No,Yes,month-to-month,No,credit_card,72.56,72.56,No
CUST-01851,Male,1,No,No,36,Yes,No,Fiber optic,No internet service,No internet service,No,No,Yes,No internet service,month-to-month,No,electronic_check,95.5,3437.95,No
CUST-01852,Male,1,Yes,Yes,41,Yes,Yes,Fiber optic,No,Yes,No,No,Yes,No,two year,Yes,bank_transfer,93.98,3853.06,No
CUST-01853,Male,1,No,No,53,Yes,No,DSL,No,No internet service,No,No internet service,No internet service,No,two year,Yes,credit_card,69.75,3696.87,No
CUST-01854,Male,1,Yes,No,36,Yes,No,DSL,Yes,No,No internet service,Yes,No internet service,Yes,month-to-month,No,bank_transfer,72.79,2620.26,No
CUST-01855,Male,1,No,No,19,Yes,No,Fiber optic,Yes,No internet service,No internet service,No,No internet service,Yes,month-to-month,Yes,bank_transfer,53.94,1024.87,Yes
CUST-01856,Male,0,No,Yes,51,Yes,No,DSL,No,Yes,No internet service,No,No internet service,No internet service,one year,No,credit_card,79.31,4044.88,No
CUST-01857,Female,0,No,Yes,22,Yes,No,No,No,No,No internet service,No internet service,Yes,Yes,one year,No,electronic_check,30.57,672.45,No
CUST-01858,Male,1,No,No,69,Yes,No,Fiber optic,No internet service,No,Yes,No internet service,No,No,one year,Yes,electronic_check,75.74,5225.98,No
CUST-01859,Male,1,Yes,No,70,Yes,No,DSL,No,No internet service,Yes,No,No,Yes,month-to-month,No,mailed_check,55.76,3903.16,No
CUST-01860,Male,0,No,Yes,56,Yes,No,DSL,No internet service,No,No internet service,Yes,No,No,two year,Yes,credit_card,84.01,4704.32,No
CUST-01861,Female,1,Yes,Yes,26,Yes,No,DSL,Yes,No internet service,Yes,Yes,No internet service,No internet service,month-to-month,Yes,bank_transfer,55.7,1448.28,Yes
CUST-01862,Female,0,No,Yes,66,No,No phone service,Fiber optic,No,No,No,No,No,No,month-to-month,Yes,bank_transfer,104.21,6877.89,No
CUST-01863,Female,1,Yes,No,44,Yes,No,Fiber optic,No,Yes,Yes,No internet service,No,No internet service,month-to-month,No,credit_card,95.1,4184.58,No
CUST-01864,Female,1,Yes,Yes,9,Yes,No,DSL,No internet service,No internet service,Yes,No,No,Yes,two year,Yes,electronic_check,46.85,421.65,Yes
CUST-01865,Female,1,No,No,40,Yes,No,DSL,No,Yes,Yes,No,No internet service,Yes,month-to-month,Yes,credit_card,43.59,1743.51,No
CUST-01866,Male,1,Yes,No,2,Yes,No,Fiber optic,No,Yes,No,No internet service,Yes,No,month-to-month,No,credit_card,94.83,189.66,Yes
CUST-01867,Female,1,No,No,15,Yes,No,DSL,Yes,No,Yes,No internet service,Yes,No,month-to-month,Yes,mailed_check,68.27,1024.11,Yes
CUST-01868,Male,0,No,No,34,Yes,Yes,DSL,No,No internet service,No,Yes,No internet service,No internet service,two year,Yes,bank_transfer,45.93,1561.69,No
CUST-01869,Male,0,No,Yes,9,Yes,No,Fiber optic,No,No,No internet service,No,No internet service,No internet service,month-to-month,No,mailed_check,101.19,910.71,No
CUST-01870,Male,1,Yes,Yes,4,Yes,No,DSL,No internet service,No,Yes,Yes,No,No,month-to-month,Yes,mailed_check,79.87,319.48,No
CUST-01871,Male,1,No,No,56,Yes,Yes,DSL,No internet service,No,No internet service,No,No,Yes,one year,No,electronic_check,57.68,3230.12,No
CUST-01872,Female,1,No,Yes,2,Yes,No,DSL,Yes,No,No,No internet service,No,No internet service,month-to-month,No,credit_card,35.66,71.31,No
CUST-01873,Male,1,No,No,57,Yes,Yes,Fiber optic,No,No,Yes,Yes,No internet service,Yes,one year,Yes,credit_card,86.19,4912.61,No
CUST-01874,Male,1,Yes,No,29,Yes,No,Fiber optic,Yes,Yes,No,No internet service,No,No internet service,two year,Yes,credit_card,100.02,2900.6,No
CUST-01875,Female,1,Yes,No,28,No,No phone service,Fiber optic,Yes,No,No internet service,No,Yes,No,one year,Yes,credit_card,112.56,3151.79,No
CUST-01876,Male,0,Yes,No,25,Yes,No,Fiber optic,No internet service,No internet service,Yes,No,Yes,No,month-to-month,Yes,mailed_check,124.93,3123.19,No
CUST-01877,Male,0,No,No,11,Yes,No,DSL,No internet service,No,No internet service,No internet service,Yes,Yes,month-to-month,No,credit_card,71.88,790.67,Yes
CUST-01878,Male,0,Yes,Yes,23,No,No phone service,Fiber optic,No,No,Yes,No internet service,No internet service,Yes,month-to-month,No,credit_card,100.37,2308.62,Yes
CUST-01879,Female,1,Yes,Yes,51,Yes,No,Fiber optic,No internet service,No internet service,No,No internet service,No,Yes,one year,No,credit_card,72.86,3715.75,No
CUST-01880,Female,0,No,Yes,13,Yes,Yes,Fiber optic,No internet service,No internet service,No,Yes,No,No,month-to-month,No,bank_transfer,105.26,1368.4,Yes
CUST-01881,Female,1,No,No,57,Yes,Yes,No,No internet service,Yes,No internet service,No internet service,No internet service,Yes,one year,Yes,mailed_check,10.96,624.54,No
CUST-01882,Male,1,No,No,51,Yes,Yes,DSL,No,No internet service,No,No,No,Yes,month-to-month,No,credit_card,30.52,1556.73,No
CUST-01883,Male,1,No,No,66,Yes,No,Fiber optic,Yes,No internet service,Yes,No internet service,No internet service,Yes,month-to-month,Yes,credit_card,110.06,7264.28,No
CUST-01884,Female,0,Yes,No,37,Yes,Yes,Fiber optic,Yes,No internet service,Yes,Yes,No internet service,No,one year,No,electronic_check,101.31,3748.61,No
CUST-01885,Male,1,No,No,55,Yes,Yes,DSL,Yes,No internet service,No,No,Yes,No,one year,No,mailed_check,46.39,2551.71,No
CUST-01886,Female,1,No,Yes,2,Yes,No,Fiber optic,No internet service,No internet service,No,No,No,Yes,month-to-month,Yes,mailed_check,79.49,158.98,No
CUST-01887,Female,0,No,No,65,Yes,No,Fiber optic,No internet service,No,Yes,No internet service,No internet service,Yes,month-to-month,Yes,credit_card,85.99,5589.29,No
CUST-01888,Female,0,Yes,Yes,4,Yes,Yes,Fiber optic,No internet service,No,No,No,No,Yes,month-to-month,Yes,mailed_check,72.26,289.02,Yes
CUST-01889,Male,1,Yes,Yes,69,Yes,No,Fiber optic,Yes,No internet service,Yes,No internet service,No,Yes,one year,Yes,electronic_check,130.37,8995.74,No
CUST-01890,Male,1,No,No,58,Yes,No,DSL,No internet service,No internet service,No,No,No,No,month-to-month,No,credit_card,58.92,3417.19,No
CUST-01891,Male,1,No,No,50,Yes,Yes,Fiber optic,No,Yes,No internet service,No,No internet service,Yes,month-to-month,No,electronic_check,73.37,3668.52,Yes
CUST-01892,Male,1,No,No,49,Yes,No,DSL,No,No,No,No,No internet service,No,two year,Yes,electronic_check,81.68,4002.12,No
CUST-01893,Male,1,No,No,43,Yes,Yes,No,No,Yes,No internet service,Yes,Yes,No,month-to-month,No,bank_transfer,31.72,1363.99,No
CUST-01894,Female,0,Yes,Yes,7,Yes,Yes,Fiber optic,No internet service,No internet service,No,Yes,No,No internet service,one year,Yes,electronic_check,118.16,827.14,Yes
CUST-01895,Male,1,Yes,No,63,Yes,No,DSL,No internet service,No,No,No,No internet service,Yes,month-to-month,Yes,mailed_check,26.9,1694.66,No
CUST-01896,Male,0,Yes,No,57,Yes,No,Fiber optic,No,Yes,No internet service,Yes,No,Yes,two year,No,credit_card,98.15,5594.43,No
CUST-01897,Male,1,No,No,65,Yes,No,Fiber optic,Yes,No,No internet service,No,No,No,month-to-month,Yes,credit_card,127.52,8289.11,No
CUST-01898,Female,1,No,No,39,Yes,Yes,DSL,Yes,No internet service,Yes,No,No,No internet service,month-to-month,No,credit_card,62.19,2425.49,No
CUST-01899,Male,1,No,No,53,Yes,Yes,DSL,No internet service,Yes,No,No internet service,No,No,two year,No,electronic_check,79.97,4238.31,No
CUST-01900,Male,1,No,No,31,Yes,No,Fiber optic,Yes,Yes,No internet service,No,Yes,No,month-to-month,No,bank_transfer,113.77,3527.0,No
CUST-01901,Male,0,Yes,No,44,Yes,Yes,DSL,No,No,Yes,No internet service,No,No internet service,two year,Yes,mailed_check,61.95,2725.97,No
CUST-01902,Female,1,No,No,17,Yes,No,DSL,No,No internet service,No internet service,Yes,No,No internet service,month-to-month,Yes,bank_transfer,60.91,1035.55,No
CUST-01903,Female,0,No,Yes,23,Yes,No,Fiber optic,No,Yes,No,No internet service,Yes,No,one year,Yes,credit_card,82.71,1902.37,No
CUST-01904,Female,1,Yes,Yes,35,Yes,Yes,DSL,No internet service,Yes,No internet service,Yes,No internet service,No internet service,two year,Yes,bank_transfer,54.34,1901.75,No
CUST-01905,Female,1,Yes,Yes,34,No,No phone service,Fiber optic,No internet service,No,No,No internet service,No internet service,No internet service,one year,Yes,mailed_check,102.01,3468.2,No
CUST-01906,Female,1,Yes,No,24,Yes,No,DSL,No internet service,Yes,No,Yes,Yes,Yes,two year,No,mailed_check,68.37,1640.88,No
CUST-01907,Male,0,Yes,No,72,No,No phone service,DSL,Yes,No,No internet service,No,No internet service,No internet service,one year,Yes,mailed_check,46.33,3335.49,No
CUST-01908,Female,1,Yes,Yes,23,No,No phone service,DSL,Yes,No,Yes,No,Yes,No internet service,one year,Yes,electronic_check,53.59,1232.51,No
CUST-01909,Male,0,No,Yes,50,No,No phone service,Fiber optic,Yes,No,No,Yes,No,No,one year,Yes,credit_card,142.18,7109.14,No
CUST-01910,Female,0,Yes,No,50,Yes,No,Fiber optic,No internet service,No internet service,No internet service,No internet service,Yes,No,one year,Yes,electronic_check,99.06,4952.86,No
CUST-01911,Male,1,Yes,No,35,Yes,Yes,Fiber optic,No internet service,No,No,No internet service,No internet service,No internet service,month-to-month,No,electronic_check,92.12,3224.3,No
CUST-01912,Female,0,No,Yes,12,Yes,Yes,Fiber optic,Yes,Yes,No internet service,No,Yes,Yes,one year,Yes,mailed_check,120.58,1446.94,No
CUST-01913,Female,1,Yes,No,21,No,No phone service,DSL,No internet service,No,No,No,Yes,Yes,one year,Yes,mailed_check,69.13,1451.68,No
CUST-01914,Male,1,No,No,60,Yes,No,DSL,No,No,No,No,No,No internet service,two year,Yes,credit_card,70.4,4224.05,No
CUST-01915,Female,0,Yes,Yes,19,Yes,No,DSL,Yes,No internet service,No,No,No,No,month-to-month,Yes,credit_card,79.64,1513.22,No
CUST-01916,Female,0,Yes,No,21,Yes,No,Fiber optic,Yes,No internet service,Yes,No,No internet service,Yes,month-to-month,Yes,mailed_check,121.23,2545.73,Yes
CUST-01917,Male,1,No,Yes,33,No,No phone service,Fiber optic,No internet service,Yes,No,No,No,No,one year,Yes,electronic_check,112.54,3713.7,No
CUST-01918,Female,0,Yes,Yes,6,No,No phone service,Fiber optic,Yes,Yes,No internet service,No,No internet service,Yes,two year,Yes,bank_transfer,123.96,743.75,No
CUST-01919,Female,0,Yes,No,28,Yes,Yes,DSL,Yes,Yes,No internet service,Yes,No internet service,No internet service,one year,No,electronic_check,64.48,1805.57,No
CUST-01920,Female,1,No,No,50,Yes,Yes,DSL,No,No internet service,No,No,No internet service,No,month-to-month,No,electronic_check,55.76,2787.84,No
CUST-01921,Female,0,No,Yes,1,Yes,No,Fiber optic,Yes,Yes,No internet service,No internet service,No internet service,No,one year,Yes,mailed_check,81.42,81.42,No
CUST-01922,Female,0,Yes,Yes,42,Yes,No,Fiber optic,Yes,No internet service,No,No,Yes,No internet service,month-to-month,Yes,electronic_check,73.16,3072.76,No
CUST-01923,Male,1,No,No,52,Yes,No,Fiber optic,Yes,No,Yes,No,No,No,month-to-month,Yes,mailed_check,97.69,5079.86,No
CUST-01924,Female,0,No,No,2,Yes,No,Fiber optic,No,No,Yes,No,Yes,No,month-to-month,Yes,electronic_check,126.28,252.56,Yes
CUST-01925,Male,0,No,Yes,44,Yes,No,DSL,No internet service,No,No,No internet service,Yes,No internet service,month-to-month,Yes,electronic_check,43.12,1897.17,No
CUST-01926,Male,0,No,No,47,No,No phone service,Fiber optic,No,No internet service,No internet service,No internet service,No internet service,No internet service,month-to-month,Yes,mailed_check,88.81,4174.27,No
CUST-01927,Female,0,Yes,No,25,Yes,Yes,DSL,No,No internet service,No internet service,No,No internet service,No,one year,No,bank_transfer,63.86,1596.6,No
CUST-01928,Female,0,No,No,56,Yes,No,DSL,No,No,Yes,No internet service,Yes,No,two year,Yes,credit_card,85.41,4782.71,No
CUST-01929,Male,0,Yes,Yes,21,Yes,Yes,Fiber optic,Yes,No internet service,No internet service,Yes,No internet service,Yes,one year,No,credit_card,82.14,1725.02,No
CUST-01930,Male,1,No,Yes,31,Yes,No,Fiber optic,Yes,No,No internet service,No,No internet service,Yes,month-to-month,Yes,credit_card,64.86,2010.55,No
CUST-01931,Female,0,No,No,46,Yes,No,DSL,Yes,No internet service,Yes,Yes,No,Yes,one year,Yes,bank_transfer,41.61,1914.28,No
CUST-01932,Female,0,Yes,No,4,Yes,Yes,Fiber optic,Yes,No,No internet service,Yes,Yes,Yes,month-to-month,Yes,mailed_check,130.22,520.86,Yes
CUST-01933,Female,0,No,Yes,22,Yes,No,Fiber optic,No internet service,Yes,Yes,No,No,Yes,two year,No,mailed_check,98.71,2171.67,No
CUST-01934,Male,0,Yes,No,51,Yes,No,DSL,No,No internet service,No,No internet service,No,No,month-to-month,Yes,bank_transfer,52.0,2651.98,No
CUST-01935,Male,1,Yes,Yes,25,Yes,No,Fiber optic,No,No,No internet service,No internet service,No,No internet service,two year,Yes,credit_card,82.77,2069.27,No
CUST-01936,Female,0,No,Yes,50,Yes,No,DSL,No internet service,Yes,No internet service,Yes,Yes,No internet service,month-to-month,Yes,electronic_check,40.84,2042.14,No
CUST-01937,Female,1,Yes,No,24,Yes,No,Fiber optic,Yes,No,Yes,No internet service,No,No,month-to-month,Yes,electronic_check,87.29,2094.84,No
CUST-01938,Male,1,Yes,No,48,Yes,No,DSL,No internet service,No internet service,No,Yes,Yes,No,month-to-month,No,mailed_check,41.66,1999.63,No
CUST-01939,Male,0,Yes,No,65,Yes,No,DSL,Yes,Yes,Yes,No internet service,No internet service,Yes,one year,Yes,electronic_check,36.65,2382.41,No
CUST-01940,Female,0,No,No,41,Yes,No,Fiber optic,No internet service,Yes,No,Yes,No internet service,No internet service,month-to-month,No,bank_transfer,109.26,4479.52,No
CUST-01941,Male,0,Yes,No,27,Yes,No,Fiber optic,No internet service,No internet service,No,No,No,Yes,month-to-month,Yes,electronic_check,99.79,2694.25,No
CUST-01942,Male,1,No,No,46,Yes,Yes,Fiber optic,Yes,Yes,No,No internet service,No internet service,No internet service,month-to-month,Yes,mailed_check,73.72,3390.89,No
CUST-01943,Male,0,No,No,55,Yes,No,DSL,No internet service,No internet service,No internet service,Yes,No,No,month-to-month,No,mailed_check,80.1,4405.77,No
CUST-01944,Female,1,Yes,No,40,Yes,No,Fiber optic,No internet service,No,Yes,No internet service,No internet service,No internet service,two year,Yes,mailed_check,66.42,2656.89,No
CUST-01945,Male,0,Yes,No,57,Yes,No,DSL,No internet service,No,No,No internet service,No internet service,No,two year,Yes,electronic_check,54.83,3125.41,No
CUST-01946,Female,0,Yes,No,48,Yes,No,Fiber optic,Yes,No,No,Yes,No,Yes,one year,Yes,bank_transfer,117.18,5624.83,No
CUST-01947,Male,0,No,No,17,Yes,No,DSL,Yes,Yes,No internet service,Yes,No internet service,No,one year,Yes,mailed_check,81.45,1384.6,No
CUST-01948,Male,0,No,No,23,Yes,Yes,No,No internet service,Yes,No,No,No,No internet service,month-to-month,No,mailed_check,15.96,367.1,No
CUST-01949,Male,1,Yes,Yes,69,Yes,No,DSL,No,No,No,No,No,Yes,one year,No,credit_card,38.88,2682.8,No
CUST-01950,Male,1,No,No,29,Yes,No,Fiber optic,No internet service,No,No internet service,No,No,Yes,one year,No,electronic_check,99.91,2897.27,No
CUST-01951,Female,1,No,No,60,No,No phone service,DSL,No,Yes,No,No,No,No internet service,month-to-month,No,mailed_check,46.63,2797.98,No
CUST-01952,Male,0,Yes,No,27,No,No phone service,Fiber optic,Yes,Yes,Yes,No internet service,No internet service,No,month-to-month,No,electronic_check,110.11,2972.93,Yes
CUST-01953,Female,0,No,No,54,Yes,No,No,Yes,No internet service,No,No,Yes,No,month-to-month,Yes,mailed_check,24.43,1319.25,No
CUST-01954,Male,0,Yes,No,15,Yes,Yes,Fiber optic,No,Yes,No,No,Yes,Yes,one year,Yes,mailed_check,102.33,1534.95,No
CUST-01955,Male,0,No,No,21,Yes,Yes,No,No,No,No internet service,Yes,No internet service,Yes,month-to-month,Yes,electronic_check,25.34,532.13,No
CUST-01956,Male,1,Yes,No,53,Yes,No,DSL,No,No internet service,No,No internet service,No,No internet service,month-to-month,Yes,credit_card,56.35,2986.58,No
CUST-01957,Female,1,No,Yes,68,Yes,No,DSL,No internet service,No,Yes,No,No,No internet service,two year,No,bank_transfer,76.25,5185.2,No
CUST-01958,Male,1,Yes,No,56,Yes,Yes,Fiber optic,Yes,No,No,No internet service,No internet service,No internet service,two year,Yes,bank_transfer,100.46,5625.82,No
CUST-01959,Male,0,Yes,No,23,Yes,Yes,DSL,No internet service,No,No,No,Yes,No,two year,No,credit_card,57.22,1316.1,No
CUST-01960,Male,0,Yes,No,32,No,No phone service,Fiber optic,No,No,Yes,No internet service,Yes,No internet service,month-to-month,Yes,mailed_check,129.96,4158.65,No
CUST-01961,Male,0,Yes,No,21,Yes,No,Fiber optic,Yes,No internet service,No,No,No,No,month-to-month,No,bank_transfer,114.9,2412.92,No
CUST-01962,Female,0,No,No,45,No,No phone service,DSL,No,No,No internet service,No,No internet service,Yes,two year,Yes,bank_transfer,94.16,4237.15,No
CUST-01963,Male,0,No,No,68,Yes,Yes,DSL,Yes,No internet service,No,No,No,No internet service,month-to-month,Yes,mailed_check,86.54,5884.48,No
CUST-01964,Male,0,No,No,66,Yes,Yes,DSL,No,No,No internet service,Yes,No internet service,Yes,month-to-month,Yes,bank_transfer,65.5,4322.98,No
CUST-01965,Male,0,No,No,72,Yes,Yes,Fiber optic,No,No,Yes,No internet service,Yes,No,month-to-month,Yes,bank_transfer,86.06,6196.34,No
CUST-01966,Male,0,No,No,55,No,No phone service,Fiber optic,No,Yes,No,No,No,No,one year,No,electronic_check,126.34,6948.69,No
CUST-01967,Female,1,Yes,Yes,40,No,No phone service,DSL,No,No,No internet service,No,Yes,No,month-to-month,Yes,bank_transfer,59.2,2368.19,No
CUST-01968,Female,1,Yes,No,43,Yes,Yes,Fiber optic,No internet service,Yes,No,No internet service,No,No,two year,Yes,bank_transfer,104.42,4490.18,No
CUST-01969,Male,0,No,Yes,11,Yes,Yes,DSL,No,No,No internet service,No,No,Yes,month-to-month,No,credit_card,82.74,910.15,No
CUST-01970,Male,0,No,Yes,72,Yes,No,Fiber optic,No,Yes,Yes,No,No,No internet service,month-to-month,Yes,electronic_check,84.24,6064.99,No
CUST-01971,Male,0,Yes,Yes,9,Yes,No,Fiber optic,Yes,Yes,Yes,Yes,No internet service,No internet service,one year,Yes,bank_transfer,100.38,903.44,Yes
CUST-01972,Male,0,No,Yes,28,Yes,Yes,DSL,No internet service,Yes,No,Yes,Yes,Yes,month-to-month,No,bank_transfer,80.08,2242.3,No
CUST-01973,Female,0,Yes,Yes,52,Yes,Yes,DSL,Yes,No,No,No,Yes,Yes,two year,Yes,bank_transfer,42.4,2204.87,No
CUST-01974,Female,0,Yes,Yes,51,Yes,No,Fiber optic,No,Yes,No internet service,No,No internet service,Yes,two year,No,bank_transfer,75.88,3869.67,No
CUST-01975,Female,1,Yes,Yes,0,No,No phone service,Fiber optic,No,No,Yes,No internet service,No internet service,No internet service,one year,Yes,credit_card,134.03,134.03,No
CUST-01976,Male,1,No,Yes,64,Yes,No,Fiber optic,No internet service,No internet service,Yes,No internet service,Yes,No internet service,month-to-month,Yes,credit_card,116.19,7436.39,No
CUST-01977,Female,0,Yes,No,70,Yes,No,Fiber optic,No internet service,No internet service,No,No,No,Yes,one year,No,credit_card,62.26,4358.17,No
CUST-01978,Female,1,Yes,Yes,3,No,No phone service,DSL,No,Yes,No internet service,No,Yes,No,month-to-month,Yes,mailed_check,60.35,181.06,Yes
CUST-01979,Male,1,No,No,31,Yes,Yes,Fiber optic,No internet service,Yes,Yes,No,No,Yes,month-to-month,No,mailed_check,81.44,2524.79,No
CUST-01980,Female,1,No,No,47,Yes,No,No,No,No,No,No,No internet service,Yes,two year,No,electronic_check,24.64,1157.99,No
CUST-01981,Male,0,No,No,64,Yes,Yes,No,No internet service,No internet service,No internet service,Yes,No,No,two year,Yes,mailed_check,45.36,2903.05,No
CUST-01982,Male,0,No,Yes,32,Yes,Yes,No,No internet service,Yes,Yes,No,No,No internet service,month-to-month,No,credit_card,16.12,515.76,No
CUST-01983,Female,0,No,No,55,Yes,No,Fiber optic,No,No internet service,No,No,No internet service,No internet service,month-to-month,Yes,bank_transfer,73.09,4019.73,No
CUST-01984,Female,1,No,No,60,Yes,Yes,Fiber optic,No,No,No,No,No,No internet service,two year,No,credit_card,121.4,7283.77,No
CUST-01985,Female,0,No,Yes,67,Yes,No,Fiber optic,No,No internet service,Yes,No internet service,Yes,No,two year,Yes,credit_card,120.0,8040.0,No
CUST-01986,Female,0,Yes,Yes,30,Yes,No,Fiber optic,No,No internet service,Yes,No internet service,No internet service,Yes,month-to-month,Yes,electronic_check,89.05,2671.36,No
CUST-01987,Female,1,Yes,No,63,No,No phone service,DSL,Yes,No,No,No internet service,No internet service,No,two year,No,mailed_check,80.78,5089.23,No
CUST-01988,Female,1,Yes,No,0,Yes,Yes,DSL,No,No,No,Yes,No,No internet service,month-to-month,Yes,electronic_check,37.07,37.07,Yes
CUST-01989,Male,1,No,No,5,Yes,No,No,Yes,Yes,No,No internet service,No internet service,No internet service,month-to-month,Yes,credit_card,7.79,38.93,No
CUST-01990,Female,0,Yes,No,70,Yes,No,No,No internet service,No,No,No,No internet service,No,two year,Yes,electronic_check,34.18,2392.94,No
CUST-01991,Female,1,Yes,No,17,Yes,Yes,DSL,No,No internet service,Yes,No,Yes,No,month-to-month,Yes,credit_card,36.18,615.1,No
CUST-01992,Male,0,Yes,No,64,Yes,Yes,DSL,No,Yes,No internet service,No,No internet service,No,one year,Yes,credit_card,53.53,3425.61,No
CUST-01993,Female,0,No,No,59,Yes,Yes,DSL,No,No,Yes,No,Yes,Yes,month-to-month,No,mailed_check,69.02,4072.02,No
CUST-01994,Male,1,No,Yes,17,Yes,No,Fiber optic,No internet service,No internet service,No,Yes,Yes,Yes,two year,Yes,electronic_check,88.42,1503.16,No
CUST-01995,Female,0,No,No,51,Yes,Yes,Fiber optic,No,Yes,No internet service,No,No internet service,Yes,month-to-month,Yes,credit_card,84.59,4314.31,No
CUST-01996,Female,0,No,Yes,27,Yes,Yes,Fiber optic,No,No,No internet service,No internet service,No internet service,No internet service,two year,No,electronic_check,73.38,1981.25,Yes
CUST-01997,Male,1,No,No,55,Yes,Yes,Fiber optic,No,Yes,No internet service,No,Yes,Yes,two year,Yes,credit_card,78.21,4301.7,No
CUST-01998,Female,0,No,Yes,3,No,No phone service,Fiber optic,No,No internet service,No internet service,No internet service,No internet service,No,month-to-month,Yes,mailed_check,91.97,275.9,Yes
CUST-01999,Female,0,No,No,35,No,No phone service,Fiber optic,No,No,No internet service,No,Yes,Yes,month-to-month,No,mailed_check,120.87,4230.29,Yes
CUST-02000,Female,0,No,No,50,Yes,No,No,No,No,No,Yes,Yes,No,month-to-month,No,electronic_check,24.22,1211.2,No
CUST-02001,Female,0,No,No,48,Yes,No,DSL,No,Yes,Yes,No,Yes,No internet service,one year,Yes,bank_transfer,57.26,2748.44,No
CUST-02002,Male,0,Yes,No,62,Yes,Yes,Fiber optic,No,Yes,No internet service,No internet service,No,Yes,month-to-month,Yes,credit_card,72.09,4469.5,No
CUST-02003,Female,0,No,Yes,1,Yes,No,DSL,Yes,No internet service,No,No,No internet service,Yes,one year,No,electronic_check,77.95,77.95,No
CUST-02004,Female,1,No,No,62,Yes,No,Fiber optic,Yes,No,No,Yes,No,No internet service,two year,Yes,electronic_check,128.32,7955.9,No
CUST-02005,Male,1,No,No,56,Yes,Yes,DSL,No internet service,No,No internet service,No,No internet service,No,month-to-month,No,electronic_check,62.2,3483.34,No
CUST-02006,Female,1,No,No,2,Yes,Yes,DSL,No,No internet service,No,No,Yes,No internet service,one year,No,credit_card,31.61,63.22,No
CUST-02007,Female,1,No,No,4,Yes,No,DSL,No,Yes,No internet service,No,No internet service,No internet service,month-to-month,Yes,electronic_check,47.84,191.37,No
CUST-02008,Male,1,No,No,57,Yes,No,Fiber optic,No internet service,Yes,No,Yes,No,Yes,month-to-month,Yes,bank_transfer,87.82,5005.85,No
CUST-02009,Female,1,No,No,71,Yes,No,No,No,Yes,No internet service,No,No internet service,No,two year,No,electronic_check,23.24,1649.88,No
CUST-02010,Male,0,Yes,No,7,Yes,No,DSL,No internet service,No,No,No,No,No internet service,month-to-month,Yes,bank_transfer,54.01,378.07,No
CUST-02011,Male,1,Yes,Yes,57,Yes,No,DSL,No,No internet service,Yes,No internet service,No internet service,Yes,month-to-month,Yes,bank_transfer,70.84,4037.98,No
CUST-02012,Female,1,Yes,No,27,Yes,Yes,Fiber optic,No internet service,Yes,No,Yes,Yes,No,two year,No,electronic_check,118.29,3193.77,No
CUST-02013,Female,1,Yes,No,36,Yes,No,Fiber optic,No internet service,No internet service,No,Yes,No,No,month-to-month,Yes,credit_card,74.13,2668.78,Yes
CUST-02014,Male,0,Yes,No,39,No,No phone service,No,No,Yes,No internet service,No internet service,Yes,Yes,two year,No,mailed_check,40.51,1580.03,No
CUST-02015,Female,0,No,No,61,Yes,No,DSL,No,No internet service,No,No internet service,Yes,Yes,month-to-month,Yes,credit_card,85.19,5196.56,No
CUST-02016,Female,1,No,No,9,Yes,No,DSL,No internet service,No,Yes,No internet service,No,Yes,two year,No,bank_transfer,69.68,627.12,No
CUST-02017,Male,0,No,No,29,Yes,No,Fiber optic,No,No,Yes,No internet service,No internet service,Yes,month-to-month,Yes,credit_card,99.31,2879.96,No
CUST-02018,Male,1,Yes,No,51,Yes,No,DSL,Yes,No internet service,No,No,No internet service,Yes,month-to-month,No,credit_card,59.16,3017.08,No
CUST-02019,Male,1,No,No,55,Yes,No,Fiber optic,No,Yes,No internet service,No,No,Yes,two year,No,electronic_check,90.58,4982.11,No
CUST-02020,Male,1,No,No,20,Yes,No,DSL,No internet service,Yes,Yes,Yes,Yes,No internet service,one year,Yes,mailed_check,59.1,1182.09,No
CUST-02021,Female,0,No,No,65,Yes,No,DSL,No,Yes,Yes,No internet service,No,No internet service,month-to-month,No,credit_card,65.56,4261.42,No
CUST-02022,Female,1,Yes,Yes,24,Yes,No,Fiber optic,No internet service,No internet service,No,Yes,No internet service,No internet service,month-to-month,No,electronic_check,83.13,1995.22,No
CUST-02023,Male,1,No,Yes,45,Yes,No,DSL,Yes,No internet service,Yes,Yes,No,No internet service,month-to-month,Yes,credit_card,78.43,3529.21,No
CUST-02024,Female,1,No,Yes,64,Yes,Yes,Fiber optic,No,No,No,No internet service,No,No internet service,one year,Yes,bank_transfer,125.43,8027.36,No
CUST-02025,Female,1,Yes,No,13,Yes,No,No,No internet service,No,Yes,No internet service,No internet service,No internet service,two year,Yes,mailed_check,14.13,183.69,No
CUST-02026,Male,0,Yes,No,33,Yes,No,Fiber optic,No internet service,Yes,Yes,No internet service,No,No,month-to-month,Yes,credit_card,82.9,2735.54,Yes
CUST-02027,Male,0,Yes,Yes,50,Yes,Yes,Fiber optic,No internet service,No,Yes,Yes,Yes,Yes,month-to-month,No,electronic_check,92.55,4627.41,Yes
CUST-02028,Male,0,Yes,No,71,Yes,Yes,DSL,Yes,No,No,No internet service,No internet service,Yes,month-to-month,No,mailed_check,78.89,5601.09,No
CUST-02029,Male,0,Yes,Yes,5,Yes,No,Fiber optic,No,No,Yes,Yes,No,No internet service,month-to-month,Yes,bank_transfer,96.37,481.86,No
CUST-02030,Female,0,No,No,34,No,No phone service,DSL,No,No internet service,No,No,No internet service,No internet service,one year,No,electronic_check,31.86,1083.19,No
CUST-02031,Female,0,Yes,No,47,Yes,No,DSL,No internet service,No,Yes,No internet service,Yes,Yes,two year,Yes,credit_card,85.7,4027.75,No
CUST-02032,Female,1,No,No,65,Yes,Yes,DSL,Yes,No internet service,No internet service,No internet service,No internet service,Yes,month-to-month,No,mailed_check,53.88,3502.34,No
CUST-02033,Male,0,No,Yes,33,Yes,Yes,Fiber optic,No internet service,Yes,No internet service,No internet service,No internet service,No,month-to-month,No,electronic_check,59.7,1970.11,No
CUST-02034,Female,1,Yes,No,41,Yes,No,No,No,No,Yes,No internet service,Yes,No internet service,month-to-month,Yes,electronic_check,14.19,581.65,No
CUST-02035,Male,0,Yes,No,71,Yes,Yes,DSL,Yes,No,No internet service,No internet service,No,Yes,one year,Yes,electronic_check,71.4,5069.34,No
CUST-02036,Female,1,No,No,16,Yes,Yes,Fiber optic,Yes,No internet service,No,No,No,No internet service,month-to-month,No,credit_card,135.75,2172.06,No
CUST-02037,Male,1,Yes,No,63,No,No phone service,DSL,No internet service,No,No internet service,No,No,No internet service,month-to-month,No,credit_card,60.02,3781.51,No
CUST-02038,Female,1,No,Yes,60,Yes,No,Fiber optic,No,Yes,No,No internet service,No,No internet service,two year,No,bank_transfer,87.86,5271.83,No
CUST-02039,Male,0,Yes,Yes,71,Yes,No,Fiber optic,No,No,No,Yes,Yes,Yes,month-to-month,No,electronic_check,113.43,8053.58,No
CUST-02040,Male,0,Yes,Yes,16,Yes,Yes,Fiber optic,Yes,No internet service,No,Yes,No,Yes,month-to-month,Yes,electronic_check,115.22,1843.59,Yes
CUST-02041,Female,0,Yes,Yes,70,Yes,No,Fiber optic,No,No internet service,No,No internet service,No internet service,Yes,two year,Yes,electronic_check,123.86,8669.89,No
CUST-02042,Male,0,No,Yes,68,Yes,No,Fiber optic,No,No internet service,No,No,No internet service,No internet service,month-to-month,No,mailed_check,112.2,7629.65,No
CUST-02043,Male,1,Yes,No,45,Yes,Yes,DSL,Yes,No,No internet service,No,Yes,Yes,month-to-month,No,credit_card,44.32,1994.37,No
CUST-02044,Female,0,Yes,No,8,Yes,No,No,No,No internet service,No internet service,No internet service,No,No,month-to-month,No,bank_transfer,4.91,39.29,No
CUST-02045,Female,1,No,No,51,Yes,No,No,Yes,No,Yes,No internet service,Yes,No,month-to-month,Yes,mailed_check,10.03,511.48,No
CUST-02046,Female,0,Yes,Yes,31,Yes,Yes,Fiber optic,No,Yes,No,Yes,No,No internet service,month-to-month,No,mailed_check,105.62,3274.07,No
CUST-02047,Female,0,No,No,62,Yes,No,DSL,No internet service,No,Yes,No internet service,No internet service,No internet service,month-to-month,No,mailed_check,80.46,4988.69,No
CUST-02048,Male,0,Yes,No,28,Yes,No,Fiber optic,Yes,No internet service,No internet service,No,No,No internet service,two year,Yes,electronic_check,109.19,3057.32,No
CUST-02049,Female,0,Yes,No,12,Yes,No,DSL,No,Yes,No,No,Yes,No internet service,month-to-month,Yes,electronic_check,43.5,522.04,Yes
CUST-02050,Female,0,Yes,No,17,Yes,No,Fiber optic,No,Yes,Yes,No,Yes,Yes,month-to-month,Yes,credit_card,96.9,1647.22,No
CUST-02051,Female,1,Yes,No,58,Yes,No,Fiber optic,No,No internet service,No internet service,No,No internet service,No internet service,one year,Yes,bank_transfer,73.9,4286.36,No
CUST-02052,Male,1,Yes,Yes,4,No,No phone service,Fiber optic,Yes,No,Yes,Yes,No internet service,No internet service,two year,No,bank_transfer,131.7,526.81,Yes
CUST-02053,Male,1,Yes,No,25,Yes,No,DSL,No,No,No internet service,No,No internet service,No,month-to-month,No,bank_transfer,60.52,1512.95,Yes
CUST-02054,Female,0,Yes,No,40,Yes,No,Fiber optic,Yes,No,No internet service,Yes,No,No internet service,month-to-month,No,electronic_check,134.49,5379.73,No
CUST-02055,Female,0,Yes,No,10,Yes,No,Fiber optic,No,Yes,No,No,Yes,No,month-to-month,Yes,mailed_check,90.09,900.93,No
CUST-02056,Female,1,Yes,No,50,Yes,No,Fiber optic,No,No,No,No internet service,Yes,No internet service,month-to-month,Yes,electronic_check,88.98,4448.91,Yes
CUST-02057,Male,0,No,No,36,Yes,Yes,DSL,Yes,No,No internet service,Yes,No,No,month-to-month,No,mailed_check,81.0,2916.04,No
CUST-02058,Female,0,No,No,3,Yes,No,Fiber optic,No internet service,No internet service,No internet service,No,No internet service,No internet service,one year,Yes,credit_card,93.77,281.31,No
CUST-02059,Male,1,No,No,12,Yes,Yes,No,No,No internet service,No internet service,No,No,Yes,month-to-month,No,electronic_check,7.72,92.66,No
CUST-02060,Male,1,No,No,50,Yes,Yes,DSL,No internet service,No,Yes,No,No,No internet service,month-to-month,Yes,electronic_check,77.62,3881.1,No
CUST-02061,Male,0,Yes,Yes,9,Yes,Yes,Fiber optic,No,No internet service,No,No,No internet service,No,one year,Yes,bank_transfer,90.95,818.51,No
CUST-02062,Male,0,Yes,No,11,Yes,No,Fiber optic,Yes,No,Yes,No,No,No,month-to-month,Yes,electronic_check,78.46,863.09,Yes
CUST-02063,Male,1,Yes,No,72,Yes,No,DSL,Yes,No,Yes,No,No,No internet service,month-to-month,Yes,mailed_check,80.55,5799.64,No
CUST-02064,Female,1,No,No,42,Yes,Yes,Fiber optic,Yes,No,No internet service,No,Yes,Yes,month-to-month,Yes,electronic_check,80.14,3365.74,No
CUST-02065,Female,0,Yes,No,23,Yes,No,Fiber optic,No,No internet service,No internet service,No internet service,Yes,Yes,month-to-month,No,mailed_check,73.6,1692.71,No
CUST-02066,Male,1,Yes,No,64,Yes,No,Fiber optic,Yes,No internet service,Yes,No,No,Yes,month-to-month,Yes,credit_card,100.13,6408.51,No
CUST-02067,Male,1,No,Yes,47,Yes,Yes,DSL,No internet service,Yes,No,No,Yes,No,month-to-month,Yes,electronic_check,53.39,2509.23,No
CUST-02068,Female,1,Yes,Yes,36,Yes,No,Fiber optic,No internet service,No,No internet service,No,Yes,Yes,two year,Yes,bank_transfer,130.41,4694.88,No
CUST-02069,Female,0,No,No,53,Yes,No,No,No,Yes,Yes,No,Yes,Yes,month-to-month,Yes,bank_transfer,22.67,1201.35,No
CUST-02070,Female,1,No,No,17,No,No phone service,No,No,No,Yes,No,Yes,No internet service,month-to-month,Yes,mailed_check,11.65,198.13,No
CUST-02071,Male,1,Yes,Yes,50,Yes,No,DSL,No internet service,No internet service,No,Yes,No internet service,No internet service,month-to-month,No,credit_card,40.32,2015.93,No
CUST-02072,Female,1,No,No,20,Yes,Yes,DSL,No,No,No internet service,No,Yes,No,one year,Yes,electronic_check,50.85,1017.09,No
CUST-02073,Female,0,Yes,No,40,Yes,No,Fiber optic,No,No,No,Yes,Yes,No,month-to-month,Yes,electronic_check,62.95,2518.08,Yes
CUST-02074,Male,1,Yes,Yes,38,No,No phone service,DSL,Yes,No internet service,No,Yes,No internet service,Yes,month-to-month,No,mailed_check,41.73,1585.82,No
CUST-02075,Female,0,Yes,No,48,Yes,Yes,DSL,No,No internet service,No,Yes,No internet service,No,month-to-month,Yes,bank_transfer,92.31,4431.12,No
CUST-02076,Male,1,No,No,41,Yes,Yes,No,Yes,No,No,Yes,No,Yes,two year,Yes,electronic_check,15.76,646.21,No
CUST-02077,Female,1,Yes,No,27,Yes,No,DSL,No internet service,Yes,Yes,No internet service,No,Yes,one year,Yes,electronic_check,60.34,1629.19,No
CUST-02078,Female,1,No,No,16,Yes,No,DSL,No internet service,No internet service,Yes,No internet service,Yes,No,month-to-month,No,mailed_check,42.79,684.65,No
CUST-02079,Female,0,Yes,Yes,17,Yes,Yes,Fiber optic,No internet service,Yes,No,No internet service,No internet service,No,month-to-month,Yes,electronic_check,109.41,1859.9,Yes
CUST-02080,Male,0,No,No,6,Yes,Yes,DSL,No,Yes,No,No,No,Yes,month-to-month,No,mailed_check,63.33,379.99,Yes
CUST-02081,Male,0,Yes,No,8,Yes,Yes,Fiber optic,No internet service,No,No,No,No,No internet service,month-to-month,No,electronic_check,60.59,484.76,No
CUST-02082,Male,0,No,No,46,Yes,No,Fiber optic,No,No internet service,No,Yes,No internet service,No,month-to-month,No,electronic_check,97.87,4501.94,No
CUST-02083,Female,0,No,No,35,Yes,No,No,No,No,No internet service,No,No internet service,Yes,two year,Yes,electronic_check,13.83,484.0,No
CUST-02084,Male,0,No,Yes,10,Yes,Yes,DSL,No internet service,No internet service,No internet service,No,No,No internet service,month-to-month,Yes,credit_card,67.63,676.28,Yes
CUST-02085,Female,0,Yes,No,69,Yes,No,DSL,No,No,No,No,No,Yes,two year,Yes,electronic_check,95.42,6584.3,No
CUST-02086,Female,1,No,No,15,Yes,No,Fiber optic,No internet service,Yes,Yes,Yes,No internet service,No,one year,No,credit_card,83.23,1248.49,No
CUST-02087,Male,0,Yes,No,15,Yes,No,Fiber optic,No,No internet service,No,No internet service,Yes,No,month-to-month,Yes,mailed_check,73.59,1103.92,Yes
CUST-02088,Female,0,Yes,No,5,Yes,Yes,Fiber optic,No internet service,No,No internet service,No internet service,No internet service,No,two year,Yes,electronic_check,95.07,475.33,No
CUST-02089,Male,1,Yes,No,59,Yes,No,DSL,No,No internet service,Yes,No,Yes,No internet service,month-to-month,Yes,mailed_check,52.59,3102.94,No
CUST-02090,Male,1,Yes,No,33,Yes,No,DSL,No,No internet service,No,No internet service,No,Yes,one year,No,mailed_check,35.64,1176.12,No
CUST-02091,Female,0,No,Yes,72,Yes,No,DSL,No internet service,Yes,Yes,No,No internet service,No internet service,month-to-month,No,electronic_check,48.55,3495.8,No
CUST-02092,Male,0,No,Yes,35,No,No phone service,DSL,Yes,No,No internet service,No,No,No internet service,month-to-month,No,electronic_check,55.3,1935.46,Yes
CUST-02093,Male,0,Yes,Yes,25,Yes,Yes,DSL,No,No internet service,No,No internet service,No,No,month-to-month,Yes,electronic_check,54.27,1356.85,No
CUST-02094,Male,1,Yes,Yes,72,Yes,No,Fiber optic,No internet service,No internet service,Yes,No,No internet service,Yes,two year,No,mailed_check,109.52,7885.35,No
CUST-02095,Male,0,No,No,70,No,No phone service,Fiber optic,No,No,No,No internet service,No,Yes,month-to-month,Yes,mailed_check,67.16,4700.97,No
CUST-02096,Male,0,No,No,19,No,No phone service,No,No internet service,No internet service,Yes,No,No internet service,No,month-to-month,Yes,mailed_check,23.59,448.16,No
CUST-02097,Male,1,No,No,63,Yes,Yes,DSL,No,No internet service,No,No internet service,Yes,Yes,month-to-month,Yes,electronic_check,79.16,4986.9,No
CUST-02098,Female,1,No,Yes,0,Yes,Yes,No,No,No,Yes,No,Yes,No,two year,Yes,bank_transfer,31.49,31.49,No
CUST-02099,Male,0,No,No,31,Yes,Yes,Fiber optic,Yes,No,Yes,Yes,No internet service,No,month-to-month,No,credit_card,73.63,2282.65,No
CUST-02100,Male,0,No,No,16,Yes,No,DSL,No internet service,No,Yes,No,Yes,No internet service,two year,No,electronic_check,47.08,753.33,Yes
CUST-02101,Female,0,Yes,Yes,10,Yes,Yes,Fiber optic,No,No,Yes,No,No,No,month-to-month,Yes,credit_card,100.49,1004.87,No
CUST-02102,Male,0,No,No,64,Yes,Yes,DSL,No internet service,Yes,Yes,No,No internet service,No,month-to-month,Yes,bank_transfer,79.95,5116.76,No
CUST-02103,Male,0,Yes,No,68,Yes,No,Fiber optic,Yes,Yes,No,No internet service,No internet service,No,month-to-month,Yes,electronic_check,99.26,6749.83,No
CUST-02104,Female,1,Yes,No,32,Yes,No,DSL,No internet service,No,No internet service,No,No internet service,Yes,month-to-month,No,mailed_check,32.84,1050.77,No
CUST-02105,Female,0,No,No,61,Yes,No,DSL,No internet service,No internet service,No,Yes,Yes,No,month-to-month,No,mailed_check,49.65,3028.73,No
CUST-02106,Female,1,No,Yes,51,Yes,No,DSL,Yes,Yes,No internet service,Yes,No internet service,No,month-to-month,No,mailed_check,45.46,2318.27,No
CUST-02107,Female,0,Yes,No,50,Yes,No,DSL,No internet service,Yes,No,No internet service,No,No,one year,Yes,electronic_check,51.43,2571.59,No
CUST-02108,Male,0,No,No,56,Yes,Yes,Fiber optic,No internet service,No,Yes,No internet service,No,No,month-to-month,Yes,credit_card,64.94,3636.67,No
CUST-02109,Female,1,No,Yes,67,Yes,Yes,DSL,No,No internet service,No internet service,No,Yes,No,two year,Yes,credit_card,61.98,4152.38,No
CUST-02110,Male,0,Yes,Yes,14,Yes,No,Fiber optic,Yes,No internet service,No internet service,No internet service,No internet service,No,two year,Yes,mailed_check,115.49,1616.93,No
CUST-02111,Female,0,No,No,26,Yes,Yes,Fiber optic,Yes,Yes,No,No,No,Yes,month-to-month,Yes,credit_card,115.21,2995.5,Yes
CUST-02112,Female,0,No,Yes,56,Yes,No,Fiber optic,Yes,No internet service,No,No,Yes,Yes,one year,No,bank_transfer,76.25,4269.96,No
CUST-02113,Male,0,No,No,64,Yes,No,DSL,No internet service,No internet service,Yes,No internet service,No,No internet service,month-to-month,No,mailed_check,51.91,3322.0,No
CUST-02114,Female,1,Yes,Yes,11,Yes,No,Fiber optic,No,No,No internet service,No internet service,No,Yes,month-to-month,No,electronic_check,80.9,889.94,Yes
CUST-02115,Male,0,No,No,42,Yes,Yes,No,No,No,Yes,No,No internet service,No internet service,month-to-month,No,bank_transfer,14.57,611.83,No
CUST-02116,Male,0,Yes,No,40,Yes,Yes,Fiber optic,No,No internet service,No internet service,No,No internet service,Yes,month-to-month,Yes,electronic_check,83.3,3332.04,No
CUST-02117,Female,1,Yes,No,20,Yes,Yes,DSL,Yes,Yes,No,No internet service,No internet service,No,one year,No,electronic_check,52.34,1046.71,No
CUST-02118,Male,1,No,No,15,Yes,No,Fiber optic,Yes,Yes,No,No internet service,No,No,month-to-month,No,electronic_check,77.17,1157.5,No
CUST-02119,Male,1,Yes,No,47,Yes,Yes,DSL,No,No,Yes,No,No,No,one year,No,electronic_check,75.05,3527.4,No
CUST-02120,Male,0,No,No,58,Yes,No,DSL,No,No internet service,No,No internet service,No,No internet service,month-to-month,Yes,credit_card,31.28,1814.28,No
CUST-02121,Female,1,No,Yes,46,Yes,No,Fiber optic,Yes,Yes,No,No internet service,Yes,No,month-to-month,Yes,mailed_check,81.06,3728.98,No
CUST-02122,Female,0,Yes,No,46,Yes,No,Fiber optic,No internet service,No,No internet service,No,No internet service,No internet service,one year,No,credit_card,72.84,3350.5,No
CUST-02123,Male,0,No,No,42,Yes,No,DSL,Yes,No,No internet service,No,Yes,No internet service,two year,Yes,electronic_check,71.55,3004.95,No
CUST-02124,Female,0,No,No,70,Yes,Yes,Fiber optic,No internet service,Yes,No,No internet service,Yes,Yes,month-to-month,Yes,mailed_check,94.37,6606.09,No
CUST-02125,Male,1,No,No,0,No,No phone service,Fiber optic,Yes,Yes,Yes,No,No,Yes,two year,No,credit_card,121.41,121.41,No
CUST-02126,Female,0,No,Yes,28,Yes,No,DSL,Yes,No,No internet service,No,No,Yes,two year,No,bank_transfer,61.23,1714.36,No
CUST-02127,Female,1,Yes,No,43,Yes,Yes,DSL,No,Yes,No internet service,No,No,No,one year,No,electronic_check,48.81,2098.65,No
CUST-02128,Male,0,Yes,Yes,52,Yes,No,DSL,Yes,Yes,No internet service,No,Yes,Yes,one year,No,electronic_check,33.54,1744.16,No
CUST-02129,Female,1,Yes,No,18,Yes,Yes,Fiber optic,No,No internet service,Yes,No,No internet service,Yes,month-to-month,Yes,bank_transfer,82.33,1481.99,Yes
CUST-02130,Male,1,Yes,No,43,Yes,Yes,Fiber optic,No,No internet service,Yes,No internet service,Yes,No internet service,one year,Yes,mailed_check,109.05,4689.34,No
CUST-02131,Male,0,No,No,34,Yes,No,No,No internet service,Yes,No,No internet service,No,No,month-to-month,No,bank_transfer,10.65,362.19,No
CUST-02132,Male,0,Yes,Yes,25,Yes,No,Fiber optic,Yes,No,Yes,No internet service,Yes,Yes,month-to-month,Yes,mailed_check,80.74,2018.46,Yes
CUST-02133,Female,1,No,No,60,Yes,No,Fiber optic,No internet service,No internet service,Yes,No,No,No,month-to-month,No,credit_card,129.21,7752.68,No
CUST-02134,Female,1,Yes,No,8,Yes,No,Fiber optic,Yes,No,No internet service,Yes,No internet service,Yes,two year,Yes,electronic_check,93.7,749.57,No
CUST-02135,Female,1,No,Yes,19,Yes,No,Fiber optic,Yes,No,Yes,No,No internet service,No,month-to-month,No,bank_transfer,114.29,2171.59,No
CUST-02136,Female,0,No,No,53,No,No phone service,DSL,No,No internet service,Yes,Yes,Yes,No,month-to-month,No,mailed_check,42.29,2241.42,No
CUST-02137,Male,0,No,No,45,Yes,No,No,No,No,No,No,No,Yes,one year,No,mailed_check,33.27,1497.14,No
CUST-02138,Female,0,Yes,Yes,1,Yes,No,Fiber optic,No,No internet service,No,No internet service,No,No,month-to-month,Yes,credit_card,88.76,88.76,No
CUST-02139,Male,1,Yes,No,45,Yes,No,DSL,Yes,No internet service,No,No,No,Yes,one year,Yes,mailed_check,56.58,2546.27,No
CUST-02140,Female,0,Yes,No,34,Yes,No,Fiber optic,Yes,No,No,Yes,Yes,Yes,month-to-month,Yes,electronic_check,113.52,3859.79,No
CUST-02141,Female,1,No,No,34,Yes,No,DSL,Yes,Yes,No internet service,No internet service,No internet service,No,month-to-month,No,mailed_check,49.81,1693.64,No
CUST-02142,Male,0,Yes,Yes,42,Yes,Yes,DSL,Yes,No internet service,No,No internet service,No internet service,No,one year,Yes,credit_card,94.93,3986.98,No
CUST-02143,Female,1,No,No,27,No,No phone service,No,No,Yes,No internet service,No internet service,Yes,No,month-to-month,Yes,electronic_check,11.84,319.69,No
CUST-02144,Male,1,No,No,33,No,No phone service,Fiber optic,No internet service,Yes,No,No,Yes,Yes,one year,Yes,mailed_check,118.84,3921.62,No
CUST-02145,Male,0,Yes,No,7,Yes,No,Fiber optic,No internet service,Yes,Yes,No internet service,No internet service,No internet service,one year,Yes,electronic_check,83.43,584.0,No
CUST-02146,Female,0,Yes,No,12,Yes,No,DSL,Yes,No,No internet service,No internet service,Yes,No internet service,month-to-month,No,bank_transfer,43.5,521.99,Yes
CUST-02147,Male,1,Yes,Yes,62,Yes,No,Fiber optic,Yes,No,No,Yes,No,No,two year,Yes,bank_transfer,116.11,7199.13,No
CUST-02148,Female,0,No,No,5,Yes,No,Fiber optic,No,No internet service,Yes,No,No internet service,Yes,month-to-month,No,electronic_check,98.57,492.87,Yes
CUST-02149,Female,0,Yes,No,24,Yes,No,Fiber optic,Yes,Yes,No,No internet service,No internet service,No,one year,Yes,mailed_check,120.76,2898.16,No
CUST-02150,Male,1,Yes,No,70,Yes,No,DSL,Yes,No,No internet service,No internet service,No,Yes,month-to-month,No,bank_transfer,44.35,3104.36,No
CUST-02151,Male,1,No,Yes,64,Yes,No,No,Yes,No internet service,No internet service,Yes,Yes,No internet service,month-to-month,Yes,credit_card,35.05,2243.08,No
CUST-02152,Female,0,No,Yes,18,Yes,Yes,Fiber optic,No,No,No internet service,No internet service,Yes,No,two year,Yes,credit_card,88.47,1592.43,No
CUST-02153,Male,1,Yes,No,29,Yes,Yes,Fiber optic,Yes,No,No,Yes,No,No internet service,one year,Yes,mailed_check,113.94,3304.32,No
CUST-02154,Male,1,Yes,Yes,45,Yes,No,DSL,No,No,No,No,Yes,No,one year,No,electronic_check,59.76,2689.06,No
CUST-02155,Male,0,No,No,5,Yes,No,Fiber optic,Yes,No internet service,No,Yes,Yes,No,month-to-month,No,credit_card,95.3,476.51,No
CUST-02156,Male,1,No,No,30,Yes,Yes,DSL,No,No internet service,No,Yes,No internet service,No internet service,month-to-month,Yes,credit_card,44.83,1344.96,No
CUST-02157,Male,1,Yes,No,66,Yes,Yes,No,Yes,No,No internet service,No internet service,Yes,No internet service,month-to-month,Yes,mailed_check,11.39,751.58,No
CUST-02158,Female,0,No,No,46,Yes,No,Fiber optic,No internet service,Yes,No,No,No,Yes,month-to-month,Yes,mailed_check,91.62,4214.29,No
CUST-02159,Male,1,No,Yes,27,Yes,No,DSL,Yes,No internet service,No,No,No internet service,No,two year,Yes,electronic_check,49.0,1323.09,No
CUST-02160,Male,1,Yes,No,50,Yes,No,No,No,Yes,No,No,No,Yes,one year,Yes,credit_card,38.37,1918.7,No
CUST-02161,Male,0,No,No,55,Yes,Yes,DSL,No internet service,No internet service,No internet service,Yes,No,No,month-to-month,Yes,mailed_check,54.9,3019.67,No
CUST-02162,Female,1,Yes,No,58,Yes,No,Fiber optic,No internet service,Yes,No,No,No,No internet service,month-to-month,No,electronic_check,109.6,6357.0,No
CUST-02163,Male,1,No,No,65,Yes,No,Fiber optic,No,No internet service,Yes,No,Yes,Yes,month-to-month,Yes,electronic_check,62.13,4038.26,No
CUST-02164,Male,0,Yes,No,15,Yes,No,Fiber optic,No internet service,Yes,Yes,No internet service,Yes,No internet service,one year,Yes,credit_card,81.35,1220.31,No
CUST-02165,Male,0,No,Yes,27,Yes,Yes,Fiber optic,No internet service,Yes,No,No internet service,No internet service,Yes,month-to-month,Yes,bank_transfer,76.68,2070.34,No
CUST-02166,Female,0,No,No,53,Yes,Yes,Fiber optic,No internet service,No,No internet service,Yes,Yes,No,two year,No,electronic_check,101.01,5353.63,No
CUST-02167,Female,0,No,No,30,Yes,No,No,No,No,Yes,No,Yes,Yes,month-to-month,Yes,electronic_check,27.13,813.77,No
CUST-02168,Female,1,No,No,54,Yes,No,DSL,Yes,No,No internet service,Yes,No internet service,No internet service,two year,Yes,electronic_check,56.73,3063.65,No
CUST-02169,Female,0,Yes,No,15,Yes,Yes,Fiber optic,No,No internet service,Yes,No,No,No internet service,month-to-month,Yes,electronic_check,79.75,1196.19,Yes
CUST-02170,Female,0,No,No,67,Yes,Yes,Fiber optic,No internet service,No,No,No internet service,Yes,No internet service,month-to-month,Yes,electronic_check,86.78,5814.0,No
CUST-02171,Female,1,Yes,No,56,Yes,No,Fiber optic,No internet service,No internet service,No,No,Yes,No internet service,two year,No,electronic_check,138.99,7783.35,No
CUST-02172,Female,1,No,No,16,Yes,No,DSL,Yes,Yes,No internet service,Yes,Yes,No,month-to-month,No,mailed_check,34.0,543.97,No
CUST-02173,Female,0,Yes,Yes,22,No,No phone service,Fiber optic,No,Yes,No,Yes,No,No,one year,Yes,mailed_check,82.69,1819.17,No
CUST-02174,Female,1,Yes,No,69,Yes,Yes,DSL,No internet service,No,No,No,No,Yes,month-to-month,Yes,mailed_check,79.2,5465.11,No
CUST-02175,Male,0,No,No,68,Yes,No,DSL,Yes,No,Yes,No internet service,No internet service,No,month-to-month,Yes,mailed_check,56.42,3836.66,No
CUST-02176,Female,1,Yes,Yes,35,No,No phone service,DSL,Yes,No,Yes,No internet service,No internet service,No internet service,month-to-month,Yes,mailed_check,45.43,1590.12,Yes
CUST-02177,Male,1,Yes,No,33,Yes,No,DSL,Yes,No internet service,Yes,Yes,No,Yes,one year,Yes,mailed_check,40.83,1347.24,No
CUST-02178,Male,1,No,No,17,Yes,No,Fiber optic,Yes,No internet service,No,Yes,No internet service,No,month-to-month,Yes,mailed_check,75.06,1276.05,No
CUST-02179,Male,0,Yes,No,62,Yes,Yes,No,No internet service,No,No internet service,No,No internet service,No internet service,one year,Yes,electronic_check,29.53,1830.63,No
CUST-02180,Male,1,No,Yes,49,Yes,No,Fiber optic,No internet service,No,Yes,Yes,No,No,one year,No,mailed_check,98.56,4829.62,No
CUST-02181,Male,1,Yes,Yes,10,Yes,No,DSL,No internet service,No,No,No internet service,Yes,No,month-to-month,No,electronic_check,42.8,427.99,Yes
CUST-02182,Male,0,No,No,38,Yes,No,Fiber optic,No,No internet service,No internet service,No,No,No,month-to-month,Yes,credit_card,75.47,2867.72,No
CUST-02183,Female,1,No,Yes,53,Yes,Yes,Fiber optic,No internet service,No,Yes,No,Yes,Yes,month-to-month,Yes,bank_transfer,94.92,5030.7,No
CUST-02184,Female,0,Yes,No,30,Yes,No,DSL,No,No,Yes,No,No,No,month-to-month,No,mailed_check,34.03,1020.95,No
CUST-02185,Male,0,No,No,26,Yes,Yes,Fiber optic,No,No,Yes,No,No,Yes,month-to-month,No,electronic_check,126.63,3292.35,Yes
CUST-02186,Male,0,Yes,No,10,Yes,Yes,Fiber optic,No internet service,No,Yes,No internet service,No internet service,No internet service,one year,Yes,credit_card,114.59,1145.87,No
CUST-02187,Female,0,Yes,No,4,Yes,No,Fiber optic,No internet service,Yes,No,No,No internet service,Yes,one year,Yes,electronic_check,118.95,475.79,No
CUST-02188,Male,1,No,No,4,Yes,No,DSL,No internet service,Yes,No,No,Yes,No internet service,month-to-month,No,mailed_check,47.19,188.74,Yes
CUST-02189,Female,1,Yes,No,55,Yes,Yes,Fiber optic,No,No,No,Yes,No,No,month-to-month,Yes,bank_transfer,89.36,4914.56,No
CUST-02190,Male,0,No,No,4,Yes,No,DSL,No internet service,Yes,Yes,No,No,No,one year,Yes,credit_card,74.03,296.11,No
CUST-02191,Female,1,Yes,Yes,55,Yes,No,DSL,Yes,No,No internet service,Yes,No internet service,No,month-to-month,Yes,electronic_check,72.18,3969.8,No
CUST-02192,Male,0,No,No,7,Yes,Yes,Fiber optic,No,No,Yes,No,Yes,Yes,one year,Yes,electronic_check,114.69,802.82,No
CUST-02193,Female,0,Yes,No,61,Yes,No,DSL,No internet service,No,Yes,No,No internet service,Yes,month-to-month,Yes,credit_card,71.07,4335.36,No
CUST-02194,Male,1,No,No,15,Yes,Yes,Fiber optic,No internet service,No,No,Yes,Yes,No internet service,month-to-month,No,bank_transfer,103.68,1555.27,No
CUST-02195,Female,0,No,Yes,22,Yes,No,Fiber optic,No internet service,Yes,No internet service,No internet service,No,No internet service,month-to-month,Yes,credit_card,92.1,2026.1,No
CUST-02196,Female,1,No,No,22,Yes,No,DSL,Yes,No,No,No,Yes,No,month-to-month,Yes,credit_card,72.13,1586.94,Yes
CUST-02197,Female,1,Yes,Yes,29,Yes,No,Fiber optic,Yes,No,No,Yes,No,No,month-to-month,No,mailed_check,97.38,2824.06,No
CUST-02198,Female,0,No,No,57,Yes,Yes,DSL,No,No internet service,Yes,No,No,No,month-to-month,Yes,electronic_check,62.55,3565.24,No
CUST-02199,Male,0,Yes,No,19,Yes,No,Fiber optic,No,No internet service,No internet service,No internet service,Yes,No internet service,two year,Yes,electronic_check,137.13,2605.47,No
CUST-02200,Female,1,No,No,70,Yes,Yes,DSL,No,No,No internet service,Yes,No,No,one year,No,electronic_check,73.67,5157.03,No
CUST-02201,Male,0,Yes,Yes,12,Yes,No,DSL,No internet service,No internet service,No,Yes,Yes,No internet service,month-to-month,Yes,mailed_check,78.01,936.13,No
CUST-02202,Female,1,No,Yes,13,Yes,Yes,DSL,Yes,No internet service,No,No internet service,No,No,one year,No,credit_card,87.07,1131.95,No
CUST-02203,Female,1,Yes,No,54,No,No phone service,DSL,Yes,Yes,No,No internet service,No,No,one year,No,credit_card,80.04,4322.23,No
CUST-02204,Male,1,Yes,No,19,Yes,Yes,Fiber optic,Yes,Yes,No,No internet service,No internet service,No,month-to-month,No,credit_card,113.37,2154.12,No
CUST-02205,Female,0,No,No,71,Yes,No,Fiber optic,No internet service,Yes,No,No internet service,Yes,No,two year,Yes,credit_card,107.03,7599.06,No
CUST-02206,Female,0,Yes,No,68,Yes,Yes,Fiber optic,No internet service,No internet service,No internet service,No,Yes,No,month-to-month,Yes,electronic_check,80.05,5443.39,No
CUST-02207,Male,0,No,Yes,44,Yes,No,DSL,No,No,No internet service,Yes,No internet service,No internet service,one year,Yes,electronic_check,86.47,3804.65,Yes
CUST-02208,Male,0,No,Yes,31,Yes,Yes,DSL,No internet service,Yes,No internet service,Yes,No,No,one year,Yes,credit_card,62.96,1951.8,No
CUST-02209,Female,0,No,Yes,68,Yes,No,DSL,No internet service,No,No internet service,No,Yes,No internet service,month-to-month,Yes,credit_card,60.19,4093.16,No
CUST-02210,Male,0,No,No,50,Yes,Yes,DSL,No internet service,No internet service,No,No,No internet service,No,one year,No,electronic_check,92.78,4639.15,No
CUST-02211,Female,0,No,No,72,Yes,Yes,DSL,No internet service,Yes,Yes,Yes,Yes,Yes,two year,Yes,electronic_check,71.31,5134.59,No
CUST-02212,Male,1,Yes,No,25,Yes,No,DSL,No,No,No,No,Yes,No,one year,No,bank_transfer,65.21,1630.33,No
CUST-02213,Male,1,No,No,19,Yes,Yes,Fiber optic,Yes,No,No,No,Yes,No,two year,No,bank_transfer,118.47,2250.94,No
CUST-02214,Male,0,No,No,54,Yes,No,DSL,Yes,No,Yes,Yes,No internet service,No,month-to-month,Yes,credit_card,52.64,2842.45,No
CUST-02215,Female,0,No,No,10,Yes,No,Fiber optic,No internet service,No,No,No internet service,No,No,month-to-month,Yes,bank_transfer,111.11,1111.08,No
CUST-02216,Male,0,No,No,26,Yes,No,DSL,No,No internet service,Yes,No,Yes,No internet service,month-to-month,Yes,electronic_check,64.27,1670.95,No
CUST-02217,Female,1,No,Yes,72,Yes,No,DSL,Yes,Yes,No,No,No,No,one year,Yes,electronic_check,54.85,3949.42,No
CUST-02218,Female,1,No,No,53,No,No phone service,No,No,No,No internet service,No,No,No,month-to-month,No,credit_card,14.72,780.16,No
CUST-02219,Male,1,No,No,27,Yes,Yes,DSL,No,Yes,No,No,No,No internet service,one year,Yes,credit_card,32.83,886.29,No
CUST-02220,Male,1,No,Yes,38,Yes,No,DSL,Yes,Yes,Yes,No internet service,No internet service,No,two year,Yes,electronic_check,43.58,1656.18,No
CUST-02221,Male,1,No,No,26,Yes,No,DSL,No,Yes,Yes,No internet service,No,Yes,one year,No,credit_card,62.16,1616.14,No
CUST-02222,Female,1,Yes,No,25,Yes,Yes,DSL,No,No,Yes,No internet service,No,No,two year,Yes,electronic_check,71.67,1791.68,No
CUST-02223,Female,1,No,No,6,Yes,No,Fiber optic,No,No,No,No,No,Yes,month-to-month,Yes,electronic_check,95.58,573.5,No
CUST-02224,Male,1,Yes,No,16,Yes,No,DSL,Yes,No,Yes,No,No,No internet service,one year,No,bank_transfer,59.03,944.48,No
CUST-02225,Female,1,No,Yes,4,Yes,No,Fiber optic,Yes,Yes,No internet service,No,Yes,No internet service,two year,Yes,electronic_check,115.35,461.41,No
CUST-02226,Male,1,Yes,No,50,Yes,No,Fiber optic,No internet service,No internet service,No internet service,Yes,No,No,two year,Yes,credit_card,146.46,7323.03,No
CUST-02227,Female,0,Yes,No,41,Yes,No,Fiber optic,Yes,No,No,No,No,No,month-to-month,No,mailed_check,124.92,5121.8,No
CUST-02228,Female,0,Yes,No,19,Yes,Yes,DSL,No,Yes,Yes,No,Yes,Yes,month-to-month,Yes,credit_card,33.06,628.17,No
CUST-02229,Female,1,Yes,No,53,Yes,Yes,DSL,No internet service,Yes,No internet service,Yes,No internet service,No internet service,month-to-month,Yes,electronic_check,71.43,3785.61,No
CUST-02230,Female,0,Yes,No,45,Yes,No,Fiber optic,No internet service,No internet service,No internet service,No internet service,Yes,No internet service,month-to-month,No,mailed_check,90.99,4094.73,Yes
CUST-02231,Male,1,Yes,Yes,2,Yes,No,Fiber optic,Yes,No internet service,No,Yes,No,Yes,one year,No,credit_card,79.78,159.55,No
CUST-02232,Male,0,No,No,29,Yes,Yes,DSL,No internet service,No internet service,No internet service,No internet service,No,No,month-to-month,No,credit_card,65.76,1906.93,No
CUST-02233,Female,0,Yes,No,53,Yes,No,DSL,No internet service,Yes,No,No internet service,Yes,No,one year,Yes,electronic_check,72.08,3820.12,No
CUST-02234,Male,0,No,Yes,66,Yes,Yes,DSL,No,No,No internet service,No,No internet service,No internet service,month-to-month,Yes,mailed_check,60.63,4001.33,No
CUST-02235,Female,0,No,No,52,Yes,No,Fiber optic,No internet service,No internet service,No,No,No,No,month-to-month,Yes,bank_transfer,61.29,3187.13,No
CUST-02236,Male,0,No,Yes,63,Yes,No,DSL,Yes,No,No,No internet service,No internet service,Yes,month-to-month,Yes,bank_transfer,55.06,3468.73,No
CUST-02237,Female,0,No,No,41,Yes,No,Fiber optic,No,Yes,No internet service,Yes,Yes,Yes,one year,Yes,bank_transfer,106.17,4352.85,No
CUST-02238,Male,0,No,No,69,Yes,No,No,Yes,No,No,No,Yes,No,month-to-month,Yes,credit_card,1.08,74.42,No
CUST-02239,Female,0,No,Yes,14,Yes,Yes,Fiber optic,Yes,No internet service,No internet service,No,No internet service,No,month-to-month,No,electronic_check,59.25,829.46,No
CUST-02240,Female,1,No,No,5,No,No phone service,Fiber optic,Yes,Yes,Yes,Yes,No,No,one year,Yes,credit_card,121.36,606.78,No
CUST-02241,Female,1,No,No,65,Yes,Yes,DSL,No internet service,No,Yes,No,No internet service,No internet service,month-to-month,No,bank_transfer,61.37,3988.82,No
CUST-02242,Female,0,Yes,Yes,48,Yes,No,Fiber optic,Yes,No internet service,No internet service,No,No internet service,No,month-to-month,No,bank_transfer,106.4,5107.42,No
CUST-02243,Female,1,No,No,5,Yes,Yes,DSL,Yes,Yes,No,No,No,No,month-to-month,Yes,credit_card,60.98,304.9,Yes
CUST-02244,Male,0,Yes,No,49,Yes,Yes,DSL,No internet service,No,No,No internet service,No internet service,No,month-to-month,Yes,electronic_check,57.11,2798.43,No
CUST-02245,Male,0,Yes,No,60,No,No phone service,Fiber optic,No,No internet service,No,No internet service,Yes,No,two year,Yes,electronic_check,132.33,7939.57,No
CUST-02246,Male,1,No,No,64,No,No phone service,DSL,No,No,Yes,No internet service,Yes,Yes,one year,No,credit_card,39.75,2544.01,No
CUST-02247,Male,1,Yes,No,39,Yes,Yes,Fiber optic,No,No internet service,No,No,No,No,two year,Yes,credit_card,115.27,4495.44,No
CUST-02248,Female,1,Yes,Yes,6,Yes,Yes,DSL,Yes,No,No internet service,No,Yes,No internet service,month-to-month,No,electronic_check,72.36,434.16,No
CUST-02249,Female,0,No,No,42,Yes,Yes,Fiber optic,No,No internet service,No internet service,No,No internet service,No internet service,one year,Yes,credit_card,84.06,3530.37,No
CUST-02250,Male,0,Yes,No,13,Yes,No,DSL,Yes,No,Yes,No internet service,Yes,No internet service,month-to-month,Yes,electronic_check,66.14,859.84,Yes
CUST-02251,Male,0,No,Yes,40,Yes,No,Fiber optic,Yes,No internet service,No,No,No,Yes,month-to-month,No,electronic_check,104.23,4169.18,No
CUST-02252,Female,0,No,Yes,61,Yes,No,Fiber optic,Yes,No,Yes,No,Yes,Yes,month-to-month,Yes,credit_card,81.72,4984.74,No
CUST-02253,Male,1,No,No,62,Yes,No,DSL,No,Yes,Yes,No,No,Yes,month-to-month,No,bank_transfer,83.86,5199.39,No
CUST-02254,Male,1,Yes,Yes,28,No,No phone service,DSL,No,Yes,No,Yes,No,No internet service,one year,No,bank_transfer,37.63,1053.74,No
CUST-02255,Male,1,No,Yes,3,No,No phone service,DSL,No internet service,No,No,No internet service,No,No internet service,month-to-month,Yes,electronic_check,46.68,140.03,Yes
CUST-02256,Female,0,Yes,Yes,57,Yes,No,DSL,Yes,No internet service,No,Yes,No,No,two year,Yes,mailed_check,79.83,4550.3,No
CUST-02257,Female,0,Yes,Yes,63,No,No phone service,DSL,No internet service,No,No internet service,No internet service,No internet service,No,month-to-month,Yes,electronic_check,70.3,4428.62,No
CUST-02258,Male,1,No,Yes,19,Yes,No,DSL,No internet service,No,No,Yes,No,No,two year,No,mailed_check,82.9,1575.12,No
CUST-02259,Female,1,Yes,No,71,Yes,No,DSL,Yes,No,No,No internet service,No,No internet service,month-to-month,Yes,credit_card,41.03,2912.79,No
CUST-02260,Female,1,No,No,54,Yes,No,No,Yes,No,No,No,No,Yes,month-to-month,No,bank_transfer,3.5,189.25,No
CUST-02261,Male,1,Yes,Yes,52,Yes,No,DSL,No,Yes,No,No,No,No internet service,two year,No,credit_card,44.74,2326.3,No
CUST-02262,Female,1,Yes,No,1,Yes,Yes,DSL,Yes,No,Yes,Yes,No,Yes,month-to-month,Yes,electronic_check,46.4,46.4,Yes
CUST-02263,Female,1,No,No,56,Yes,Yes,Fiber optic,No,No internet service,No,No internet service,No internet service,Yes,month-to-month,No,bank_transfer,80.06,4483.17,No
CUST-02264,Female,1,No,No,21,Yes,No,DSL,No,Yes,No internet service,No,No internet service,No,two year,Yes,mailed_check,46.92,985.23,No
CUST-02265,Male,0,Yes,No,21,Yes,No,Fiber optic,No,Yes,No,No,No internet service,No internet service,month-to-month,Yes,bank_transfer,83.56,1754.76,Yes
CUST-02266,Female,1,Yes,Yes,61,Yes,No,DSL,No internet service,No,No,Yes,Yes,No,two year,No,credit_card,71.97,4390.28,No
CUST-02267,Female,0,Yes,No,62,No,No phone service,DSL,No internet service,Yes,No internet service,Yes,No internet service,No,month-to-month,Yes,mailed_check,55.47,3439.37,No
CUST-02268,Female,1,Yes,Yes,9,Yes,No,DSL,No,No,Yes,No,Yes,No,month-to-month,Yes,mailed_check,68.5,616.53,No
CUST-02269,Female,1,Yes,Yes,3,Yes,No,DSL,Yes,No internet service,Yes,No,No,No,month-to-month,Yes,mailed_check,66.06,198.19,No
CUST-02270,Female,1,No,No,12,Yes,Yes,DSL,No internet service,No,No,No internet service,No,No internet service,month-to-month,Yes,mailed_check,49.31,591.72,Yes
CUST-02271,Male,1,No,No,7,Yes,No,DSL,No internet service,No,No,No,No,No,month-to-month,Yes,electronic_check,56.6,396.23,No
CUST-02272,Male,1,Yes,Yes,68,Yes,Yes,No,Yes,Yes,No,Yes,No,Yes,one year,No,credit_card,26.0,1768.18,No
CUST-02273,Male,0,Yes,Yes,2,Yes,No,Fiber optic,Yes,No internet service,No internet service,Yes,Yes,No,month-to-month,Yes,mailed_check,106.15,212.3,Yes
CUST-02274,Male,0,Yes,No,2,Yes,No,Fiber optic,No internet service,No internet service,Yes,No internet service,Yes,No,two year,Yes,electronic_check,106.69,213.37,Yes
CUST-02275,Female,0,Yes,No,30,Yes,Yes,Fiber optic,No,No,Yes,No,Yes,Yes,month-to-month,Yes,credit_card,122.99,3689.82,No
CUST-02276,Male,1,No,No,68,Yes,No,DSL,No,No,No internet service,No internet service,Yes,Yes,month-to-month,Yes,credit_card,61.74,4198.65,No
CUST-02277,Male,0,No,Yes,48,Yes,No,Fiber optic,No internet service,Yes,Yes,No,Yes,No internet service,one year,Yes,mailed_check,105.84,5080.22,No
CUST-02278,Female,0,Yes,No,71,Yes,No,Fiber optic,No,Yes,No,No,Yes,No,month-to-month,No,credit_card,72.54,5150.5,No
CUST-02279,Male,1,No,No,13,Yes,Yes,Fiber optic,No internet service,No internet service,No internet service,No internet service,No internet service,No,one year,Yes,credit_card,80.26,1043.41,Yes
CUST-02280,Female,1,Yes,No,55,Yes,No,DSL,No internet service,Yes,Yes,Yes,No internet service,Yes,two year,Yes,mailed_check,67.71,3724.1,No
CUST-02281,Male,1,No,No,50,Yes,Yes,Fiber optic,No internet service,Yes,No,No internet service,No,No,one year,Yes,electronic_check,95.45,4772.74,No
CUST-02282,Female,0,Yes,Yes,67,Yes,No,DSL,No internet service,No internet service,No,Yes,No,Yes,month-to-month,Yes,credit_card,44.64,2990.62,No
CUST-02283,Male,0,No,Yes,71,Yes,No,Fiber optic,No internet service,Yes,No internet service,No internet service,Yes,No internet service,one year,Yes,mailed_check,90.68,6438.39,No
CUST-02284,Male,0,No,No,33,Yes,Yes,No,No internet service,Yes,No internet service,No,Yes,No internet service,month-to-month,No,electronic_check,10.19,336.31,Yes
CUST-02285,Female,0,No,Yes,57,Yes,Yes,DSL,Yes,No,No,No,No internet service,No,month-to-month,No,electronic_check,60.8,3465.57,No
CUST-02286,Female,1,Yes,No,24,No,No phone service,Fiber optic,Yes,No internet service,Yes,No,No,Yes,month-to-month,Yes,electronic_check,80.96,1943.02,No
CUST-02287,Male,1,Yes,No,43,Yes,Yes,DSL,Yes,Yes,No internet service,No internet service,No internet service,No,one year,Yes,electronic_check,57.8,2485.57,No
CUST-02288,Male,1,Yes,Yes,31,Yes,Yes,Fiber optic,No internet service,Yes,Yes,No,No,No internet service,two year,Yes,bank_transfer,126.73,3928.68,No
CUST-02289,Female,0,Yes,No,2,Yes,Yes,Fiber optic,Yes,Yes,No,Yes,Yes,No internet service,two year,No,electronic_check,83.94,167.88,No
CUST-02290,Female,1,Yes,No,9,No,No phone service,No,No,No,Yes,Yes,Yes,No,one year,Yes,bank_transfer,13.31,119.78,No
CUST-02291,Male,1,No,No,23,Yes,No,No,Yes,Yes,No internet service,Yes,No,Yes,month-to-month,Yes,bank_transfer,24.6,565.91,No
CUST-02292,Female,0,No,No,22,Yes,Yes,DSL,Yes,Yes,Yes,Yes,No,Yes,month-to-month,Yes,electronic_check,68.41,1504.92,Yes
CUST-02293,Female,1,Yes,Yes,7,Yes,Yes,No,No internet service,Yes,No internet service,No internet service,No internet service,Yes,month-to-month,Yes,mailed_check,14.52,101.63,No
CUST-02294,Male,1,No,No,66,Yes,Yes,DSL,Yes,Yes,No internet service,No,No,Yes,one year,No,bank_transfer,88.81,5861.62,No
CUST-02295,Female,0,Yes,No,16,Yes,No,Fiber optic,No,No,Yes,No,No,No,month-to-month,Yes,credit_card,107.44,1719.0,No
CUST-02296,Male,0,No,No,63,No,No phone service,Fiber optic,Yes,Yes,Yes,No internet service,No,Yes,two year,Yes,electronic_check,100.53,6333.48,No
CUST-02297,Female,0,Yes,No,65,Yes,No,Fiber optic,Yes,No,No internet service,No internet service,No,Yes,month-to-month,Yes,electronic_check,95.32,6195.81,No
CUST-02298,Male,0,Yes,No,23,Yes,No,Fiber optic,No internet service,No internet service,Yes,No,Yes,No,month-to-month,No,credit_card,59.95,1378.96,No
CUST-02299,Female,1,Yes,No,45,Yes,No,Fiber optic,No internet service,Yes,Yes,No,No,Yes,month-to-month,No,credit_card,99.19,4463.39,No
CUST-02300,Male,0,Yes,No,33,Yes,No,DSL,No,No internet service,No,No,No,Yes,two year,Yes,mailed_check,74.75,2466.77,No
CUST-02301,Male,1,Yes,No,7,Yes,No,DSL,No,Yes,Yes,No,No,No,month-to-month,Yes,credit_card,28.71,200.98,No
CUST-02302,Female,0,Yes,No,61,Yes,Yes,Fiber optic,Yes,No,No,Yes,No,Yes,one year,Yes,credit_card,120.69,7362.09,No
CUST-02303,Female,0,Yes,No,64,Yes,No,DSL,No,No,No internet service,No internet service,No,No internet service,one year,Yes,bank_transfer,35.5,2271.75,No
CUST-02304,Male,1,Yes,No,32,Yes,No,Fiber optic,No,No internet service,Yes,No internet service,No,No,month-to-month,No,credit_card,122.74,3927.53,No
CUST-02305,Female,1,Yes,No,27,Yes,Yes,DSL,Yes,No internet service,No,No internet service,No internet service,Yes,one year,Yes,credit_card,47.29,1276.9,No
CUST-02306,Male,0,No,No,62,Yes,Yes,No,Yes,No,No,No,Yes,Yes,month-to-month,No,mailed_check,18.39,1140.19,No
CUST-02307,Male,1,Yes,No,27,Yes,No,Fiber optic,Yes,No internet service,No,No,Yes,Yes,month-to-month,Yes,electronic_check,94.69,2556.59,No
CUST-02308,Male,1,No,No,3,Yes,No,DSL,Yes,Yes,No internet service,No,No,Yes,month-to-month,Yes,credit_card,55.35,166.06,Yes
CUST-02309,Female,1,Yes,No,71,Yes,Yes,Fiber optic,No,Yes,No,No,No,Yes,one year,Yes,credit_card,78.88,5600.25,No
CUST-02310,Female,1,Yes,No,23,No,No phone service,Fiber optic,No,No internet service,No internet service,No,No,Yes,month-to-month,No,bank_transfer,103.23,2374.22,No
CUST-02311,Male,1,No,Yes,9,Yes,Yes,Fiber optic,Yes,No,Yes,No internet service,No,No,two year,Yes,credit_card,120.93,1088.35,No
CUST-02312,Female,0,No,No,39,Yes,Yes,Fiber optic,No,Yes,No internet service,No,No internet service,Yes,one year,Yes,bank_transfer,94.91,3701.55,No
CUST-02313,Male,0,Yes,No,26,Yes,No,DSL,No internet service,No,Yes,No,Yes,No internet service,month-to-month,Yes,electronic_check,55.92,1454.04,No
CUST-02314,Female,0,No,No,50,No,No phone service,DSL,No internet service,No internet service,No,Yes,No internet service,No,two year,No,electronic_check,101.6,5079.86,No
CUST-02315,Female,1,No,No,69,Yes,No,Fiber optic,No internet service,Yes,No,No,No internet service,No internet service,month-to-month,No,mailed_check,113.14,7806.75,No
CUST-02316,Female,0,Yes,No,34,Yes,No,Fiber optic,Yes,Yes,No internet service,No,No internet service,No,two year,No,electronic_check,97.15,3303.13,No
CUST-02317,Female,0,Yes,No,46,Yes,No,DSL,Yes,No,No,No internet service,No internet service,Yes,month-to-month,Yes,mailed_check,30.06,1382.75,No
CUST-02318,Female,0,Yes,No,48,Yes,Yes,Fiber optic,No,No internet service,Yes,No,Yes,No,two year,No,electronic_check,112.54,5401.93,No
CUST-02319,Female,1,No,No,41,Yes,No,Fiber optic,No,No,No internet service,No internet service,No,Yes,month-to-month,Yes,electronic_check,93.92,3850.86,No
CUST-02320,Female,1,Yes,No,51,Yes,No,DSL,Yes,No,Yes,No,No,No,month-to-month,Yes,electronic_check,39.02,1989.88,No
CUST-02321,Male,1,No,No,9,Yes,No,DSL,Yes,No,No,No,No internet service,No internet service,month-to-month,Yes,mailed_check,73.56,662.04,Yes
CUST-02322,Male,1,No,No,5,Yes,Yes,Fiber optic,No internet service,No internet service,No,Yes,Yes,No internet service,one year,Yes,bank_transfer,118.03,590.16,No
CUST-02323,Male,1,Yes,No,2,Yes,Yes,DSL,No,No,Yes,No,No internet service,Yes,one year,Yes,electronic_check,63.77,127.53,No
CUST-02324,Female,1,Yes,Yes,15,Yes,No,No,Yes,No internet service,No,No internet service,No,No,one year,No,credit_card,31.47,472.02,No
CUST-02325,Female,1,Yes,No,59,Yes,Yes,Fiber optic,Yes,Yes,No,No,No internet service,No,one year,Yes,electronic_check,86.51,5104.2,No
CUST-02326,Female,0,Yes,No,12,Yes,Yes,Fiber optic,No,No internet service,No internet service,No internet service,Yes,No,one year,No,electronic_check,107.31,1287.67,No
CUST-02327,Female,1,Yes,No,56,Yes,Yes,No,No internet service,Yes,Yes,No internet service,No,No internet service,month-to-month,No,electronic_check,13.73,769.09,No
CUST-02328,Female,0,Yes,No,39,Yes,Yes,Fiber optic,No,Yes,Yes,No internet service,No,No internet service,month-to-month,No,electronic_check,123.18,4803.93,Yes
CUST-02329,Male,1,Yes,No,20,Yes,No,Fiber optic,No,No,No,No internet service,No internet service,No internet service,one year,Yes,bank_transfer,110.59,2211.84,No
CUST-02330,Female,0,Yes,No,30,Yes,No,DSL,No,No,No internet service,No,No internet service,Yes,one year,No,mailed_check,58.12,1743.53,No
CUST-02331,Female,1,No,No,51,Yes,No,Fiber optic,Yes,No internet service,No,No,No internet service,Yes,month-to-month,Yes,bank_transfer,110.05,5612.46,No
CUST-02332,Female,1,Yes,No,6,Yes,Yes,DSL,No internet service,Yes,Yes,Yes,No,No,month-to-month,Yes,credit_card,68.36,410.18,Yes
CUST-02333,Male,0,Yes,No,42,Yes,Yes,DSL,No,No internet service,No,Yes,No,No internet service,month-to-month,Yes,electronic_check,49.65,2085.38,No
CUST-02334,Male,1,Yes,No,15,No,No phone service,Fiber optic,No internet service,Yes,No,No internet service,Yes,Yes,month-to-month,No,credit_card,73.57,1103.55,No
CUST-02335,Female,0,Yes,No,31,Yes,No,Fiber optic,No internet service,Yes,Yes,No,No,No internet service,month-to-month,Yes,mailed_check,91.85,2847.24,Yes
CUST-02336,Male,1,No,No,18,No,No phone service,Fiber optic,Yes,Yes,No internet service,Yes,No,No,month-to-month,No,electronic_check,59.81,1076.52,No
CUST-02337,Female,0,No,No,61,Yes,Yes,Fiber optic,No,No,No,No internet service,Yes,No,month-to-month,No,bank_transfer,105.45,6432.75,No
CUST-02338,Female,1,No,No,19,Yes,No,Fiber optic,No internet service,No,No internet service,Yes,No internet service,No internet service,two year,No,electronic_check,97.09,1844.62,Yes
CUST-02339,Female,1,Yes,No,53,Yes,No,No,Yes,No,Yes,No,No,No,month-to-month,No,credit_card,8.13,431.0,No
CUST-02340,Female,1,No,No,39,No,No phone service,DSL,No,Yes,No internet service,No internet service,No internet service,No internet service,one year,Yes,electronic_check,83.65,3262.42,No
CUST-02341,Female,0,No,No,18,Yes,Yes,Fiber optic,Yes,No,No,No internet service,No internet service,No,month-to-month,Yes,bank_transfer,63.95,1151.05,Yes
CUST-02342,Male,0,Yes,No,2,Yes,No,Fiber optic,No,No internet service,No internet service,No internet service,Yes,Yes,month-to-month,Yes,mailed_check,91.27,182.55,No
CUST-02343,Female,1,No,No,1,Yes,Yes,DSL,No,No internet service,No,No internet service,No,Yes,one year,No,mailed_check,45.08,45.08,No
CUST-02344,Male,0,Yes,No,44,Yes,Yes,No,No,No internet service,No internet service,Yes,No internet service,Yes,two year,Yes,mailed_check,18.52,814.9,No
CUST-02345,Male,1,Yes,No,13,Yes,No,Fiber optic,No,Yes,Yes,No,No,No,month-to-month,Yes,electronic_check,88.09,1145.16,Yes
CUST-02346,Male,0,Yes,No,16,Yes,No,No,No,Yes,No,No internet service,No internet service,No internet service,one year,Yes,mailed_check,37.83,605.26,No
CUST-02347,Male,0,Yes,Yes,2,Yes,No,Fiber optic,No internet service,No internet service,No,No,No internet service,No,two year,No,electronic_check,104.77,209.54,Yes
CUST-02348,Female,1,No,No,3,Yes,No,DSL,Yes,No,No,No internet service,Yes,Yes,two year,Yes,bank_transfer,54.25,162.74,No
CUST-02349,Female,0,Yes,No,49,Yes,No,Fiber optic,No,No internet service,No internet service,No,Yes,No internet service,two year,Yes,electronic_check,97.72,4788.36,Yes
CUST-02350,Male,1,Yes,No,1,Yes,No,DSL,Yes,No internet service,Yes,Yes,Yes,Yes,two year,Yes,credit_card,77.39,77.39,No
CUST-02351,Male,0,No,No,72,Yes,No,DSL,No internet service,Yes,No,No,No,No internet service,month-to-month,Yes,electronic_check,51.72,3724.08,No
CUST-02352,Male,0,Yes,Yes,63,Yes,No,DSL,No,Yes,No,No internet service,No,No internet service,two year,No,mailed_check,55.39,3489.4,No
CUST-02353,Female,0,No,No,37,Yes,Yes,Fiber optic,Yes,No,No internet service,No,No,No internet service,month-to-month,No,electronic_check,132.92,4918.21,No
CUST-02354,Female,1,No,No,48,Yes,No,Fiber optic,No,No internet service,No,No internet service,Yes,No internet service,month-to-month,Yes,mailed_check,107.97,5182.46,No
CUST-02355,Male,0,No,No,31,No,No phone service,Fiber optic,No internet service,No,No,No internet service,No,No,one year,No,electronic_check,102.28,3170.68,Yes
CUST-02356,Male,1,No,No,65,Yes,Yes,Fiber optic,No,Yes,No internet service,No internet service,No,Yes,one year,Yes,electronic_check,142.97,9293.28,No
CUST-02357,Male,0,No,No,50,Yes,Yes,Fiber optic,No,Yes,No,No internet service,No,No internet service,one year,No,electronic_check,132.17,6608.39,No
CUST-02358,Male,0,No,Yes,66,Yes,Yes,DSL,Yes,Yes,No,No,Yes,No,one year,No,credit_card,55.32,3651.42,No
CUST-02359,Male,0,Yes,Yes,70,Yes,Yes,Fiber optic,Yes,Yes,Yes,No internet service,No internet service,Yes,one year,Yes,credit_card,119.4,8358.33,No
CUST-02360,Male,1,No,Yes,36,Yes,No,DSL,No,No,No internet service,No internet service,No,Yes,month-to-month,Yes,mailed_check,54.66,1967.67,No
CUST-02361,Male,0,Yes,Yes,36,Yes,No,No,No internet service,No internet service,No,No internet service,Yes,No,month-to-month,Yes,electronic_check,4.83,173.81,No
CUST-02362,Male,0,No,No,32,Yes,No,DSL,No internet service,No,No internet service,No internet service,No,Yes,month-to-month,Yes,credit_card,52.03,1664.96,No
CUST-02363,Male,0,Yes,No,54,Yes,No,DSL,Yes,No,No internet service,Yes,No internet service,No internet service,month-to-month,Yes,bank_transfer,49.63,2680.28,No
CUST-02364,Female,0,No,No,9,Yes,Yes,Fiber optic,Yes,Yes,No internet service,No,No,Yes,month-to-month,Yes,electronic_check,91.71,825.36,No
CUST-02365,Male,1,No,No,48,No,No phone service,No,No,No internet service,Yes,No internet service,No,No internet service,one year,No,credit_card,26.02,1249.04,No
CUST-02366,Male,0,No,No,64,Yes,No,DSL,No internet service,No internet service,No,No internet service,No,No,two year,No,credit_card,69.36,4439.23,No
CUST-02367,Female,0,Yes,No,30,Yes,No,DSL,Yes,No internet service,Yes,Yes,No internet service,No,month-to-month,Yes,bank_transfer,39.42,1182.49,No
CUST-02368,Female,0,Yes,No,6,Yes,Yes,DSL,No internet service,No,No,No internet service,Yes,No,month-to-month,Yes,mailed_check,37.88,227.3,Yes
CUST-02369,Female,1,Yes,No,37,No,No phone service,Fiber optic,Yes,No,No internet service,No internet service,Yes,No internet service,two year,No,electronic_check,115.21,4262.65,No
CUST-02370,Male,0,No,No,50,Yes,No,No,No internet service,Yes,Yes,No,Yes,No,month-to-month,No,bank_transfer,36.99,1849.29,No
CUST-02371,Male,0,Yes,No,2,Yes,Yes,No,No internet service,No,No,No,No,Yes,two year,Yes,electronic_check,34.37,68.73,Yes
CUST-02372,Male,0,Yes,No,17,Yes,No,Fiber optic,No,No,No,No internet service,Yes,Yes,month-to-month,Yes,electronic_check,83.47,1419.0,No
CUST-02373,Female,1,Yes,No,38,Yes,No,Fiber optic,No internet service,Yes,No internet service,Yes,No,No,month-to-month,Yes,bank_transfer,111.9,4252.2,No
CUST-02374,Female,1,No,No,72,Yes,No,DSL,No internet service,Yes,No internet service,Yes,No internet service,Yes,one year,No,mailed_check,52.06,3748.2,No
CUST-02375,Female,1,Yes,No,33,No,No phone service,Fiber optic,Yes,No internet service,No internet service,No,No,No,two year,No,bank_transfer,92.28,3045.39,No
CUST-02376,Female,0,Yes,No,42,Yes,Yes,DSL,Yes,No,No,Yes,No internet service,Yes,one year,No,credit_card,54.3,2280.65,No
CUST-02377,Male,1,No,No,20,Yes,No,DSL,No internet service,No,No,No internet service,No,No internet service,one year,Yes,mailed_check,66.51,1330.21,No
CUST-02378,Male,1,No,No,25,Yes,No,DSL,Yes,No,No,No internet service,No internet service,No,one year,Yes,electronic_check,56.38,1409.52,No
CUST-02379,Female,1,Yes,No,54,Yes,No,Fiber optic,No,Yes,No internet service,No internet service,Yes,Yes,month-to-month,Yes,bank_transfer,120.48,6505.88,No
CUST-02380,Female,1,Yes,Yes,13,Yes,No,Fiber optic,No,No internet service,No,No,No internet service,No,month-to-month,Yes,electronic_check,109.86,1428.18,No
CUST-02381,Female,0,Yes,No,59,No,No phone service,Fiber optic,Yes,No internet service,No internet service,Yes,Yes,No internet service,month-to-month,Yes,mailed_check,100.39,5923.22,No
CUST-02382,Male,0,No,No,27,Yes,No,DSL,No,No,No,Yes,No,No,one year,Yes,credit_card,90.73,2449.71,No
CUST-02383,Female,0,Yes,Yes,63,Yes,No,DSL,No internet service,No,No,No,Yes,No,two year,Yes,bank_transfer,90.12,5677.74,No
CUST-02384,Male,1,Yes,No,65,Yes,No,DSL,No internet service,No internet service,No internet service,Yes,No,Yes,month-to-month,Yes,mailed_check,34.17,2221.28,No
CUST-02385,Female,0,No,No,48,Yes,Yes,DSL,No internet service,No,No internet service,No internet service,No internet service,Yes,month-to-month,No,electronic_check,48.12,2309.94,Yes
CUST-02386,Male,1,No,No,5,Yes,Yes,Fiber optic,Yes,No,No internet service,No,Yes,Yes,month-to-month,Yes,credit_card,96.83,484.13,Yes
CUST-02387,Male,1,No,Yes,28,Yes,No,DSL,No,Yes,No,Yes,No,No,month-to-month,Yes,mailed_check,81.47,2281.27,No
CUST-02388,Male,1,No,No,51,Yes,No,Fiber optic,No,Yes,No internet service,No internet service,No,Yes,month-to-month,Yes,mailed_check,106.68,5440.49,No
CUST-02389,Female,1,Yes,No,2,Yes,Yes,Fiber optic,Yes,No internet service,No,Yes,Yes,Yes,month-to-month,No,credit_card,110.28,220.55,No
CUST-02390,Male,0,No,Yes,6,Yes,Yes,DSL,No internet service,No,No internet service,No,No,Yes,month-to-month,Yes,electronic_check,44.78,268.66,No
CUST-02391,Female,1,Yes,No,18,No,No phone service,Fiber optic,Yes,No,No,No,Yes,No internet service,month-to-month,No,mailed_check,136.6,2458.82,No
CUST-02392,Female,0,No,Yes,16,Yes,No,DSL,No,Yes,No internet service,No internet service,No,No,month-to-month,No,electronic_check,22.5,359.96,Yes
CUST-02393,Male,0,Yes,No,12,Yes,Yes,DSL,Yes,No,No,No,No internet service,Yes,one year,Yes,electronic_check,30.95,371.41,No
CUST-02394,Male,0,Yes,Yes,29,Yes,No,DSL,No internet service,Yes,No,No internet service,Yes,No internet service,month-to-month,Yes,electronic_check,77.4,2244.53,No
CUST-02395,Female,0,No,No,64,Yes,Yes,DSL,No,No,Yes,No,No,No,month-to-month,Yes,credit_card,46.6,2982.45,No
CUST-02396,Female,1,Yes,No,41,Yes,No,DSL,No internet service,Yes,No internet service,Yes,Yes,No internet service,two year,No,credit_card,80.78,3312.11,No
CUST-02397,Male,0,No,Yes,24,Yes,Yes,Fiber optic,Yes,No,No,Yes,No,No,month-to-month,No,bank_transfer,88.79,2131.02,No
CUST-02398,Female,1,Yes,Yes,35,Yes,No,DSL,Yes,Yes,No,Yes,No,No,month-to-month,Yes,mailed_check,38.17,1335.82,No
CUST-02399,Male,1,No,No,22,Yes,No,Fiber optic,Yes,Yes,No,No,No internet service,No,month-to-month,No,mailed_check,85.09,1871.92,No
CUST-02400,Male,1,No,No,4,Yes,Yes,Fiber optic,No,No,No,Yes,No,No internet service,month-to-month,Yes,mailed_check,75.17,300.7,No
CUST-02401,Male,0,Yes,No,62,Yes,No,DSL,Yes,No internet service,No internet service,No internet service,No internet service,No internet service,two year,Yes,electronic_check,71.47,4431.11,No
CUST-02402,Female,1,No,No,32,Yes,Yes,Fiber optic,No internet service,No internet service,Yes,No,Yes,No,month-to-month,No,bank_transfer,116.8,3737.67,No
CUST-02403,Male,0,Yes,Yes,48,No,No phone service,Fiber optic,Yes,No,Yes,No,No,No,one year,No,mailed_check,92.05,4418.23,No
CUST-02404,Male,0,Yes,Yes,16,Yes,Yes,DSL,No,Yes,No,No internet service,No,Yes,month-to-month,No,electronic_check,59.77,956.28,Yes
CUST-02405,Male,1,Yes,No,11,Yes,No,DSL,No internet service,No,No,No internet service,Yes,No internet service,month-to-month,Yes,credit_card,43.92,483.11,No
CUST-02406,Male,0,Yes,No,72,Yes,No,Fiber optic,No,Yes,No,Yes,No internet service,No internet service,one year,Yes,electronic_check,122.99,8855.19,No
CUST-02407,Female,0,No,Yes,33,No,No phone service,Fiber optic,No internet service,No,No,No internet service,No,Yes,two year,Yes,credit_card,92.56,3054.54,No
CUST-02408,Female,1,No,Yes,32,Yes,No,DSL,No internet service,No,No,No internet service,No internet service,No,one year,Yes,electronic_check,76.51,2448.38,No
CUST-02409,Male,0,Yes,No,16,Yes,Yes,DSL,Yes,No,No internet service,No,Yes,No internet service,month-to-month,Yes,credit_card,71.87,1149.91,Yes
CUST-02410,Female,0,Yes,No,19,Yes,Yes,DSL,Yes,No,No,No internet service,No internet service,No,month-to-month,Yes,mailed_check,58.06,1103.2,No
CUST-02411,Female,0,Yes,Yes,68,Yes,Yes,Fiber optic,Yes,No internet service,No,No internet service,No internet service,Yes,one year,No,electronic_check,77.86,5294.59,No
CUST-02412,Female,0,Yes,Yes,48,Yes,Yes,DSL,No internet service,No,No,Yes,No,No internet service,one year,Yes,electronic_check,61.2,2937.6,No
CUST-02413,Male,1,No,Yes,38,Yes,No,DSL,No,No,No internet service,No internet service,No internet service,No,month-to-month,Yes,electronic_check,60.47,2297.94,No
CUST-02414,Male,1,Yes,Yes,44,Yes,No,No,No internet service,No internet service,Yes,No internet service,No,No,two year,No,credit_card,49.58,2181.67,No
CUST-02415,Male,0,No,Yes,31,Yes,No,Fiber optic,Yes,No internet service,No internet service,No,No,No,month-to-month,Yes,credit_card,122.03,3782.86,No
CUST-02416,Male,0,No,No,15,No,No phone service,Fiber optic,Yes,No,No,No,Yes,No,month-to-month,Yes,credit_card,107.42,1611.26,No
CUST-02417,Male,0,Yes,No,44,No,No phone service,Fiber optic,No internet service,No,Yes,Yes,No internet service,No internet service,month-to-month,Yes,mailed_check,81.77,3597.7,No
CUST-02418,Female,1,No,No,23,Yes,Yes,DSL,No,No,Yes,No,Yes,Yes,two year,No,electronic_check,73.12,1681.67,No
CUST-02419,Female,1,No,No,69,Yes,Yes,Fiber optic,No internet service,No,Yes,No internet service,No,No,month-to-month,No,mailed_check,129.33,8923.95,No
CUST-02420,Female,1,Yes,Yes,7,Yes,Yes,No,No,Yes,No internet service,No,No internet service,Yes,month-to-month,Yes,mailed_check,31.45,220.17,Yes
CUST-02421,Female,0,Yes,No,11,Yes,No,Fiber optic,No internet service,No,No,No,No,No,two year,Yes,bank_transfer,84.74,932.1,No
CUST-02422,Female,0,Yes,No,42,Yes,No,DSL,Yes,Yes,No,Yes,Yes,Yes,month-to-month,No,mailed_check,43.87,1842.47,No
CUST-02423,Female,0,No,Yes,55,Yes,No,Fiber optic,No internet service,Yes,No internet service,No,Yes,Yes,month-to-month,Yes,electronic_check,79.28,4360.31,No
CUST-02424,Female,0,No,Yes,72,Yes,Yes,Fiber optic,No,No,Yes,No,No,No internet service,month-to-month,Yes,credit_card,89.99,6479.11,No
CUST-02425,Male,0,No,Yes,61,No,No phone service,DSL,Yes,Yes,No,Yes,No internet service,No internet service,month-to-month,Yes,bank_transfer,50.55,3083.56,No
CUST-02426,Male,0,No,No,45,Yes,No,DSL,Yes,No internet service,No internet service,No,No internet service,Yes,month-to-month,Yes,credit_card,51.74,2328.42,No
CUST-02427,Female,1,No,Yes,50,Yes,No,DSL,No,No internet service,No internet service,Yes,No internet service,No,one year,No,electronic_check,43.86,2193.25,No
CUST-02428,Male,0,Yes,No,63,Yes,No,DSL,No internet service,No internet service,No,No,No internet service,Yes,month-to-month,Yes,bank_transfer,32.11,2022.7,No
CUST-02429,Female,0,Yes,No,19,Yes,Yes,Fiber optic,No internet service,No,No internet service,No,No,No,two year,No,bank_transfer,119.11,2263.01,No
CUST-02430,Female,1,Yes,Yes,30,Yes,Yes,Fiber optic,Yes,No,No,No,No,No,one year,No,bank_transfer,108.38,3251.43,No
CUST-02431,Female,0,No,No,28,Yes,Yes,Fiber optic,No,Yes,Yes,No internet service,No,Yes,two year,Yes,mailed_check,116.48,3261.51,No
CUST-02432,Female,1,Yes,No,22,Yes,No,Fiber optic,Yes,No internet service,No,No,No,No,month-to-month,Yes,bank_transfer,105.54,2321.94,No
CUST-02433,Female,0,Yes,Yes,63,No,No phone service,Fiber optic,No,No internet service,No,No internet service,Yes,No,month-to-month,Yes,electronic_check,105.04,6617.57,No
CUST-02434,Male,0,Yes,No,52,Yes,Yes,Fiber optic,Yes,No internet service,No,No,Yes,No,month-to-month,No,mailed_check,70.25,3652.88,No
CUST-02435,Male,1,Yes,No,17,Yes,No,Fiber optic,No,Yes,No,No,No,No internet service,month-to-month,No,electronic_check,125.95,2141.13,Yes
CUST-02436,Male,1,Yes,No,35,No,No phone service,Fiber optic,No,No internet service,No,No internet service,No,Yes,month-to-month,No,electronic_check,96.45,3375.91,No
CUST-02437,Female,0,No,No,4,Yes,No,Fiber optic,No internet service,Yes,No internet service,No,Yes,No,month-to-month,No,credit_card,60.91,243.66,No
CUST-02438,Male,1,No,No,59,Yes,No,DSL,No,No,Yes,No,No,No,one year,No,electronic_check,59.64,3518.68,No
CUST-02439,Male,0,Yes,Yes,49,Yes,Yes,DSL,No internet service,No internet service,No,No,No,No internet service,month-to-month,Yes,credit_card,56.97,2791.58,No
CUST-02440,Male,1,No,No,60,Yes,Yes,DSL,No,No internet service,No,No,No,Yes,one year,Yes,electronic_check,33.93,2035.86,No
CUST-02441,Male,0,No,No,26,Yes,No,Fiber optic,No internet service,No,No,No internet service,No,No internet service,month-to-month,No,electronic_check,76.71,1994.46,Yes
CUST-02442,Male,0,Yes,No,61,Yes,Yes,No,No internet service,No,No internet service,No,Yes,Yes,month-to-month,Yes,electronic_check,1.34,81.77,No
CUST-02443,Female,0,Yes,No,55,Yes,Yes,DSL,Yes,No,No internet service,No,No internet service,No internet service,two year,Yes,electronic_check,79.12,4351.6,No
CUST-02444,Female,0,Yes,No,68,No,No phone service,Fiber optic,Yes,No internet service,Yes,No,No internet service,Yes,month-to-month,Yes,credit_card,82.48,5608.75,No
CUST-02445,Male,1,Yes,No,10,Yes,No,DSL,No,Yes,No internet service,No,No internet service,No,month-to-month,No,bank_transfer,65.75,657.53,Yes
CUST-02446,Female,1,Yes,Yes,33,Yes,No,DSL,No internet service,Yes,Yes,No internet service,Yes,Yes,two year,No,bank_transfer,69.23,2284.51,No
CUST-02447,Female,1,Yes,Yes,38,No,No phone service,DSL,Yes,Yes,No internet service,No,Yes,Yes,one year,No,bank_transfer,51.44,1954.66,No
CUST-02448,Male,1,Yes,No,66,Yes,Yes,Fiber optic,Yes,No,No,No,No,No,month-to-month,Yes,bank_transfer,128.56,8484.87,No
CUST-02449,Male,0,No,No,21,Yes,Yes,DSL,No,No internet service,No,No internet service,Yes,No,month-to-month,No,mailed_check,61.3,1287.29,No
CUST-02450,Female,0,No,Yes,19,Yes,Yes,Fiber optic,No internet service,Yes,Yes,No internet service,No internet service,No internet service,two year,Yes,credit_card,77.45,1471.61,No
CUST-02451,Female,0,No,No,52,Yes,No,DSL,No,No internet service,Yes,No internet service,No,No,one year,Yes,mailed_check,67.79,3524.88,No
CUST-02452,Female,1,No,No,39,No,No phone service,DSL,No internet service,Yes,No internet service,No internet service,Yes,Yes,month-to-month,No,credit_card,37.83,1475.19,No
CUST-02453,Male,1,Yes,No,42,Yes,No,Fiber optic,Yes,No,No,No,Yes,No internet service,two year,No,bank_transfer,97.61,4099.44,No
CUST-02454,Male,1,No,No,13,Yes,No,DSL,Yes,No,Yes,No,No internet service,Yes,month-to-month,No,bank_transfer,52.81,686.52,Yes
CUST-02455,Female,0,No,No,27,Yes,No,Fiber optic,No internet service,Yes,No,No internet service,Yes,Yes,month-to-month,Yes,bank_transfer,106.55,2876.94,Yes
CUST-02456,Male,0,No,No,64,No,No phone service,No,No,No,No,No,No internet service,Yes,two year,No,credit_card,43.14,2760.64,No
CUST-02457,Male,1,No,No,69,Yes,No,DSL,No,No internet service,No,No,No internet service,No,two year,No,credit_card,77.33,5335.58,No
CUST-02458,Female,1,Yes,No,6,Yes,No,DSL,Yes,Yes,No,No internet service,No internet service,No internet service,month-to-month,Yes,credit_card,41.98,251.88,Yes
CUST-02459,Male,0,Yes,No,28,No,No phone service,DSL,No,Yes,No,Yes,Yes,Yes,month-to-month,No,bank_transfer,84.61,2369.11,No
CUST-02460,Female,1,Yes,No,32,Yes,No,No,No,No internet service,Yes,No internet service,No,Yes,month-to-month,No,bank_transfer,16.71,534.6,No
CUST-02461,Female,0,Yes,No,20,Yes,Yes,Fiber optic,Yes,No,Yes,Yes,No internet service,No,one year,Yes,mailed_check,94.36,1887.3,Yes
CUST-02462,Male,1,Yes,No,15,Yes,Yes,Fiber optic,Yes,No,No internet service,No,No,No,month-to-month,Yes,electronic_check,65.72,985.79,No
CUST-02463,Female,1,No,Yes,47,Yes,No,DSL,Yes,No internet service,Yes,No internet service,Yes,Yes,two year,Yes,mailed_check,70.78,3326.77,No
CUST-02464,Male,1,Yes,No,20,Yes,No,DSL,Yes,No,No internet service,No internet service,No internet service,No internet service,one year,No,electronic_check,60.64,1212.85,No
CUST-02465,Female,1,No,Yes,40,Yes,No,Fiber optic,Yes,No internet service,Yes,Yes,Yes,No internet service,two year,Yes,bank_transfer,138.53,5541.2,No
CUST-02466,Male,1,Yes,Yes,67,Yes,No,Fiber optic,No,Yes,Yes,No,Yes,No,two year,Yes,bank_transfer,148.15,9925.79,No
CUST-02467,Male,0,No,Yes,27,Yes,Yes,DSL,Yes,No,No,No,Yes,No internet service,one year,No,mailed_check,47.99,1295.81,No
CUST-02468,Female,0,Yes,No,64,Yes,No,No,No,No,No,No internet service,Yes,Yes,one year,Yes,credit_card,28.06,1795.72,No
CUST-02469,Male,1,Yes,No,17,Yes,No,Fiber optic,Yes,Yes,No,No internet service,Yes,Yes,two year,Yes,bank_transfer,105.95,1801.14,No
CUST-02470,Female,1,Yes,No,50,Yes,Yes,DSL,No,No,Yes,No internet service,Yes,Yes,two year,Yes,electronic_check,85.09,4254.62,No
CUST-02471,Male,1,Yes,Yes,34,Yes,No,DSL,Yes,No internet service,No internet service,Yes,Yes,No,two year,No,electronic_check,77.77,2644.13,No
CUST-02472,Female,1,Yes,Yes,25,Yes,Yes,DSL,No internet service,Yes,No internet service,No internet service,No,No internet service,month-to-month,Yes,electronic_check,53.04,1326.03,No
CUST-02473,Female,0,Yes,No,14,Yes,Yes,DSL,Yes,No,No internet service,No,No,Yes,month-to-month,No,mailed_check,58.98,825.68,No
CUST-02474,Female,1,Yes,No,63,Yes,No,Fiber optic,No internet service,No,No internet service,No,Yes,Yes,one year,Yes,mailed_check,82.09,5171.86,No
CUST-02475,Male,0,No,Yes,56,Yes,Yes,No,No internet service,No internet service,Yes,No,No,Yes,month-to-month,Yes,credit_card,28.77,1611.11,No
CUST-02476,Female,0,No,No,14,Yes,Yes,Fiber optic,No,Yes,Yes,No internet service,No,No internet service,two year,Yes,mailed_check,126.82,1775.52,No
CUST-02477,Female,1,Yes,No,24,Yes,Yes,DSL,No internet service,No,Yes,No,Yes,Yes,month-to-month,No,electronic_check,54.68,1312.3,Yes
CUST-02478,Male,1,No,No,12,Yes,No,DSL,Yes,Yes,No internet service,No,No internet service,No internet service,two year,No,electronic_check,62.25,746.97,No
CUST-02479,Female,0,Yes,Yes,68,Yes,Yes,Fiber optic,No,No,No internet service,Yes,No internet service,Yes,month-to-month,Yes,credit_card,87.46,5947.25,No
CUST-02480,Female,0,Yes,No,46,Yes,No,DSL,No internet service,No internet service,No internet service,No,Yes,No,month-to-month,Yes,electronic_check,56.62,2604.71,No
CUST-02481,Female,0,Yes,No,20,Yes,Yes,Fiber optic,No,No,No internet service,No,No internet service,No internet service,month-to-month,Yes,bank_transfer,127.61,2552.14,No
CUST-02482,Female,0,No,Yes,47,Yes,No,Fiber optic,No internet service,No internet service,No internet service,No,Yes,Yes,one year,Yes,credit_card,132.52,6228.33,No
CUST-02483,Female,1,Yes,No,32,Yes,Yes,DSL,No internet service,No,No,No,No,Yes,month-to-month,No,electronic_check,52.25,1672.03,No
CUST-02484,Male,1,No,No,63,No,No phone service,Fiber optic,Yes,No,No internet service,No internet service,No,No,month-to-month,Yes,electronic_check,80.13,5047.88,No
CUST-02485,Female,1,Yes,No,4,Yes,No,No,No,Yes,No,Yes,No,Yes,two year,Yes,mailed_check,23.3,93.21,No
CUST-02486,Male,1,Yes,No,54,Yes,Yes,DSL,No,No internet service,No,No,Yes,No,two year,Yes,electronic_check,64.32,3473.11,No
CUST-02487,Female,1,No,Yes,33,Yes,No,Fiber optic,No internet service,No internet service,No internet service,No,No internet service,No,month-to-month,Yes,electronic_check,112.26,3704.49,No
CUST-02488,Male,1,Yes,Yes,54,Yes,No,DSL,Yes,Yes,No internet service,No,No internet service,No internet service,two year,Yes,electronic_check,71.21,3845.37,No
CUST-02489,Male,0,No,No,51,Yes,Yes,Fiber optic,Yes,Yes,No,No,No,No,two year,Yes,mailed_check,70.42,3591.36,No
CUST-02490,Female,0,Yes,No,68,No,No phone service,Fiber optic,No internet service,No,No,No,No,No,month-to-month,Yes,credit_card,108.56,7382.21,No
CUST-02491,Male,1,No,Yes,6,Yes,Yes,Fiber optic,No,No,No,No,No internet service,No internet service,month-to-month,Yes,mailed_check,105.54,633.25,No
CUST-02492,Female,0,No,No,3,Yes,No,DSL,No internet service,No internet service,Yes,No internet service,No internet service,Yes,month-to-month,Yes,credit_card,85.13,255.38,No
CUST-02493,Male,0,Yes,No,62,Yes,Yes,Fiber optic,No,No,No,Yes,No,Yes,month-to-month,Yes,bank_transfer,113.16,7016.17,No
CUST-02494,Female,1,Yes,Yes,45,Yes,No,DSL,Yes,No internet service,Yes,No internet service,No,No,one year,Yes,mailed_check,43.46,1955.57,No
CUST-02495,Female,0,No,No,57,Yes,No,Fiber optic,No,No,Yes,No,No,Yes,month-to-month,Yes,credit_card,101.88,5807.24,No
CUST-02496,Male,1,Yes,No,36,Yes,Yes,Fiber optic,No internet service,Yes,No,Yes,Yes,Yes,two year,No,mailed_check,108.23,3896.43,No
CUST-02497,Male,1,Yes,Yes,58,No,No phone service,DSL,Yes,No internet service,No,No internet service,No internet service,No internet service,two year,Yes,electronic_check,40.15,2328.66,No
CUST-02498,Male,1,No,No,37,Yes,Yes,DSL,No internet service,No internet service,No,No internet service,No internet service,No internet service,month-to-month,Yes,mailed_check,26.38,975.88,No
CUST-02499,Male,0,Yes,No,8,Yes,No,Fiber optic,Yes,No,No,No,Yes,Yes,two year,No,bank_transfer,88.68,709.43,No
CUST-02500,Male,1,Yes,No,11,Yes,No,DSL,No,No internet service,No internet service,No,Yes,No,one year,Yes,credit_card,67.46,742.05,No
CUST-02501,Female,0,No,No,34,No,No phone service,Fiber optic,No internet service,Yes,No,No internet service,No,No internet service,one year,No,electronic_check,104.15,3540.96,No
CUST-02502,Female,1,Yes,Yes,2,Yes,No,DSL,No internet service,Yes,No internet service,Yes,No,No,month-to-month,Yes,electronic_check,39.43,78.87,No
CUST-02503,Female,0,No,No,27,Yes,Yes,Fiber optic,Yes,Yes,No,No,No internet service,No internet service,two year,Yes,bank_transfer,116.54,3146.71,No
CUST-02504,Male,1,No,No,3,Yes,No,DSL,No,No internet service,No,No,Yes,No internet service,month-to-month,Yes,bank_transfer,50.88,152.64,Yes
CUST-02505,Male,1,No,Yes,2,Yes,No,DSL,No internet service,Yes,Yes,Yes,Yes,No,two year,Yes,mailed_check,70.33,140.66,No
CUST-02506,Male,1,Yes,Yes,46,Yes,Yes,DSL,Yes,No,Yes,Yes,No internet service,No,month-to-month,No,mailed_check,45.09,2074.11,No
CUST-02507,Male,0,No,No,23,Yes,No,Fiber optic,No,No,No internet service,No,No,No,month-to-month,No,credit_card,122.52,2817.9,No
CUST-02508,Male,1,No,No,29,Yes,No,Fiber optic,No internet service,No internet service,No,No,No,Yes,one year,Yes,electronic_check,117.69,3413.02,No
CUST-02509,Male,0,No,No,44,Yes,Yes,DSL,No internet service,No,No,No,No internet service,No internet service,month-to-month,Yes,credit_card,80.67,3549.35,No
CUST-02510,Female,1,No,No,14,No,No phone service,DSL,No internet service,No,Yes,No internet service,No internet service,No,month-to-month,No,mailed_check,81.36,1138.99,Yes
CUST-02511,Male,0,Yes,Yes,7,Yes,No,Fiber optic,No,No internet service,No,No internet service,No,Yes,one year,Yes,electronic_check,63.42,443.93,No
CUST-02512,Female,0,Yes,No,8,Yes,No,DSL,No,No internet service,No,No internet service,No internet service,No internet service,month-to-month,Yes,electronic_check,56.19,449.53,Yes
CUST-02513,Female,0,No,No,31,Yes,No,DSL,Yes,Yes,No internet service,No,No internet service,No,two year,Yes,bank_transfer,81.99,2541.62,No
CUST-02514,Male,1,Yes,Yes,61,Yes,Yes,DSL,Yes,No,No internet service,No,Yes,No,month-to-month,No,electronic_check,70.45,4297.65,No
CUST-02515,Female,1,Yes,No,72,Yes,No,DSL,No,Yes,Yes,No internet service,No internet service,No internet service,two year,No,mailed_check,56.72,4083.75,No
CUST-02516,Female,1,Yes,Yes,52,Yes,No,Fiber optic,No internet service,Yes,No,No,No internet service,No internet service,month-to-month,No,mailed_check,103.88,5401.81,No
CUST-02517,Female,0,Yes,No,56,Yes,No,DSL,No internet service,Yes,Yes,No,No internet service,No internet service,month-to-month,Yes,electronic_check,51.75,2898.03,No
CUST-02518,Female,1,Yes,No,52,No,No phone service,Fiber optic,No,No internet service,No internet service,No,No,Yes,one year,No,credit_card,78.44,4078.75,No
CUST-02519,Female,0,Yes,No,28,Yes,Yes,Fiber optic,Yes,Yes,No,No,No internet service,No internet service,one year,No,credit_card,68.86,1927.96,No
CUST-02520,Male,1,No,Yes,45,Yes,Yes,DSL,Yes,No internet service,No internet service,No,No internet service,Yes,month-to-month,No,electronic_check,45.22,2035.08,No
CUST-02521,Male,0,Yes,No,13,Yes,Yes,Fiber optic,No,No internet service,Yes,No,No,No,two year,No,electronic_check,84.97,1104.56,No
CUST-02522,Female,0,No,Yes,17,Yes,No,DSL,No,No internet service,No,No,No,No,two year,No,credit_card,94.66,1609.16,No
CUST-02523,Male,1,No,Yes,1,Yes,No,Fiber optic,Yes,Yes,No,No internet service,No internet service,No,two year,Yes,electronic_check,132.28,132.28,Yes
CUST-02524,Female,0,No,No,53,Yes,No,Fiber optic,Yes,Yes,No,Yes,No internet service,No internet service,month-to-month,No,credit_card,86.11,4563.98,No
CUST-02525,Male,1,Yes,No,70,Yes,No,Fiber optic,No internet service,No,Yes,Yes,Yes,No internet service,month-to-month,Yes,credit_card,107.36,7515.42,No
CUST-02526,Male,1,No,Yes,14,Yes,No,Fiber optic,Yes,No internet service,Yes,No internet service,Yes,No,one year,Yes,bank_transfer,88.26,1235.64,No
CUST-02527,Female,1,Yes,No,33,Yes,No,DSL,Yes,No,No internet service,No,No internet service,No internet service,month-to-month,No,electronic_check,79.94,2638.18,No
CUST-02528,Female,1,Yes,No,40,Yes,No,Fiber optic,No,No,No internet service,No,No internet service,No internet service,month-to-month,No,bank_transfer,109.66,4386.45,No
CUST-02529,Female,0,No,No,38,No,No phone service,DSL,No internet service,No,No,Yes,Yes,No internet service,month-to-month,Yes,credit_card,56.11,2132.33,No
CUST-02530,Female,1,Yes,No,65,Yes,Yes,DSL,No internet service,No internet service,Yes,No,No,No internet service,two year,No,bank_transfer,66.16,4300.42,No
CUST-02531,Male,0,Yes,Yes,4,Yes,No,Fiber optic,No,No internet service,No,No internet service,Yes,Yes,month-to-month,Yes,credit_card,72.44,289.76,Yes
CUST-02532,Male,1,No,Yes,54,Yes,Yes,DSL,No internet service,No,No internet service,No,No,No,month-to-month,No,bank_transfer,44.35,2395.01,No
CUST-02533,Male,1,No,No,15,Yes,No,Fiber optic,No,No,No,No,No,No,one year,Yes,bank_transfer,64.64,969.53,Yes
CUST-02534,Male,0,Yes,No,58,Yes,No,DSL,No internet service,No internet service,No internet service,Yes,No internet service,No internet service,one year,Yes,electronic_check,56.95,3303.17,No
CUST-02535,Male,0,Yes,No,47,Yes,No,DSL,No internet service,No,No,No,No internet service,No,month-to-month,Yes,bank_transfer,60.63,2849.73,No
CUST-02536,Male,0,Yes,No,69,Yes,No,No,No,No,Yes,No,No,Yes,month-to-month,No,mailed_check,38.25,2639.13,No
CUST-02537,Male,0,Yes,Yes,71,Yes,No,Fiber optic,No,Yes,No internet service,No,No,No internet service,two year,Yes,electronic_check,98.68,7006.07,No
CUST-02538,Male,0,Yes,No,38,Yes,No,DSL,No internet service,No,No,No,No internet service,No,one year,Yes,electronic_check,41.4,1573.29,No
CUST-02539,Female,1,Yes,No,24,Yes,Yes,DSL,No internet service,Yes,Yes,No,Yes,No internet service,month-to-month,Yes,bank_transfer,66.97,1607.33,No
CUST-02540,Female,1,Yes,No,5,Yes,Yes,DSL,No,No,No,No internet service,No,No,one year,Yes,bank_transfer,41.95,209.74,No
CUST-02541,Male,0,Yes,Yes,10,Yes,No,Fiber optic,No,No internet service,No internet service,Yes,Yes,Yes,month-to-month,No,mailed_check,92.83,928.29,Yes
CUST-02542,Female,0,No,No,6,Yes,Yes,Fiber optic,No,Yes,Yes,Yes,Yes,Yes,two year,Yes,bank_transfer,105.46,632.74,No
CUST-02543,Female,0,No,No,47,Yes,No,Fiber optic,Yes,No,No,Yes,Yes,No internet service,month-to-month,Yes,mailed_check,98.17,4614.0,No
CUST-02544,Female,0,No,No,68,No,No phone service,Fiber optic,Yes,No internet service,No,Yes,No,No,month-to-month,Yes,bank_transfer,124.2,8445.46,No
CUST-02545,Female,1,No,No,37,Yes,No,Fiber optic,Yes,No internet service,Yes,No,No internet service,No,two year,Yes,electronic_check,130.65,4834.03,No
CUST-02546,Male,1,Yes,No,20,Yes,No,DSL,No,Yes,No,No internet service,No internet service,No,month-to-month,No,mailed_check,46.17,923.34,No
CUST-02547,Female,1,No,Yes,54,Yes,Yes,Fiber optic,No internet service,Yes,No internet service,No,Yes,No,two year,No,mailed_check,132.64,7162.3,No
CUST-02548,Male,0,Yes,No,16,Yes,No,No,No internet service,Yes,Yes,Yes,No internet service,Yes,one year,No,mailed_check,38.67,618.64,No
CUST-02549,Male,1,Yes,Yes,44,No,No phone service,DSL,No internet service,Yes,No,No,Yes,Yes,one year,Yes,electronic_check,62.49,2749.4,No
CUST-02550,Male,0,Yes,No,43,No,No phone service,Fiber optic,No internet service,No,No internet service,No,No,No,month-to-month,Yes,bank_transfer,107.84,4637.04,No
CUST-02551,Male,0,No,No,12,Yes,Yes,Fiber optic,No internet service,No,No internet service,No internet service,No,No,one year,Yes,electronic_check,92.45,1109.4,Yes
CUST-02552,Male,1,No,Yes,13,Yes,Yes,Fiber optic,Yes,No internet service,No internet service,No,Yes,Yes,month-to-month,Yes,bank_transfer,76.41,993.33,No
CUST-02553,Female,0,Yes,No,37,Yes,Yes,Fiber optic,No,Yes,No internet service,No internet service,No,Yes,month-to-month,Yes,bank_transfer,67.16,2484.88,Yes
CUST-02554,Female,0,Yes,Yes,1,Yes,Yes,DSL,No internet service,No,No,Yes,No,No internet service,two year,No,bank_transfer,43.74,43.74,No
CUST-02555,Female,0,No,No,36,Yes,Yes,Fiber optic,No internet service,No,No internet service,No,No internet service,No internet service,month-to-month,Yes,credit_card,80.13,2884.51,No
CUST-02556,Female,0,No,Yes,37,Yes,Yes,Fiber optic,No,No internet service,No,No,No,Yes,month-to-month,Yes,electronic_check,83.61,3093.59,No
CUST-02557,Male,0,Yes,Yes,42,Yes,No,Fiber optic,Yes,Yes,Yes,No internet service,No,Yes,month-to-month,No,credit_card,94.67,3976.32,No
CUST-02558,Male,1,Yes,No,37,Yes,No,DSL,Yes,Yes,No,Yes,No,No internet service,month-to-month,Yes,electronic_check,67.83,2509.73,No
CUST-02559,Male,0,No,No,0,Yes,No,Fiber optic,No internet service,No internet service,No internet service,Yes,No,No internet service,month-to-month,No,bank_transfer,107.84,107.84,No
CUST-02560,Female,0,Yes,No,52,Yes,Yes,DSL,No internet service,Yes,No internet service,No,No internet service,Yes,two year,No,electronic_check,39.7,2064.5,No
CUST-02561,Male,1,Yes,No,17,Yes,Yes,DSL,No,Yes,Yes,No,Yes,No internet service,two year,Yes,electronic_check,46.1,783.64,No
CUST-02562,Male,1,No,No,28,Yes,Yes,DSL,Yes,No,Yes,No internet service,No internet service,No,month-to-month,Yes,bank_transfer,67.35,1885.89,No
CUST-02563,Female,1,Yes,No,72,Yes,Yes,Fiber optic,No internet service,No internet service,No,Yes,Yes,No,month-to-month,Yes,credit_card,104.68,7537.31,No
CUST-02564,Female,1,Yes,Yes,20,Yes,No,DSL,No internet service,No,No internet service,No,No internet service,No,month-to-month,Yes,bank_transfer,55.29,1105.77,No
CUST-02565,Female,0,Yes,Yes,13,Yes,Yes,DSL,No internet service,No internet service,No internet service,Yes,No internet service,No internet service,month-to-month,Yes,electronic_check,69.67,905.69,No
CUST-02566,Female,1,Yes,No,56,Yes,No,DSL,No,No internet service,No,No internet service,Yes,No,month-to-month,No,credit_card,65.97,3694.21,No
CUST-02567,Female,1,Yes,No,21,Yes,No,Fiber optic,Yes,No,No,No,No internet service,No,two year,Yes,mailed_check,123.48,2593.04,No
CUST-02568,Female,0,Yes,No,39,Yes,No,DSL,Yes,Yes,No,Yes,Yes,Yes,one year,No,mailed_check,73.01,2847.21,No
CUST-02569,Female,1,No,No,58,Yes,No,Fiber optic,Yes,No,No internet service,No,No internet service,Yes,month-to-month,No,bank_transfer,118.99,6901.23,No
CUST-02570,Female,0,No,No,71,Yes,No,No,Yes,Yes,Yes,No internet service,No internet service,No,one year,No,mailed_check,16.02,1137.77,No
CUST-02571,Female,1,Yes,Yes,42,Yes,No,DSL,No,No,No,No,No,No,two year,No,electronic_check,38.91,1634.29,No
CUST-02572,Male,0,Yes,No,54,Yes,No,Fiber optic,No internet service,Yes,No internet service,No,No,No,two year,No,mailed_check,105.58,5701.33,No
CUST-02573,Male,0,Yes,No,22,Yes,No,DSL,No internet service,Yes,Yes,Yes,No internet service,Yes,month-to-month,No,mailed_check,47.75,1050.47,No
CUST-02574,Female,1,No,No,13,Yes,No,DSL,No,No,Yes,No internet service,Yes,Yes,month-to-month,Yes,credit_card,57.82,751.72,No
CUST-02575,Male,1,No,No,34,Yes,Yes,DSL,No,Yes,No internet service,No internet service,No,Yes,one year,Yes,bank_transfer,70.43,2394.65,No
CUST-02576,Male,1,Yes,Yes,55,Yes,No,DSL,Yes,Yes,No,Yes,No internet service,Yes,one year,No,bank_transfer,37.9,2084.48,No
CUST-02577,Male,1,Yes,Yes,51,Yes,No,Fiber optic,No,Yes,Yes,Yes,No,No,month-to-month,No,mailed_check,98.66,5031.72,No
CUST-02578,Male,1,No,No,22,Yes,Yes,No,No internet service,No internet service,Yes,No,Yes,No internet service,two year,Yes,electronic_check,19.08,419.67,No
CUST-02579,Female,1,No,No,35,Yes,No,No,No internet service,Yes,No internet service,No internet service,No,No internet service,month-to-month,No,bank_transfer,19.04,666.44,No
CUST-02580,Male,1,No,No,26,Yes,Yes,Fiber optic,No,No internet service,No internet service,Yes,No,No internet service,two year,Yes,credit_card,140.31,3647.98,No
CUST-02581,Female,0,No,No,1,Yes,Yes,Fiber optic,No internet service,Yes,No,No internet service,No internet service,No,one year,No,mailed_check,61.87,61.87,No
CUST-02582,Female,0,Yes,No,61,No,No phone service,Fiber optic,Yes,No internet service,No,No,No internet service,Yes,one year,Yes,electronic_check,144.12,8791.19,No
CUST-02583,Male,0,No,Yes,19,Yes,Yes,DSL,No,No internet service,Yes,No,Yes,No internet service,month-to-month,Yes,electronic_check,68.24,1296.5,No
CUST-02584,Male,0,No,No,21,Yes,Yes,DSL,No internet service,No,Yes,Yes,No,No,one year,Yes,bank_transfer,63.04,1323.87,No
CUST-02585,Female,1,Yes,Yes,14,No,No phone service,Fiber optic,No,No,Yes,Yes,No internet service,No,one year,Yes,electronic_check,74.06,1036.8,Yes
CUST-02586,Female,1,No,No,9,Yes,No,DSL,No,No internet service,No,No,No internet service,No,one year,No,electronic_check,70.65,635.89,No
CUST-02587,Male,0,Yes,No,30,Yes,Yes,Fiber optic,No,No internet service,No,No internet service,Yes,No,month-to-month,Yes,mailed_check,75.78,2273.51,No
CUST-02588,Female,0,Yes,No,42,Yes,Yes,Fiber optic,No,No internet service,Yes,No,Yes,No,two year,No,bank_transfer,95.52,4011.83,No
CUST-02589,Female,0,No,No,27,Yes,No,DSL,No,No,No,No,Yes,No internet service,month-to-month,Yes,mailed_check,67.56,1824.1,No
CUST-02590,Female,0,Yes,Yes,7,Yes,Yes,DSL,Yes,No internet service,Yes,No,Yes,No internet service,month-to-month,Yes,electronic_check,51.13,357.89,No
CUST-02591,Female,1,No,No,36,Yes,No,Fiber optic,No internet service,Yes,No internet service,Yes,No,No,month-to-month,Yes,electronic_check,92.46,3328.49,No
CUST-02592,Male,1,Yes,Yes,10,Yes,Yes,No,No internet service,Yes,No,No,No,No,month-to-month,Yes,credit_card,1.4,14.01,No
CUST-02593,Female,0,No,No,41,Yes,Yes,Fiber optic,No,Yes,No internet service,No,Yes,Yes,one year,Yes,mailed_check,116.23,4765.4,No
CUST-02594,Male,0,No,No,47,No,No phone service,Fiber optic,Yes,Yes,Yes,No,No,No internet service,month-to-month,Yes,electronic_check,88.85,4175.84,No
CUST-02595,Male,0,Yes,No,46,Yes,Yes,Fiber optic,Yes,Yes,No internet service,No,No,Yes,one year,Yes,electronic_check,127.94,5885.2,No
CUST-02596,Male,0,Yes,No,71,Yes,Yes,Fiber optic,Yes,Yes,No,Yes,No,No internet service,month-to-month,No,electronic_check,54.59,3875.57,No
CUST-02597,Female,0,No,No,21,Yes,Yes,Fiber optic,Yes,No,No,No,Yes,No internet service,month-to-month,No,mailed_check,137.74,2892.48,Yes
CUST-02598,Male,1,Yes,Yes,13,Yes,No,Fiber optic,No internet service,No,Yes,Yes,No,No,month-to-month,Yes,mailed_check,93.59,1216.72,Yes
CUST-02599,Male,1,No,No,56,Yes,Yes,DSL,No,No internet service,Yes,No internet service,Yes,No,one year,Yes,electronic_check,49.92,2795.62,Yes
CUST-02600,Male,1,Yes,Yes,39,Yes,Yes,Fiber optic,No,No,No internet service,No internet service,No internet service,Yes,month-to-month,No,bank_transfer,77.33,3015.97,No
CUST-02601,Male,1,Yes,No,20,Yes,No,DSL,No internet service,No internet service,Yes,No internet service,Yes,No,one year,No,bank_transfer,61.58,1231.57,No
CUST-02602,Male,0,No,No,56,Yes,No,DSL,No internet service,No,No internet service,No,No,Yes,month-to-month,No,credit_card,54.5,3051.96,No
CUST-02603,Male,1,No,No,8,No,No phone service,DSL,Yes,No,No internet service,Yes,No internet service,Yes,month-to-month,Yes,electronic_check,46.86,374.87,Yes
CUST-02604,Female,0,No,No,22,Yes,Yes,DSL,Yes,No internet service,No,No internet service,Yes,No internet service,month-to-month,No,electronic_check,32.37,712.17,No
CUST-02605,Female,1,No,No,48,Yes,Yes,DSL,No internet service,No,Yes,Yes,No,No internet service,month-to-month,Yes,electronic_check,53.64,2574.91,No
CUST-02606,Female,1,Yes,No,11,Yes,No,No,No,Yes,Yes,Yes,Yes,No,two year,No,electronic_check,27.8,305.77,No
CUST-02607,Female,0,Yes,No,68,Yes,No,DSL,Yes,Yes,No internet service,No,No internet service,Yes,two year,No,credit_card,54.38,3697.91,No
CUST-02608,Male,0,No,No,71,Yes,Yes,DSL,No,No,No,No internet service,No internet service,Yes,month-to-month,Yes,credit_card,76.33,5419.1,No
CUST-02609,Female,1,Yes,No,11,Yes,No,DSL,Yes,Yes,No,No,Yes,No,two year,Yes,credit_card,92.65,1019.12,No
CUST-02610,Male,1,Yes,Yes,68,No,No phone service,DSL,No internet service,Yes,Yes,No internet service,No,No internet service,one year,No,bank_transfer,83.95,5708.92,No
CUST-02611,Female,1,No,No,55,Yes,No,No,No,Yes,No internet service,No,No internet service,No internet service,two year,Yes,electronic_check,35.56,1955.87,No
CUST-02612,Male,1,No,No,27,Yes,No,Fiber optic,No internet service,No internet service,No internet service,No,No internet service,No internet service,month-to-month,No,bank_transfer,101.38,2737.26,No
CUST-02613,Female,1,No,Yes,34,Yes,Yes,Fiber optic,No,No,Yes,No internet service,No internet service,Yes,month-to-month,Yes,mailed_check,93.81,3189.62,No
CUST-02614,Female,1,No,No,36,Yes,No,DSL,No,No,No internet service,No internet service,No,No internet service,two year,Yes,electronic_check,83.15,2993.53,No
CUST-02615,Male,1,No,No,63,Yes,No,No,No internet service,Yes,No,Yes,No internet service,Yes,one year,Yes,mailed_check,22.23,1400.69,No
CUST-02616,Male,0,No,No,60,Yes,No,Fiber optic,No,No,Yes,No,No internet service,No internet service,one year,Yes,credit_card,66.13,3967.99,No
CUST-02617,Male,0,Yes,No,43,Yes,No,Fiber optic,No,No,Yes,No internet service,No,Yes,month-to-month,Yes,bank_transfer,110.3,4742.95,No
CUST-02618,Male,0,No,No,11,Yes,No,Fiber optic,No internet service,No,Yes,Yes,No internet service,Yes,month-to-month,Yes,mailed_check,118.52,1303.67,Yes
CUST-02619,Female,1,Yes,No,17,No,No phone service,Fiber optic,No internet service,No,Yes,Yes,No,No internet service,month-to-month,Yes,credit_card,93.69,1592.71,Yes
CUST-02620,Male,1,No,Yes,38,Yes,No,No,No internet service,No internet service,No internet service,No,No,Yes,month-to-month,Yes,electronic_check,7.05,268.04,No
CUST-02621,Male,0,No,No,29,Yes,No,Fiber optic,No internet service,No internet service,No internet service,No,No internet service,No,one year,Yes,electronic_check,117.29,3401.55,No
CUST-02622,Male,0,Yes,Yes,18,No,No phone service,DSL,Yes,Yes,No,No,No,Yes,one year,Yes,credit_card,67.52,1215.29,Yes
CUST-02623,Male,1,Yes,No,48,Yes,No,No,Yes,Yes,No,Yes,Yes,No,one year,Yes,bank_transfer,20.59,988.14,No
CUST-02624,Female,0,No,No,8,Yes,Yes,DSL,No,No internet service,No,No,No internet service,No internet service,two year,Yes,electronic_check,70.56,564.47,No
CUST-02625,Female,0,Yes,No,43,Yes,Yes,DSL,No,No,No internet service,No,Yes,No internet service,month-to-month,Yes,electronic_check,27.01,1161.32,No
CUST-02626,Male,0,Yes,Yes,12,Yes,Yes,DSL,No,No,No,Yes,No,Yes,two year,Yes,electronic_check,97.25,1166.99,No
CUST-02627,Male,1,No,No,47,Yes,No,DSL,No,No,No,No,No,Yes,one year,Yes,bank_transfer,88.1,4140.54,No
CUST-02628,Male,0,No,Yes,58,Yes,Yes,DSL,No,No,No,No,No internet service,No,one year,Yes,mailed_check,33.93,1968.14,No
CUST-02629,Male,0,Yes,No,10,Yes,Yes,Fiber optic,No,No internet service,No internet service,Yes,No internet service,Yes,month-to-month,Yes,mailed_check,91.99,919.91,Yes
CUST-02630,Male,0,Yes,Yes,48,Yes,No,DSL,Yes,No internet service,No,Yes,No internet service,No,two year,Yes,bank_transfer,89.09,4276.51,No
CUST-02631,Male,0,No,Yes,45,Yes,No,No,No,No internet service,No,Yes,Yes,No internet service,month-to-month,No,credit_card,20.41,918.53,No
CUST-02632,Male,0,No,No,16,Yes,No,DSL,No,No,No internet service,No internet service,Yes,Yes,one year,No,bank_transfer,60.45,967.18,No
CUST-02633,Female,0,No,No,25,Yes,No,Fiber optic,Yes,No,Yes,No internet service,Yes,Yes,one year,Yes,mailed_check,100.94,2523.52,No
CUST-02634,Female,0,No,No,51,Yes,No,DSL,No,Yes,Yes,No,No internet service,No internet service,month-to-month,Yes,electronic_check,75.92,3871.81,No
CUST-02635,Male,0,No,Yes,46,No,No phone service,No,Yes,Yes,No,Yes,Yes,Yes,one year,No,credit_card,7.44,342.13,Yes
CUST-02636,Female,0,No,Yes,4,Yes,No,DSL,No,No,Yes,No,No internet service,No,one year,No,credit_card,96.24,384.95,No
CUST-02637,Female,0,No,Yes,54,Yes,No,Fiber optic,No internet service,Yes,No internet service,Yes,Yes,Yes,one year,Yes,credit_card,112.84,6093.11,Yes
CUST-02638,Male,1,No,No,22,Yes,Yes,Fiber optic,Yes,No internet service,Yes,No,Yes,No internet service,one year,Yes,credit_card,87.22,1918.91,No
CUST-02639,Male,1,Yes,No,65,Yes,No,DSL,Yes,Yes,No internet service,No,No,No,month-to-month,No,mailed_check,33.55,2180.96,No
CUST-02640,Male,0,Yes,No,70,Yes,Yes,DSL,No internet service,No internet service,Yes,No,No internet service,No,two year,No,mailed_check,51.69,3618.63,No
CUST-02641,Male,0,Yes,No,5,Yes,No,DSL,Yes,No,No,No,No internet service,Yes,two year,No,mailed_check,66.49,332.46,No
CUST-02642,Male,0,Yes,Yes,56,Yes,No,DSL,No,Yes,No,No,No,Yes,one year,Yes,bank_transfer,71.95,4029.16,No
CUST-02643,Male,0,Yes,No,39,Yes,No,Fiber optic,No,No internet service,No internet service,Yes,No,Yes,one year,Yes,electronic_check,91.61,3572.9,No
CUST-02644,Male,1,No,No,71,Yes,No,Fiber optic,No internet service,No internet service,No internet service,No,Yes,Yes,month-to-month,Yes,electronic_check,78.84,5597.8,Yes
CUST-02645,Female,1,Yes,No,19,Yes,Yes,Fiber optic,No,Yes,No,Yes,No,Yes,one year,No,electronic_check,78.17,1485.3,No
CUST-02646,Male,0,Yes,No,47,Yes,Yes,DSL,No,No,Yes,No,No internet service,No,month-to-month,No,bank_transfer,46.6,2189.97,No
CUST-02647,Female,0,No,No,16,Yes,Yes,Fiber optic,No,No,No,No,No,No internet service,two year,Yes,bank_transfer,112.81,1805.01,No
CUST-02648,Male,0,No,Yes,8,Yes,No,DSL,No,No,Yes,No,Yes,Yes,month-to-month,Yes,electronic_check,74.78,598.27,No
CUST-02649,Male,0,No,No,70,Yes,No,Fiber optic,No,No,No internet service,Yes,No internet service,No internet service,two year,Yes,bank_transfer,79.25,5547.5,No
CUST-02650,Male,0,No,No,27,Yes,No,Fiber optic,No,No internet service,Yes,Yes,No,No,month-to-month,No,credit_card,107.4,2899.8,No
CUST-02651,Female,1,Yes,No,71,Yes,No,DSL,Yes,Yes,No,No,Yes,No,two year,Yes,mailed_check,90.13,6399.01,No
CUST-02652,Male,1,Yes,No,37,Yes,No,No,Yes,No internet service,No,No,No,Yes,month-to-month,No,credit_card,31.55,1167.41,No
CUST-02653,Female,0,Yes,No,15,No,No phone service,Fiber optic,No,Yes,Yes,Yes,No,No,month-to-month,No,bank_transfer,94.18,1412.67,Yes
CUST-02654,Male,0,Yes,No,28,Yes,Yes,Fiber optic,No,No,No internet service,No,No internet service,No internet service,two year,No,credit_card,106.32,2977.07,No
CUST-02655,Female,1,No,Yes,8,Yes,Yes,Fiber optic,No,Yes,No internet service,Yes,No,No internet service,two year,No,bank_transfer,90.13,721.06,No
CUST-02656,Female,1,No,No,49,Yes,No,No,No,No internet service,Yes,No,No internet service,No internet service,month-to-month,Yes,electronic_check,31.48,1542.58,No
CUST-02657,Female,1,No,Yes,35,Yes,No,Fiber optic,Yes,Yes,No internet service,No,No,No,month-to-month,Yes,bank_transfer,109.09,3818.15,No
CUST-02658,Female,0,Yes,No,37,Yes,Yes,DSL,Yes,No internet service,No internet service,No internet service,No,No,two year,Yes,bank_transfer,67.81,2508.99,No
CUST-02659,Female,0,Yes,No,54,Yes,No,Fiber optic,Yes,No internet service,No,No internet service,No,No,two year,Yes,mailed_check,130.23,7032.58,No
CUST-02660,Male,1,Yes,No,46,Yes,No,Fiber optic,Yes,Yes,No internet service,No,Yes,No internet service,two year,Yes,credit_card,85.33,3925.21,No
CUST-02661,Female,1,Yes,No,34,Yes,No,Fiber optic,No,No,No,No,No internet service,No internet service,month-to-month,No,credit_card,117.77,4004.08,No
CUST-02662,Male,1,No,No,23,Yes,No,DSL,No,No,No internet service,Yes,No,No internet service,two year,Yes,credit_card,77.49,1782.22,No
CUST-02663,Male,0,No,No,71,Yes,Yes,DSL,No,No,No,No internet service,No,No internet service,one year,Yes,bank_transfer,88.84,6307.48,No
CUST-02664,Male,0,No,No,41,Yes,Yes,Fiber optic,No,No internet service,Yes,No,No,Yes,two year,No,bank_transfer,115.85,4749.96,No
CUST-02665,Female,1,Yes,No,54,Yes,No,DSL,No,No,No internet service,No internet service,Yes,No internet service,month-to-month,Yes,electronic_check,41.6,2246.45,No
CUST-02666,Female,0,Yes,Yes,7,Yes,Yes,DSL,Yes,No,No,Yes,Yes,Yes,two year,Yes,mailed_check,85.47,598.28,No
CUST-02667,Male,1,No,No,46,Yes,Yes,No,No,No internet service,No,No internet service,Yes,No,two year,Yes,credit_card,13.98,643.27,No
CUST-02668,Male,1,Yes,Yes,47,Yes,No,Fiber optic,No,No,Yes,Yes,No internet service,Yes,month-to-month,Yes,electronic_check,101.26,4759.08,No
CUST-02669,Female,0,No,Yes,31,Yes,No,DSL,No,No internet service,Yes,No,Yes,No internet service,month-to-month,Yes,electronic_check,84.39,2616.24,No
CUST-02670,Female,1,Yes,Yes,42,Yes,Yes,DSL,No internet service,Yes,Yes,No,No internet service,No internet service,one year,Yes,electronic_check,86.83,3646.67,No
CUST-02671,Male,0,No,Yes,37,Yes,No,Fiber optic,Yes,Yes,No internet service,No internet service,No,No internet service,month-to-month,No,credit_card,99.62,3685.9,Yes
CUST-02672,Male,0,No,Yes,56,Yes,No,DSL,No,Yes,Yes,No,Yes,Yes,month-to-month,Yes,mailed_check,80.57,4511.65,No
CUST-02673,Female,0,Yes,No,6,Yes,No,Fiber optic,Yes,No internet service,No,No,No,No,month-to-month,Yes,bank_transfer,124.45,746.69,No
CUST-02674,Female,0,Yes,No,64,Yes,No,Fiber optic,No internet service,Yes,No internet service,No internet service,No,No,month-to-month,No,electronic_check,101.27,6481.57,No
CUST-02675,Male,0,Yes,Yes,27,Yes,Yes,DSL,Yes,No internet service,No internet service,No internet service,No,No internet service,month-to-month,Yes,mailed_check,51.33,1385.94,No
CUST-02676,Male,1,No,No,64,Yes,No,Fiber optic,No,No,No,Yes,No internet service,No internet service,two year,Yes,mailed_check,103.1,6598.66,No
CUST-02677,Male,0,Yes,No,42,Yes,No,DSL,No,No,Yes,No,Yes,Yes,one year,Yes,bank_transfer,68.3,2868.64,No
CUST-02678,Female,1,Yes,No,34,Yes,Yes,Fiber optic,Yes,No,Yes,No internet service,Yes,Yes,month-to-month,Yes,credit_card,83.73,2846.77,No
CUST-02679,Male,1,No,No,57,Yes,No,DSL,No,No,No internet service,No,Yes,Yes,one year,Yes,credit_card,72.95,4158.28,No
CUST-02680,Female,1,Yes,No,12,Yes,No,DSL,No internet service,Yes,No internet service,Yes,Yes,Yes,two year,Yes,electronic_check,87.26,1047.09,No
CUST-02681,Male,1,No,Yes,66,Yes,No,Fiber optic,No internet service,No,No,No,No,No internet service,month-to-month,Yes,electronic_check,92.56,6109.11,No
CUST-02682,Male,1,No,Yes,6,Yes,No,DSL,No,No internet service,Yes,No,Yes,No internet service,one year,Yes,electronic_check,89.51,537.05,No
CUST-02683,Female,0,No,No,16,Yes,Yes,DSL,Yes,No internet service,Yes,No internet service,No internet service,Yes,month-to-month,Yes,electronic_check,51.55,824.88,No
CUST-02684,Male,1,Yes,No,61,Yes,No,Fiber optic,Yes,No,No internet service,No,Yes,No internet service,month-to-month,Yes,bank_transfer,76.06,4639.4,No
CUST-02685,Female,0,Yes,Yes,72,Yes,No,DSL,No internet service,Yes,No,Yes,No,No,month-to-month,No,bank_transfer,23.29,1677.03,No
CUST-02686,Male,1,No,No,63,Yes,Yes,DSL,No,No,No,Yes,No internet service,No,one year,No,bank_transfer,77.67,4893.29,No
CUST-02687,Male,1,Yes,No,69,Yes,Yes,DSL,No internet service,No internet service,No,No internet service,No,No,month-to-month,No,mailed_check,46.7,3222.3,No
CUST-02688,Male,0,No,No,26,Yes,No,Fiber optic,Yes,No,Yes,Yes,No internet service,Yes,month-to-month,Yes,electronic_check,85.93,2234.14,Yes
CUST-02689,Male,1,Yes,No,61,Yes,No,No,No,No internet service,No,No,No,Yes,month-to-month,Yes,bank_transfer,2.91,177.26,No
CUST-02690,Male,1,Yes,No,26,Yes,Yes,No,No,No,No,No,No internet service,Yes,month-to-month,Yes,electronic_check,14.66,381.28,No
CUST-02691,Male,1,No,No,53,Yes,No,Fiber optic,No,No,Yes,No,No internet service,No,month-to-month,No,bank_transfer,100.58,5330.81,No
CUST-02692,Female,1,No,No,5,Yes,Yes,Fiber optic,Yes,Yes,No,No internet service,No,No,month-to-month,No,electronic_check,100.6,503.01,Yes
CUST-02693,Female,0,No,No,5,Yes,No,No,No internet service,No internet service,No internet service,Yes,Yes,No,month-to-month,Yes,bank_transfer,6.47,32.36,No
CUST-02694,Male,0,No,No,24,Yes,No,Fiber optic,Yes,No,No,No,No,No internet service,month-to-month,No,electronic_check,116.67,2800.19,Yes
CUST-02695,Male,1,No,No,63,Yes,Yes,Fiber optic,Yes,Yes,No,No,No,Yes,month-to-month,No,mailed_check,100.83,6352.24,No
CUST-02696,Female,1,No,Yes,21,Yes,No,Fiber optic,Yes,No internet service,No,No internet service,Yes,No internet service,month-to-month,Yes,mailed_check,83.2,1747.22,No
CUST-02697,Male,0,No,Yes,24,Yes,No,Fiber optic,Yes,No,No internet service,No,No,No internet service,two year,Yes,bank_transfer,81.49,1955.65,No
CUST-02698,Male,1,Yes,Yes,1,Yes,No,DSL,No,No,Yes,Yes,Yes,No,month-to-month,Yes,electronic_check,55.85,55.85,Yes
CUST-02699,Female,0,Yes,No,19,Yes,No,DSL,Yes,No,Yes,No,No,No,one year,No,bank_transfer,33.74,640.99,No
CUST-02700,Female,1,No,No,52,Yes,No,Fiber optic,No,No,No internet service,No internet service,Yes,Yes,one year,No,electronic_check,115.76,6019.45,No
CUST-02701,Male,0,Yes,No,4,Yes,No,Fiber optic,No,Yes,Yes,No internet service,Yes,Yes,one year,No,credit_card,76.75,307.01,Yes
CUST-02702,Female,0,Yes,No,0,Yes,Yes,Fiber optic,No internet service,Yes,Yes,No internet service,No,No internet service,month-to-month,Yes,credit_card,81.49,81.49,Yes
CUST-02703,Male,1,Yes,No,21,Yes,Yes,Fiber optic,No internet service,Yes,No internet service,No,No,Yes,two year,Yes,mailed_check,86.39,1814.2,No
CUST-02704,Female,1,No,No,62,No,No phone service,DSL,No,Yes,Yes,No internet service,No,No,month-to-month,Yes,credit_card,52.66,3264.84,No
CUST-02705,Male,1,No,No,24,Yes,Yes,DSL,No,Yes,No,Yes,Yes,Yes,month-to-month,Yes,bank_transfer,67.13,1611.16,No
CUST-02706,Male,1,Yes,No,29,Yes,Yes,Fiber optic,No internet service,Yes,Yes,No internet service,No,No internet service,month-to-month,No,credit_card,89.12,2584.43,No
CUST-02707,Female,0,Yes,No,37,Yes,No,Fiber optic,Yes,Yes,Yes,No internet service,Yes,No,month-to-month,No,credit_card,90.52,3349.06,No
CUST-02708,Male,1,Yes,No,43,Yes,Yes,DSL,Yes,No,No internet service,Yes,Yes,Yes,one year,Yes,credit_card,77.58,3335.87,No
CUST-02709,Female,0,Yes,Yes,21,Yes,No,DSL,No,Yes,No internet service,No,No internet service,No internet service,two year,Yes,credit_card,56.11,1178.31,No
CUST-02710,Female,1,No,No,39,Yes,No,DSL,Yes,No internet service,No internet service,No internet service,No internet service,No,two year,No,mailed_check,50.59,1973.1,No
CUST-02711,Male,1,Yes,No,8,Yes,No,Fiber optic,No internet service,No internet service,Yes,No internet service,No,Yes,month-to-month,Yes,mailed_check,74.82,598.6,No
CUST-02712,Male,1,Yes,Yes,56,Yes,Yes,No,No,Yes,No,No,No internet service,Yes,one year,Yes,electronic_check,16.57,927.65,No
CUST-02713,Male,1,Yes,No,47,Yes,No,Fiber optic,Yes,No internet service,No,Yes,No,No,month-to-month,Yes,electronic_check,95.67,4496.61,No
CUST-02714,Male,0,No,No,23,Yes,No,DSL,Yes,No,No,No internet service,No internet service,Yes,one year,No,electronic_check,66.27,1524.21,No
CUST-02715,Male,1,Yes,No,18,Yes,Yes,Fiber optic,Yes,No,No,Yes,No internet service,Yes,month-to-month,No,credit_card,93.97,1691.45,Yes
CUST-02716,Female,1,Yes,No,63,No,No phone service,Fiber optic,No,Yes,No,Yes,Yes,No internet service,two year,Yes,mailed_check,141.42,8909.33,No
CUST-02717,Male,1,Yes,No,49,Yes,No,Fiber optic,No,No internet service,No,Yes,Yes,No internet service,two year,Yes,electronic_check,132.32,6483.92,No
CUST-02718,Female,1,No,No,2,Yes,Yes,DSL,No,No internet service,No internet service,No internet service,Yes,Yes,two year,No,credit_card,64.98,129.95,No
CUST-02719,Female,0,Yes,No,13,Yes,Yes,Fiber optic,No,No internet service,No,No,No,No internet service,month-to-month,Yes,electronic_check,99.58,1294.57,No
CUST-02720,Female,0,No,No,10,Yes,Yes,DSL,No,No,No internet service,No internet service,Yes,No,two year,Yes,bank_transfer,62.7,626.98,No
CUST-02721,Male,1,Yes,Yes,45,Yes,No,DSL,No internet service,No internet service,No internet service,No internet service,Yes,No internet service,one year,Yes,credit_card,69.31,3118.93,No
CUST-02722,Male,1,No,No,68,No,No phone service,DSL,No internet service,No,No internet service,No,No internet service,No,month-to-month,No,electronic_check,34.44,2342.22,No
CUST-02723,Male,1,Yes,Yes,47,Yes,Yes,Fiber optic,No,No internet service,No internet service,No,Yes,No internet service,month-to-month,No,credit_card,77.29,3632.73,No
CUST-02724,Female,1,Yes,No,61,Yes,No,No,No internet service,No internet service,Yes,No internet service,Yes,No internet service,one year,No,bank_transfer,11.5,701.77,No
CUST-02725,Female,0,No,No,34,Yes,Yes,DSL,No,No internet service,Yes,No,No internet service,No,month-to-month,Yes,credit_card,31.56,1073.09,No
CUST-02726,Male,0,No,No,29,Yes,Yes,No,No,Yes,Yes,Yes,No internet service,No,one year,Yes,credit_card,6.6,191.44,No
CUST-02727,Female,0,Yes,No,2,Yes,Yes,Fiber optic,Yes,No internet service,No internet service,No,No,Yes,two year,No,bank_transfer,118.11,236.21,No
CUST-02728,Male,0,Yes,No,50,Yes,No,Fiber optic,No,No,No internet service,No,No internet service,Yes,month-to-month,Yes,mailed_check,93.51,4675.48,No
CUST-02729,Female,1,No,No,50,Yes,No,No,No,No,Yes,No,Yes,No,one year,No,credit_card,7.79,389.36,No
CUST-02730,Female,1,No,Yes,9,Yes,No,DSL,No,No,No internet service,No,No,No internet service,month-to-month,Yes,bank_transfer,60.6,545.41,No
CUST-02731,Male,0,No,Yes,8,Yes,Yes,DSL,Yes,No,Yes,No internet service,No internet service,No,month-to-month,No,mailed_check,49.05,392.42,No
CUST-02732,Male,0,Yes,Yes,25,Yes,No,DSL,No internet service,No,No internet service,No,No internet service,No internet service,one year,Yes,mailed_check,56.73,1418.35,No
CUST-02733,Female,0,No,Yes,38,Yes,No,DSL,No internet service,No,No,No internet service,No internet service,No,month-to-month,Yes,bank_transfer,68.92,2618.85,No
CUST-02734,Female,1,No,Yes,61,Yes,No,Fiber optic,Yes,Yes,No internet service,Yes,No,No internet service,month-to-month,Yes,credit_card,105.03,6406.85,No
CUST-02735,Male,0,Yes,No,58,Yes,No,Fiber optic,No,Yes,No internet service,No,Yes,No,month-to-month,Yes,credit_card,119.51,6931.73,No
CUST-02736,Female,0,Yes,No,69,Yes,No,No,No,No,Yes,No internet service,No internet service,No internet service,one year,Yes,bank_transfer,19.39,1337.64,No
CUST-02737,Female,0,Yes,No,9,Yes,Yes,DSL,Yes,No,Yes,No,No internet service,No internet service,one year,Yes,electronic_check,50.25,452.24,No
CUST-02738,Male,0,Yes,No,7,No,No phone service,Fiber optic,No internet service,Yes,Yes,No,No,No internet service,one year,No,credit_card,89.13,623.93,No
CUST-02739,Female,0,No,No,46,Yes,Yes,Fiber optic,No internet service,No,No,No,No internet service,No internet service,month-to-month,Yes,bank_transfer,86.9,3997.4,No
CUST-02740,Male,0,Yes,Yes,69,Yes,Yes,Fiber optic,No internet service,No,No,No,No,No,month-to-month,Yes,mailed_check,73.03,5039.23,No
CUST-02741,Female,0,Yes,No,68,Yes,No,Fiber optic,Yes,No,No,No,No,Yes,one year,Yes,bank_transfer,111.69,7595.11,No
CUST-02742,Male,1,Yes,No,68,Yes,Yes,DSL,No,No,Yes,No internet service,No,Yes,month-to-month,Yes,electronic_check,59.89,4072.71,No
CUST-02743,Female,0,Yes,No,28,Yes,Yes,DSL,No internet service,No,Yes,No,No,No,one year,Yes,mailed_check,67.01,1876.19,No
CUST-02744,Female,1,No,No,58,Yes,Yes,Fiber optic,No,Yes,No,No,No internet service,Yes,month-to-month,Yes,mailed_check,83.99,4871.21,No
CUST-02745,Male,0,No,No,32,Yes,Yes,Fiber optic,Yes,Yes,No,No,No internet service,No,one year,Yes,mailed_check,70.02,2240.72,No
CUST-02746,Male,1,Yes,No,24,Yes,No,Fiber optic,No,No internet service,Yes,No,No internet service,No,month-to-month,No,mailed_check,124.24,2981.84,No
CUST-02747,Female,0,No,No,44,No,No phone service,Fiber optic,No,Yes,No internet service,No internet service,No,No,one year,No,credit_card,73.6,3238.26,No
CUST-02748,Female,0,No,No,55,Yes,No,Fiber optic,No internet service,Yes,Yes,No,Yes,Yes,two year,Yes,bank_transfer,76.38,4201.07,No
CUST-02749,Female,1,No,No,65,Yes,No,Fiber optic,No internet service,No internet service,Yes,No,Yes,Yes,month-to-month,Yes,electronic_check,104.3,6779.81,No
CUST-02750,Female,0,No,No,57,Yes,No,No,No,No internet service,No,Yes,No,No,month-to-month,Yes,bank_transfer,1.31,74.71,No
CUST-02751,Male,0,Yes,No,48,No,No phone service,Fiber optic,No internet service,No internet service,No internet service,No,No,No internet service,one year,No,electronic_check,91.09,4372.29,No
CUST-02752,Male,0,No,Yes,56,Yes,Yes,DSL,No internet service,Yes,No internet service,Yes,No,No internet service,month-to-month,Yes,electronic_check,26.19,1466.59,No
CUST-02753,Male,0,Yes,No,40,Yes,No,DSL,No,No,No internet service,No internet service,Yes,No,one year,No,bank_transfer,64.01,2560.6,No
CUST-02754,Female,0,Yes,No,55,Yes,No,No,Yes,No internet service,No,No internet service,No,No,month-to-month,Yes,bank_transfer,6.28,345.25,No
CUST-02755,Female,0,No,Yes,18,No,No phone service,Fiber optic,No,Yes,No,No,No internet service,Yes,month-to-month,Yes,mailed_check,60.22,1083.9,No
CUST-02756,Female,0,No,Yes,28,Yes,No,No,Yes,No internet service,Yes,Yes,No internet service,Yes,two year,No,credit_card,20.53,574.95,No
CUST-02757,Female,1,Yes,No,9,Yes,No,DSL,No,No,No internet service,No,No internet service,Yes,month-to-month,Yes,mailed_check,53.31,479.83,No
CUST-02758,Male,0,No,No,21,Yes,Yes,DSL,No,No internet service,Yes,No,No internet service,No,month-to-month,Yes,bank_transfer,55.84,1172.55,No
CUST-02759,Female,1,No,No,14,Yes,Yes,Fiber optic,Yes,No internet service,Yes,No internet service,No,Yes,one year,Yes,credit_card,106.13,1485.83,No
CUST-02760,Female,0,No,No,26,Yes,No,Fiber optic,Yes,No internet service,Yes,Yes,Yes,No,one year,No,bank_transfer,88.51,2301.27,No
CUST-02761,Male,0,Yes,No,7,Yes,No,Fiber optic,No internet service,No,Yes,No,No internet service,Yes,month-to-month,Yes,electronic_check,97.99,685.9,Yes
CUST-02762,Male,1,No,Yes,18,Yes,Yes,Fiber optic,No,No,No internet service,No,No,Yes,one year,Yes,mailed_check,82.32,1481.67,No
CUST-02763,Male,1,No,No,8,Yes,No,Fiber optic,No,Yes,No internet service,Yes,No,No,month-to-month,No,bank_transfer,110.62,884.92,No
CUST-02764,Male,1,No,Yes,35,Yes,No,DSL,No,No,No,No internet service,No,Yes,month-to-month,Yes,electronic_check,54.98,1924.41,No
CUST-02765,Female,0,Yes,No,11,Yes,No,DSL,No,Yes,No internet service,No,Yes,Yes,month-to-month,Yes,credit_card,49.84,548.23,No
CUST-02766,Female,1,Yes,Yes,58,Yes,Yes,DSL,No internet service,Yes,Yes,Yes,No internet service,No,month-to-month,No,bank_transfer,54.7,3172.71,No
CUST-02767,Male,1,No,Yes,0,Yes,No,Fiber optic,No,Yes,No,No,No internet service,No internet service,two year,No,credit_card,93.0,93.0,No
CUST-02768,Female,1,No,No,10,Yes,No,DSL,No,No,No,No,No internet service,No internet service,month-to-month,Yes,electronic_check,65.73,657.27,Yes
CUST-02769,Male,1,Yes,No,12,Yes,No,DSL,No,No,No,No,No internet service,Yes,month-to-month,No,bank_transfer,53.05,636.54,No
CUST-02770,Male,0,No,No,8,Yes,No,DSL,No internet service,Yes,Yes,No,Yes,No internet service,month-to-month,Yes,bank_transfer,43.36,346.86,No
CUST-02771,Male,0,Yes,No,29,Yes,Yes,DSL,No internet service,No internet service,No,No internet service,No,No internet service,two year,No,mailed_check,38.53,1117.28,No
CUST-02772,Female,0,No,No,6,Yes,Yes,DSL,No,No,No,Yes,Yes,No,one year,No,credit_card,67.9,407.42,No
CUST-02773,Male,0,Yes,Yes,23,Yes,No,Fiber optic,No,No internet service,No internet service,No,No internet service,No,one year,No,electronic_check,94.48,2172.98,No
CUST-02774,Female,1,No,No,3,Yes,No,DSL,No,No,No,No,No internet service,No,month-to-month,Yes,bank_transfer,55.71,167.14,No
CUST-02775,Female,1,Yes,Yes,35,Yes,Yes,Fiber optic,Yes,No,No internet service,No,No internet service,No,one year,Yes,credit_card,87.51,3062.69,No
CUST-02776,Female,1,No,No,4,Yes,Yes,Fiber optic,No internet service,No internet service,No,No,No,No,month-to-month,No,bank_transfer,68.72,274.88,Yes
CUST-02777,Female,0,Yes,No,14,Yes,Yes,No,No,No internet service,No,No,No,Yes,month-to-month,Yes,credit_card,4.43,61.98,No
CUST-02778,Female,0,Yes,Yes,23,Yes,No,Fiber optic,No internet service,Yes,Yes,Yes,Yes,Yes,month-to-month,Yes,mailed_check,99.78,2294.89,No
CUST-02779,Male,0,Yes,No,56,Yes,No,DSL,No internet service,Yes,No,No,Yes,No internet service,two year,Yes,mailed_check,75.27,4215.09,No
CUST-02780,Male,1,Yes,No,43,Yes,No,Fiber optic,Yes,No,Yes,No,No,Yes,month-to-month,No,electronic_check,107.59,4626.47,Yes
CUST-02781,Female,0,Yes,No,4,Yes,No,No,Yes,No internet service,Yes,Yes,No internet service,No,month-to-month,Yes,mailed_check,38.88,155.51,Yes
CUST-02782,Male,1,No,No,66,Yes,Yes,Fiber optic,Yes,Yes,No,No internet service,Yes,No,one year,Yes,electronic_check,97.49,6434.21,No
CUST-02783,Female,1,No,No,68,Yes,No,Fiber optic,No internet service,No internet service,No internet service,Yes,No,No,one year,No,electronic_check,114.58,7791.26,No
CUST-02784,Female,1,Yes,No,30,Yes,No,DSL,Yes,Yes,No,No,No,Yes,two year,Yes,electronic_check,85.68,2570.36,No
CUST-02785,Male,0,No,No,26,Yes,Yes,Fiber optic,Yes,No,No internet service,No,No internet service,No,month-to-month,No,mailed_check,67.79,1762.56,No
CUST-02786,Male,0,No,No,31,Yes,Yes,DSL,No internet service,No,No internet service,No,Yes,No,one year,No,mailed_check,83.58,2591.07,No
CUST-02787,Female,0,Yes,Yes,64,Yes,Yes,DSL,No,Yes,No,No internet service,Yes,No internet service,month-to-month,Yes,bank_transfer,55.51,3552.38,No
CUST-02788,Male,1,No,Yes,61,Yes,No,Fiber optic,No,Yes,Yes,No,No internet service,No,month-to-month,No,electronic_check,95.68,5836.51,No
CUST-02789,Male,0,No,Yes,43,Yes,No,Fiber optic,No,No internet service,No,No,No internet service,No internet service,month-to-month,Yes,mailed_check,113.64,4886.68,No
CUST-02790,Male,1,Yes,No,55,Yes,Yes,No,No,Yes,Yes,No,No,No internet service,month-to-month,No,bank_transfer,1.93,106.33,No
CUST-02791,Female,0,No,No,72,Yes,No,Fiber optic,No internet service,Yes,No internet service,No internet service,No internet service,No internet service,one year,No,electronic_check,116.96,8421.31,No
CUST-02792,Female,1,No,Yes,14,Yes,No,Fiber optic,No internet service,No,No,No,No internet service,No internet service,month-to-month,No,electronic_check,87.15,1220.09,No
CUST-02793,Male,1,Yes,No,54,Yes,Yes,No,No,No internet service,Yes,No internet service,Yes,No internet service,month-to-month,Yes,mailed_check,13.98,754.84,No
CUST-02794,Female,0,Yes,Yes,62,Yes,No,DSL,Yes,No,No internet service,No internet service,No internet service,No,two year,No,bank_transfer,59.93,3715.59,No
CUST-02795,Male,1,No,No,69,Yes,No,DSL,No internet service,No internet service,Yes,No,No,No,month-to-month,No,credit_card,58.58,4042.07,No
CUST-02796,Female,1,Yes,Yes,65,Yes,Yes,DSL,No internet service,Yes,No,Yes,No internet service,Yes,month-to-month,Yes,electronic_check,52.66,3422.73,No
CUST-02797,Male,1,No,No,3,No,No phone service,Fiber optic,No,Yes,Yes,No internet service,No internet service,Yes,month-to-month,No,credit_card,64.22,192.65,No
CUST-02798,Female,0,Yes,Yes,58,Yes,Yes,DSL,Yes,No,Yes,No,No,No internet service,month-to-month,Yes,credit_card,68.8,3990.56,No
CUST-02799,Male,0,No,Yes,26,Yes,Yes,DSL,Yes,No internet service,No internet service,No internet service,Yes,No,two year,Yes,mailed_check,47.59,1237.39,No
CUST-02800,Male,1,Yes,No,29,Yes,No,DSL,No internet service,No internet service,No,No,No,No internet service,one year,Yes,bank_transfer,60.18,1745.08,No
CUST-02801,Male,0,Yes,No,64,No,No phone service,Fiber optic,No internet service,No,Yes,No,No,No internet service,month-to-month,Yes,mailed_check,104.58,6693.0,No
CUST-02802,Female,0,Yes,No,12,Yes,Yes,DSL,No,No internet service,Yes,No internet service,No,No,one year,No,mailed_check,63.86,766.32,No
CUST-02803,Male,0,No,No,4,No,No phone service,Fiber optic,No,Yes,No,No,Yes,Yes,two year,No,electronic_check,116.87,467.5,No
CUST-02804,Female,0,No,No,21,Yes,Yes,DSL,No,No internet service,No internet service,No internet service,No internet service,No internet service,month-to-month,Yes,bank_transfer,53.09,1114.98,No
CUST-02805,Female,0,Yes,No,2,Yes,Yes,DSL,No internet service,Yes,No,No,No,No internet service,month-to-month,No,mailed_check,81.25,162.51,Yes
CUST-02806,Female,1,Yes,No,71,Yes,No,DSL,No internet service,No internet service,No,No,No,Yes,two year,Yes,electronic_check,83.75,5946.06,Yes
CUST-02807,Male,1,No,No,43,Yes,Yes,DSL,No,No,Yes,No,Yes,No,month-to-month,Yes,mailed_check,55.67,2393.7,No
CUST-02808,Female,1,Yes,No,9,Yes,No,Fiber optic,No internet service,Yes,No,No,Yes,No,one year,No,electronic_check,106.59,959.34,No
CUST-02809,Female,1,No,No,65,Yes,No,DSL,Yes,Yes,No internet service,No,No internet service,Yes,one year,No,mailed_check,41.97,2728.09,No
CUST-02810,Male,0,No,Yes,5,Yes,No,Fiber optic,No internet service,No internet service,No internet service,Yes,No,No internet service,month-to-month,No,electronic_check,66.34,331.71,Yes
CUST-02811,Female,0,No,No,34,Yes,Yes,DSL,Yes,Yes,Yes,Yes,No,No,two year,Yes,bank_transfer,57.07,1940.4,Yes
CUST-02812,Female,1,Yes,No,63,Yes,No,Fiber optic,Yes,No internet service,No internet service,No internet service,Yes,No internet service,one year,Yes,electronic_check,129.64,8167.16,No
CUST-02813,Male,0,Yes,No,40,Yes,No,Fiber optic,Yes,No,Yes,No,No,No,two year,Yes,electronic_check,114.21,4568.25,No
CUST-02814,Male,0,No,No,39,Yes,No,Fiber optic,No,Yes,No internet service,No internet service,Yes,No internet service,month-to-month,Yes,bank_transfer,139.81,5452.7,No
CUST-02815,Female,0,Yes,Yes,68,Yes,Yes,DSL,Yes,No internet service,No,No internet service,No,Yes,month-to-month,Yes,credit_card,52.72,3584.7,No
CUST-02816,Male,0,No,Yes,22,Yes,Yes,Fiber optic,No,No,No,No internet service,No,No internet service,month-to-month,Yes,mailed_check,93.23,2051.02,Yes
CUST-02817,Male,1,Yes,Yes,20,Yes,No,DSL,No,Yes,No,Yes,No,Yes,one year,No,electronic_check,34.89,697.82,No
CUST-02818,Female,0,No,No,72,Yes,No,DSL,No,No,No,No,No,Yes,month-to-month,No,bank_transfer,84.25,6066.04,No
CUST-02819,Female,1,No,No,20,Yes,No,No,Yes,No internet service,Yes,No internet service,No internet service,Yes,month-to-month,Yes,electronic_check,24.76,495.17,No
CUST-02820,Female,1,No,No,62,Yes,No,Fiber optic,No internet service,No,Yes,No,No,No internet service,one year,Yes,credit_card,118.63,7355.08,No
CUST-02821,Female,0,No,No,39,Yes,Yes,DSL,No,No internet service,No,Yes,No,No,month-to-month,No,mailed_check,55.29,2156.24,No
CUST-02822,Male,0,No,No,63,Yes,No,No,Yes,No,Yes,No,No internet service,Yes,two year,Yes,bank_transfer,45.02,2836.34,No
CUST-02823,Male,1,No,No,47,Yes,Yes,DSL,No internet service,No internet service,No,No internet service,No internet service,No,month-to-month,Yes,mailed_check,66.42,3121.64,No
CUST-02824,Male,1,Yes,No,34,No,No phone service,Fiber optic,Yes,Yes,No,No,No internet service,Yes,one year,No,mailed_check,97.87,3327.51,No
CUST-02825,Male,1,No,Yes,60,Yes,No,Fiber optic,Yes,No,No internet service,No,Yes,No internet service,two year,Yes,bank_transfer,125.26,7515.49,No
CUST-02826,Male,0,Yes,Yes,49,Yes,Yes,Fiber optic,Yes,Yes,No,No,Yes,No internet service,two year,Yes,credit_card,115.18,5644.04,No
CUST-02827,Female,0,No,Yes,44,Yes,Yes,DSL,No,No internet service,Yes,No,No,No internet service,month-to-month,No,electronic_check,66.69,2934.19,No
CUST-02828,Female,0,Yes,No,11,Yes,No,Fiber optic,Yes,No internet service,No,No,No internet service,Yes,month-to-month,No,electronic_check,96.81,1064.88,Yes
CUST-02829,Female,1,No,No,62,Yes,Yes,DSL,No,No internet service,No,No,Yes,No,month-to-month,Yes,electronic_check,80.47,4988.97,No
CUST-02830,Female,1,Yes,Yes,19,Yes,No,DSL,No internet service,No internet service,Yes,No,Yes,No internet service,one year,Yes,credit_card,69.96,1329.33,No
CUST-02831,Female,0,Yes,No,26,Yes,Yes,Fiber optic,No,No,No internet service,No internet service,No internet service,Yes,one year,Yes,mailed_check,84.19,2189.03,No
CUST-02832,Female,0,Yes,No,42,Yes,Yes,Fiber optic,No internet service,No internet service,No,No,No internet service,No internet service,one year,Yes,bank_transfer,113.67,4774.28,No
CUST-02833,Male,1,Yes,No,27,No,No phone service,No,No,No,No,No,Yes,No internet service,month-to-month,No,credit_card,33.12,894.18,No
CUST-02834,Male,1,No,No,48,Yes,No,Fiber optic,No,No internet service,No,Yes,No internet service,Yes,month-to-month,Yes,electronic_check,108.99,5231.66,No
CUST-02835,Male,1,Yes,No,28,Yes,No,Fiber optic,Yes,No,Yes,No internet service,No,No internet service,month-to-month,No,credit_card,87.52,2450.63,No
CUST-02836,Female,1,Yes,No,72,Yes,No,DSL,No,Yes,No,No,No internet service,No,month-to-month,Yes,bank_transfer,73.58,5297.86,No
CUST-02837,Male,1,No,Yes,68,Yes,No,DSL,No,No internet service,No,Yes,Yes,No internet service,two year,Yes,credit_card,84.39,5738.3,No
CUST-02838,Male,1,No,Yes,15,Yes,Yes,DSL,No,No internet service,Yes,No internet service,No,No,month-to-month,Yes,credit_card,72.68,1090.27,No
CUST-02839,Female,0,Yes,No,57,Yes,Yes,Fiber optic,No internet service,Yes,No internet service,Yes,No internet service,Yes,month-to-month,Yes,bank_transfer,75.55,4306.46,No
CUST-02840,Female,1,No,No,0,Yes,Yes,DSL,No,No,No,Yes,Yes,No internet service,one year,No,mailed_check,63.31,63.31,No
CUST-02841,Female,1,No,Yes,64,Yes,No,DSL,No,No internet service,No,No,No,No,month-to-month,No,electronic_check,59.94,3836.12,No
CUST-02842,Female,0,No,No,47,Yes,Yes,Fiber optic,Yes,Yes,Yes,No,Yes,Yes,two year,Yes,electronic_check,126.48,5944.5,No
CUST-02843,Male,1,No,No,72,Yes,Yes,No,No internet service,No,No internet service,No,Yes,Yes,one year,Yes,electronic_check,22.85,1645.07,No
CUST-02844,Male,0,Yes,Yes,2,Yes,Yes,No,No,No,No,No internet service,Yes,No,two year,Yes,bank_transfer,38.62,77.24,No
CUST-02845,Female,1,Yes,Yes,70,Yes,Yes,DSL,No internet service,No,No internet service,No,Yes,No,month-to-month,Yes,mailed_check,63.89,4472.62,No
CUST-02846,Male,0,No,Yes,55,Yes,No,DSL,Yes,No internet service,No,Yes,No,Yes,two year,Yes,mailed_check,77.33,4253.2,No
CUST-02847,Female,0,No,No,52,Yes,No,DSL,No,No,Yes,No,No,Yes,month-to-month,No,credit_card,89.84,4671.76,No
CUST-02848,Female,1,Yes,No,48,Yes,Yes,Fiber optic,No,No,No internet service,No,No internet service,No,month-to-month,Yes,electronic_check,90.44,4341.14,No
CUST-02849,Male,0,No,Yes,37,Yes,Yes,Fiber optic,No internet service,No,No internet service,No,No internet service,No,month-to-month,No,bank_transfer,102.97,3809.78,No
CUST-02850,Male,1,No,Yes,33,Yes,Yes,DSL,No,No,No internet service,No internet service,No,No,month-to-month,No,electronic_check,27.1,894.18,No
CUST-02851,Male,1,Yes,Yes,24,No,No phone service,Fiber optic,Yes,No,No internet service,No,No internet service,Yes,one year,Yes,mailed_check,131.06,3145.34,No
CUST-02852,Male,1,Yes,No,51,Yes,No,No,No internet service,Yes,No internet service,No internet service,Yes,Yes,month-to-month,No,mailed_check,1.63,83.25,No
CUST-02853,Female,0,Yes,Yes,53,Yes,No,Fiber optic,No internet service,Yes,No,No,No internet service,Yes,one year,No,electronic_check,107.34,5689.16,No
CUST-02854,Male,1,No,Yes,61,Yes,Yes,DSL,Yes,Yes,No internet service,No,No internet service,Yes,month-to-month,No,bank_transfer,72.53,4424.57,No
CUST-02855,Male,0,No,Yes,21,Yes,No,No,Yes,Yes,No,Yes,No internet service,No,one year,Yes,mailed_check,28.81,604.99,No
CUST-02856,Male,1,No,Yes,70,Yes,No,Fiber optic,Yes,No,No internet service,No internet service,Yes,No internet service,month-to-month,Yes,electronic_check,123.44,8640.9,No
CUST-02857,Male,0,Yes,No,33,Yes,Yes,Fiber optic,Yes,No,No,No,No internet service,Yes,month-to-month,No,bank_transfer,126.57,4176.74,Yes
CUST-02858,Male,1,No,No,7,Yes,Yes,No,No internet service,Yes,Yes,No,No,No internet service,month-to-month,No,bank_transfer,1.38,9.63,No
CUST-02859,Male,1,Yes,No,37,Yes,No,Fiber optic,Yes,No,Yes,No internet service,No,No,one year,No,bank_transfer,94.5,3496.53,No
CUST-02860,Male,1,Yes,No,6,No,No phone service,Fiber optic,No internet service,No,No internet service,Yes,No,Yes,one year,Yes,electronic_check,66.31,397.88,No
CUST-02861,Female,1,No,Yes,34,Yes,No,Fiber optic,No internet service,No,Yes,Yes,No internet service,Yes,month-to-month,Yes,electronic_check,132.65,4510.24,No
CUST-02862,Male,1,Yes,No,22,Yes,No,No,No,Yes,No internet service,No internet service,No,No internet service,month-to-month,No,mailed_check,27.03,594.76,Yes
CUST-02863,Male,0,No,Yes,44,Yes,Yes,Fiber optic,No internet service,No,No internet service,No internet service,No,No,month-to-month,No,mailed_check,102.04,4489.6,No
CUST-02864,Female,1,No,No,11,Yes,No,Fiber optic,Yes,Yes,Yes,No internet service,Yes,No,one year,No,electronic_check,117.2,1289.16,No
CUST-02865,Female,1,Yes,Yes,60,Yes,No,Fiber optic,Yes,No internet service,No,No,No,No internet service,one year,Yes,bank_transfer,78.18,4690.79,No
CUST-02866,Male,0,Yes,No,47,Yes,Yes,Fiber optic,No internet service,No,No internet service,No internet service,No,No internet service,month-to-month,Yes,credit_card,74.48,3500.73,No
CUST-02867,Male,0,No,No,5,No,No phone service,Fiber optic,No internet service,No,Yes,No internet service,No,No,month-to-month,Yes,mailed_check,99.35,496.73,No
CUST-02868,Female,0,No,Yes,37,Yes,No,Fiber optic,Yes,Yes,No internet service,No internet service,Yes,No,one year,No,mailed_check,112.47,4161.53,No
CUST-02869,Male,1,No,No,10,Yes,No,Fiber optic,No,Yes,No internet service,No internet service,Yes,Yes,one year,No,credit_card,68.59,685.87,No
CUST-02870,Female,0,No,No,0,Yes,No,Fiber optic,No internet service,No,Yes,No internet service,Yes,No,month-to-month,Yes,electronic_check,87.74,87.74,Yes
CUST-02871,Male,1,No,No,44,Yes,No,DSL,Yes,No internet service,No internet service,Yes,No,Yes,month-to-month,Yes,electronic_check,46.47,2044.6,No
CUST-02872,Female,1,Yes,No,51,Yes,Yes,No,Yes,Yes,Yes,No internet service,Yes,No,month-to-month,Yes,credit_card,37.21,1897.71,No
CUST-02873,Male,0,Yes,Yes,25,Yes,No,DSL,No internet service,Yes,No,No,Yes,No,two year,Yes,electronic_check,62.22,1555.53,No
CUST-02874,Female,0,Yes,No,34,Yes,No,Fiber optic,Yes,Yes,Yes,No,Yes,No internet service,month-to-month,No,bank_transfer,109.33,3717.23,No
CUST-02875,Female,0,Yes,No,52,Yes,No,No,No,No,No,No,No,No,two year,No,bank_transfer,29.64,1541.37,No
CUST-02876,Male,0,Yes,No,42,Yes,No,DSL,Yes,Yes,No,No,No internet service,Yes,two year,No,electronic_check,58.7,2465.37,No
CUST-02877,Female,0,No,No,57,Yes,No,DSL,Yes,No internet service,Yes,No,No,No,one year,Yes,electronic_check,47.98,2734.73,No
CUST-02878,Female,0,Yes,Yes,52,No,No phone service,Fiber optic,No internet service,No,No internet service,No,No,No internet service,two year,Yes,electronic_check,93.87,4880.99,No
CUST-02879,Male,1,No,No,39,Yes,No,Fiber optic,No,No,Yes,No,No internet service,No,one year,Yes,mailed_check,124.88,4870.28,No
CUST-02880,Female,1,Yes,Yes,2,Yes,No,DSL,Yes,No internet service,Yes,Yes,No internet service,Yes,month-to-month,Yes,electronic_check,46.01,92.01,Yes
CUST-02881,Male,1,Yes,Yes,23,Yes,Yes,No,No,No internet service,No internet service,Yes,No,Yes,month-to-month,Yes,credit_card,14.43,331.89,No
CUST-02882,Male,0,No,Yes,42,Yes,No,DSL,No,No internet service,Yes,No,No internet service,No,month-to-month,Yes,bank_transfer,75.05,3152.21,No
CUST-02883,Female,0,No,No,36,No,No phone service,No,No,No,No internet service,Yes,No,Yes,one year,Yes,credit_card,34.61,1246.13,No
CUST-02884,Female,1,No,No,46,Yes,Yes,No,No internet service,No,No,No,No internet service,No internet service,month-to-month,Yes,mailed_check,2.6,119.81,No
CUST-02885,Female,0,Yes,Yes,49,Yes,No,Fiber optic,No,No internet service,Yes,No internet service,Yes,No,one year,No,bank_transfer,76.71,3758.62,No
CUST-02886,Male,0,Yes,No,62,Yes,No,Fiber optic,No internet service,No,No internet service,Yes,No,Yes,month-to-month,No,mailed_check,97.45,6041.85,No
CUST-02887,Female,0,No,Yes,16,Yes,No,DSL,No internet service,Yes,No,No internet service,Yes,Yes,two year,No,mailed_check,86.33,1381.24,No
CUST-02888,Male,0,No,No,63,No,No phone service,DSL,No,Yes,No,No internet service,No,No,month-to-month,No,bank_transfer,38.71,2438.99,No
CUST-02889,Female,0,Yes,No,29,No,No phone service,Fiber optic,Yes,No internet service,No internet service,No,Yes,Yes,month-to-month,Yes,electronic_check,69.57,2017.55,No
CUST-02890,Female,1,Yes,No,62,Yes,Yes,No,No internet service,Yes,No,Yes,Yes,No,month-to-month,Yes,electronic_check,15.45,958.08,No
CUST-02891,Female,0,No,No,26,Yes,Yes,DSL,No internet service,No internet service,No,No,Yes,No internet service,month-to-month,Yes,bank_transfer,23.17,602.38,No
CUST-02892,Male,0,No,No,31,Yes,No,Fiber optic,No internet service,No,Yes,Yes,No internet service,No internet service,two year,No,mailed_check,106.13,3289.9,No
CUST-02893,Female,0,Yes,Yes,41,Yes,Yes,Fiber optic,Yes,No,Yes,No internet service,No,No,one year,Yes,bank_transfer,80.18,3287.27,No
CUST-02894,Female,0,No,No,39,Yes,No,Fiber optic,Yes,No internet service,No,No,Yes,Yes,one year,Yes,bank_transfer,82.68,3224.33,No
CUST-02895,Male,1,Yes,No,1,Yes,No,No,No internet service,No,No,No,Yes,No internet service,month-to-month,No,electronic_check,36.81,36.81,Yes
CUST-02896,Female,0,Yes,No,51,Yes,No,DSL,No internet service,No,No,No,Yes,No internet service,month-to-month,Yes,electronic_check,45.56,2323.33,No
CUST-02897,Male,1,No,No,5,Yes,Yes,DSL,Yes,No internet service,Yes,No internet service,No internet service,No internet service,two year,Yes,mailed_check,44.99,224.97,No
CUST-02898,Female,0,No,No,21,Yes,Yes,DSL,No,No internet service,No internet service,Yes,Yes,No internet service,month-to-month,No,mailed_check,50.86,1068.13,Yes
CUST-02899,Female,0,No,Yes,17,Yes,Yes,DSL,Yes,No internet service,Yes,No,No,No,two year,No,credit_card,105.39,1791.58,No
CUST-02900,Female,1,No,No,18,Yes,Yes,No,No internet service,Yes,No,No,No internet service,No internet service,month-to-month,Yes,bank_transfer,0.42,7.49,No
CUST-02901,Female,0,Yes,Yes,66,Yes,No,Fiber optic,No,No,Yes,Yes,No,No,one year,Yes,mailed_check,98.8,6520.67,No
CUST-02902,Female,1,No,No,47,Yes,Yes,Fiber optic,No,No,Yes,Yes,No,No,month-to-month,Yes,bank_transfer,112.78,5300.55,No
CUST-02903,Female,1,No,Yes,5,Yes,Yes,Fiber optic,No internet service,Yes,No,No internet service,No,Yes,month-to-month,No,credit_card,97.99,489.95,No
CUST-02904,Male,0,Yes,Yes,26,Yes,Yes,DSL,No,No internet service,No internet service,No,No internet service,No internet service,two year,No,credit_card,67.99,1767.74,No
CUST-02905,Male,1,No,No,16,Yes,Yes,No,No internet service,No,Yes,No,No internet service,No,one year,No,bank_transfer,17.88,286.07,No
CUST-02906,Male,0,No,No,5,No,No phone service,Fiber optic,Yes,No,No,No,Yes,No internet service,one year,No,mailed_check,114.11,570.53,Yes
CUST-02907,Female,0,Yes,Yes,25,Yes,Yes,Fiber optic,Yes,No internet service,Yes,No,No internet service,No internet service,one year,No,credit_card,84.47,2111.64,No
CUST-02908,Male,0,No,No,45,Yes,Yes,DSL,Yes,No,No,Yes,Yes,No,month-to-month,Yes,electronic_check,51.84,2332.89,No
CUST-02909,Female,1,No,No,60,Yes,Yes,No,Yes,No,Yes,No,No internet service,Yes,one year,No,bank_transfer,11.99,719.31,No
CUST-02910,Male,0,Yes,No,65,Yes,No,No,No internet service,Yes,No,No,No internet service,Yes,two year,Yes,mailed_check,38.47,2500.63,No
CUST-02911,Female,1,Yes,No,30,Yes,Yes,DSL,No,No internet service,No,Yes,Yes,No,month-to-month,No,credit_card,27.35,820.47,No
CUST-02912,Female,0,Yes,No,0,Yes,No,DSL,No,No internet service,No,No internet service,No,No,one year,No,credit_card,79.22,79.22,No
CUST-02913,Male,1,No,Yes,48,Yes,No,DSL,No,No internet service,No internet service,No,No,No internet service,month-to-month,Yes,electronic_check,66.51,3192.54,No
CUST-02914,Female,0,Yes,No,16,Yes,No,DSL,Yes,Yes,Yes,No internet service,Yes,No internet service,one year,No,mailed_check,72.31,1156.96,No
CUST-02915,Male,1,No,Yes,40,Yes,Yes,Fiber optic,No,No,No,Yes,No,No,one year,Yes,electronic_check,90.11,3604.32,No
CUST-02916,Male,1,No,No,71,Yes,Yes,Fiber optic,No,Yes,Yes,No internet service,No,No,month-to-month,No,mailed_check,70.36,4995.91,No
CUST-02917,Male,0,No,Yes,4,Yes,No,DSL,Yes,No,Yes,No,No,Yes,month-to-month,No,credit_card,72.17,288.67,Yes
CUST-02918,Male,0,No,Yes,9,Yes,Yes,DSL,Yes,No,No,No,Yes,No internet service,two year,No,credit_card,72.16,649.48,No
CUST-02919,Male,1,Yes,No,18,Yes,Yes,Fiber optic,No,Yes,Yes,No,No internet service,No,month-to-month,Yes,bank_transfer,118.15,2126.7,No
CUST-02920,Female,0,Yes,Yes,27,Yes,Yes,DSL,Yes,No,Yes,No,No,No internet service,month-to-month,No,credit_card,50.36,1359.61,No
CUST-02921,Female,0,Yes,No,31,Yes,Yes,Fiber optic,No,Yes,No,Yes,No,No internet service,month-to-month,No,mailed_check,96.89,3003.53,No
CUST-02922,Female,1,No,Yes,1,Yes,No,Fiber optic,Yes,No internet service,No internet service,No,Yes,Yes,month-to-month,No,mailed_check,51.56,51.56,No
CUST-02923,Male,1,Yes,No,69,No,No phone service,No,Yes,No,Yes,No,No,No internet service,month-to-month,Yes,mailed_check,19.99,1379.47,No
CUST-02924,Male,0,No,No,9,Yes,No,Fiber optic,No,No internet service,Yes,No,Yes,No internet service,two year,No,bank_transfer,80.5,724.5,No
CUST-02925,Male,1,No,No,58,Yes,Yes,Fiber optic,No,No internet service,No internet service,Yes,No,Yes,month-to-month,Yes,credit_card,138.34,8023.94,No
CUST-02926,Female,0,No,No,0,Yes,No,Fiber optic,Yes,No internet service,No,No internet service,No,No internet service,one year,No,bank_transfer,84.49,84.49,Yes
CUST-02927,Male,0,Yes,No,31,Yes,Yes,DSL,No,No internet service,No internet service,No,Yes,Yes,one year,Yes,electronic_check,49.83,1544.71,No
CUST-02928,Female,1,Yes,No,8,Yes,No,DSL,No,No,Yes,Yes,No internet service,Yes,month-to-month,Yes,bank_transfer,44.79,358.33,No
CUST-02929,Male,0,Yes,Yes,10,Yes,Yes,No,No internet service,No,Yes,No,No,No,month-to-month,No,electronic_check,5.11,51.09,No
CUST-02930,Male,0,Yes,No,19,Yes,Yes,DSL,No,No internet service,No,No internet service,No internet service,No internet service,month-to-month,Yes,electronic_check,51.73,982.78,No
CUST-02931,Female,1,No,No,5,Yes,No,DSL,No,No internet service,No,No,No internet service,No,two year,No,credit_card,70.37,351.85,No
CUST-02932,Female,1,No,No,37,Yes,Yes,DSL,No internet service,No,Yes,No,No internet service,No,one year,No,electronic_check,47.96,1774.46,No
CUST-02933,Male,1,Yes,No,13,No,No phone service,DSL,No internet service,No,No internet service,No,No,No,month-to-month,No,bank_transfer,70.34,914.48,No
CUST-02934,Female,0,No,No,37,Yes,No,Fiber optic,Yes,No internet service,Yes,Yes,No internet service,No internet service,month-to-month,Yes,mailed_check,73.77,2729.5,No
CUST-02935,Male,0,No,No,22,Yes,No,Fiber optic,Yes,No,No internet service,No internet service,No,Yes,month-to-month,Yes,electronic_check,90.15,1983.2,Yes
CUST-02936,Female,0,Yes,No,18,Yes,No,Fiber optic,No internet service,No,No,No internet service,No,No,one year,Yes,mailed_check,116.78,2101.96,No
CUST-02937,Female,0,Yes,No,31,Yes,No,Fiber optic,No internet service,Yes,No internet service,No,No internet service,No,month-to-month,No,electronic_check,83.14,2577.44,No
CUST-02938,Female,1,Yes,No,21,Yes,No,DSL,No,No,No internet service,Yes,No,No internet service,two year,No,mailed_check,93.26,1958.5,No
CUST-02939,Female,1,Yes,No,66,Yes,No,DSL,No,No,No internet service,No internet service,No internet service,No internet service,month-to-month,Yes,bank_transfer,58.67,3872.24,No
CUST-02940,Female,1,No,Yes,30,No,No phone service,Fiber optic,No internet service,Yes,Yes,Yes,No,No internet service,one year,Yes,mailed_check,86.67,2600.21,No
CUST-02941,Male,0,No,No,33,Yes,No,Fiber optic,Yes,No,No,No,No,Yes,month-to-month,No,electronic_check,90.71,2993.36,Yes
CUST-02942,Male,0,Yes,No,0,Yes,No,No,Yes,Yes,Yes,No,No internet service,No,month-to-month,No,mailed_check,35.73,35.73,Yes
CUST-02943,Male,1,No,Yes,3,Yes,No,Fiber optic,No,Yes,No internet service,No,Yes,No internet service,two year,Yes,bank_transfer,84.29,252.86,Yes
CUST-02944,Female,0,Yes,No,61,Yes,Yes,Fiber optic,Yes,No,No,No,Yes,No,two year,Yes,mailed_check,142.34,8683.04,No
CUST-02945,Male,0,Yes,No,21,Yes,No,DSL,No,No internet service,No internet service,Yes,No internet service,No internet service,month-to-month,No,bank_transfer,89.2,1873.3,No
CUST-02946,Female,0,Yes,Yes,70,Yes,No,Fiber optic,No,No,No internet service,No,Yes,Yes,two year,No,bank_transfer,110.63,7744.36,No
CUST-02947,Male,0,No,No,8,Yes,No,DSL,No internet service,No,Yes,No,Yes,No internet service,month-to-month,Yes,credit_card,56.57,452.6,Yes
CUST-02948,Male,0,Yes,No,46,Yes,Yes,Fiber optic,No,No,No internet service,No,No,No,one year,Yes,credit_card,120.53,5544.39,No
CUST-02949,Male,0,No,No,62,Yes,No,No,No,No internet service,Yes,No,No,No,one year,Yes,mailed_check,28.52,1768.53,No
CUST-02950,Female,0,Yes,No,46,Yes,No,Fiber optic,No,Yes,Yes,No internet service,Yes,No,one year,Yes,electronic_check,108.6,4995.46,No
CUST-02951,Male,1,Yes,Yes,33,Yes,No,DSL,No internet service,Yes,Yes,No internet service,No,No internet service,one year,Yes,electronic_check,67.44,2225.65,No
CUST-02952,Male,0,No,No,56,Yes,Yes,DSL,Yes,Yes,No internet service,Yes,No internet service,Yes,month-to-month,No,electronic_check,58.42,3271.49,No
CUST-02953,Female,1,No,No,42,Yes,No,Fiber optic,No,No,Yes,No,Yes,No,one year,Yes,credit_card,109.61,4603.5,No
CUST-02954,Female,1,No,Yes,4,Yes,No,Fiber optic,No,No,Yes,No internet service,Yes,Yes,month-to-month,Yes,mailed_check,111.93,447.7,Yes
CUST-02955,Female,0,No,No,42,Yes,No,DSL,No internet service,No,No,No internet service,No,No,one year,Yes,credit_card,49.46,2077.47,No
CUST-02956,Female,1,No,No,7,Yes,No,DSL,No internet service,No internet service,No,No,No,Yes,two year,Yes,mailed_check,60.03,420.2,No
CUST-02957,Female,1,No,No,49,Yes,No,Fiber optic,No,Yes,Yes,Yes,No,Yes,month-to-month,Yes,bank_transfer,55.7,2729.06,No
CUST-02958,Male,0,Yes,Yes,17,Yes,Yes,Fiber optic,No internet service,No,No,Yes,Yes,Yes,month-to-month,No,credit_card,65.6,1115.21,No
CUST-02959,Female,1,No,No,13,Yes,No,DSL,No internet service,No,Yes,No internet service,Yes,Yes,one year,No,credit_card,38.13,495.66,No
CUST-02960,Female,1,No,No,50,Yes,No,Fiber optic,No internet service,Yes,No internet service,No,No internet service,Yes,month-to-month,No,credit_card,69.65,3482.29,No
CUST-02961,Female,0,Yes,Yes,27,Yes,No,Fiber optic,Yes,Yes,Yes,No,No internet service,No internet service,two year,No,electronic_check,94.25,2544.87,No
CUST-02962,Male,0,Yes,Yes,23,Yes,No,Fiber optic,No internet service,No,Yes,No,No,No,month-to-month,Yes,bank_transfer,90.0,2070.04,No
CUST-02963,Male,0,No,Yes,0,Yes,No,DSL,No,No,Yes,No internet service,No,No internet service,two year,Yes,mailed_check,56.84,56.84,No
CUST-02964,Male,0,No,Yes,51,Yes,Yes,DSL,No,No,No,Yes,No internet service,No,month-to-month,Yes,mailed_check,57.54,2934.39,No
CUST-02965,Male,1,No,No,45,Yes,Yes,Fiber optic,No,Yes,No internet service,Yes,No,No,month-to-month,Yes,bank_transfer,116.31,5233.93,No
CUST-02966,Female,1,Yes,No,63,Yes,Yes,Fiber optic,No internet service,No internet service,Yes,Yes,No internet service,No internet service,month-to-month,Yes,mailed_check,101.03,6364.91,No
CUST-02967,Female,1,Yes,No,17,Yes,Yes,Fiber optic,No,Yes,No,Yes,No,No internet service,two year,Yes,electronic_check,96.74,1644.59,No
CUST-02968,Female,1,No,Yes,60,Yes,Yes,Fiber optic,No,No,No,Yes,No,No internet service,one year,No,mailed_check,127.88,7672.88,No
CUST-02969,Male,0,Yes,Yes,5,Yes,No,DSL,No,Yes,No internet service,No,Yes,No internet service,month-to-month,Yes,electronic_check,70.22,351.1,Yes
CUST-02970,Female,1,Yes,No,36,Yes,Yes,DSL,No,No internet service,No internet service,Yes,No,Yes,two year,No,mailed_check,59.11,2128.13,No
CUST-02971,Female,1,No,No,16,Yes,No,No,No,Yes,Yes,Yes,Yes,Yes,month-to-month,No,mailed_check,16.7,267.28,Yes
CUST-02972,Female,1,No,No,51,Yes,No,No,No,No,No,No,Yes,No,month-to-month,No,bank_transfer,31.01,1581.46,No
CUST-02973,Male,1,No,No,46,Yes,No,No,No,No,No,No,No,No,month-to-month,Yes,credit_card,13.56,623.81,No
CUST-02974,Male,1,No,No,9,Yes,Yes,Fiber optic,Yes,No internet service,No,No internet service,No,No,month-to-month,No,credit_card,123.28,1109.51,Yes
CUST-02975,Female,0,Yes,No,15,Yes,No,Fiber optic,No internet service,No,No internet service,No internet service,No,No,two year,Yes,mailed_check,67.48,1012.27,No
CUST-02976,Female,0,No,Yes,48,Yes,Yes,DSL,No,No,Yes,No internet service,Yes,No internet service,two year,Yes,mailed_check,68.78,3301.34,No
CUST-02977,Female,0,No,No,53,Yes,No,Fiber optic,Yes,No,Yes,Yes,No,No,two year,No,credit_card,132.82,7039.7,No
CUST-02978,Male,0,Yes,No,30,Yes,Yes,Fiber optic,No,No,Yes,No,No,No internet service,two year,Yes,electronic_check,91.56,2746.93,No
CUST-02979,Male,1,Yes,No,45,No,No phone service,No,Yes,No,Yes,No,No internet service,Yes,month-to-month,Yes,credit_card,36.06,1622.92,No
CUST-02980,Female,1,No,Yes,66,Yes,No,DSL,No,No internet service,Yes,No,Yes,Yes,one year,Yes,electronic_check,44.75,2953.59,No
CUST-02981,Male,0,Yes,No,18,No,No phone service,DSL,No internet service,No internet service,Yes,No,No,No internet service,month-to-month,No,bank_transfer,52.14,938.56,No
CUST-02982,Male,1,Yes,No,65,Yes,No,Fiber optic,No,Yes,No internet service,No internet service,Yes,No internet service,month-to-month,Yes,mailed_check,110.53,7184.21,No
CUST-02983,Female,0,Yes,No,23,Yes,Yes,Fiber optic,No,No,No,No,No internet service,Yes,one year,Yes,bank_transfer,88.57,2037.16,No
CUST-02984,Female,0,No,Yes,31,Yes,Yes,DSL,No internet service,No internet service,No internet service,No internet service,Yes,No internet service,one year,Yes,mailed_check,67.14,2081.26,No
CUST-02985,Male,0,No,No,11,Yes,No,DSL,No internet service,Yes,Yes,Yes,No,No,one year,Yes,bank_transfer,60.82,668.99,No
CUST-02986,Female,1,No,Yes,13,Yes,No,Fiber optic,Yes,Yes,No internet service,No,No internet service,No internet service,two year,No,credit_card,123.76,1608.88,No
CUST-02987,Female,0,No,Yes,68,Yes,No,Fiber optic,No internet service,No internet service,No internet service,No internet service,Yes,No,month-to-month,No,mailed_check,80.78,5492.87,No
CUST-02988,Male,0,No,Yes,19,Yes,No,Fiber optic,No internet service,No internet service,No internet service,No internet service,No,Yes,one year,Yes,mailed_check,95.89,1821.98,No
CUST-02989,Female,1,Yes,No,65,Yes,Yes,DSL,Yes,No,No,No internet service,Yes,No internet service,month-to-month,Yes,bank_transfer,26.01,1690.49,No
CUST-02990,Female,1,Yes,Yes,34,Yes,No,DSL,No internet service,No internet service,Yes,Yes,Yes,Yes,one year,Yes,mailed_check,77.17,2623.68,No
CUST-02991,Female,0,No,Yes,45,Yes,No,Fiber optic,Yes,No,No internet service,No internet service,No internet service,Yes,month-to-month,No,bank_transfer,98.02,4411.11,No
CUST-02992,Female,0,No,No,25,Yes,No,DSL,No,No internet service,Yes,Yes,No,No,month-to-month,No,bank_transfer,66.6,1665.04,No
CUST-02993,Male,1,No,No,2,Yes,No,Fiber optic,Yes,No,No,Yes,No,No,one year,Yes,credit_card,121.53,243.07,No
CUST-02994,Male,0,No,No,39,No,No phone service,DSL,No internet service,No,No internet service,No,No,Yes,month-to-month,Yes,mailed_check,67.46,2630.82,No
CUST-02995,Male,1,No,No,14,No,No phone service,Fiber optic,No,Yes,Yes,No,Yes,No,two year,Yes,electronic_check,105.6,1478.45,No
CUST-02996,Male,1,No,Yes,49,Yes,Yes,DSL,No internet service,No,No internet service,No,No,No,month-to-month,Yes,electronic_check,30.25,1482.28,No
CUST-02997,Male,0,No,No,55,No,No phone service,Fiber optic,Yes,No,Yes,No,No internet service,No,two year,Yes,mailed_check,129.53,7124.38,No
CUST-02998,Female,0,No,No,23,Yes,Yes,DSL,No internet service,Yes,Yes,No internet service,Yes,Yes,month-to-month,Yes,credit_card,27.06,622.34,No
CUST-02999,Female,1,No,No,68,Yes,No,DSL,No internet service,No,No,No,No,Yes,two year,Yes,bank_transfer,78.96,5369.21,No
CUST-03000,Male,1,No,No,63,Yes,No,Fiber optic,No,Yes,Yes,No internet service,No internet service,Yes,one year,Yes,mailed_check,125.38,7898.99,No
CUST-03001,Male,0,Yes,No,51,Yes,Yes,DSL,No internet service,Yes,No,No,No internet service,No,month-to-month,No,electronic_check,66.29,3380.75,No
CUST-03002,Female,0,No,No,4,Yes,No,DSL,Yes,Yes,Yes,No internet service,Yes,No,month-to-month,Yes,electronic_check,52.57,210.29,No
CUST-03003,Male,1,Yes,Yes,2,Yes,Yes,Fiber optic,Yes,No,No,Yes,No internet service,No,month-to-month,Yes,electronic_check,100.48,200.96,Yes
CUST-03004,Female,1,Yes,Yes,4,Yes,No,DSL,No,Yes,Yes,No,No,No internet service,one year,No,credit_card,84.87,339.48,No
CUST-03005,Female,0,No,Yes,3,Yes,Yes,DSL,Yes,No internet service,No internet service,No,No internet service,No internet service,month-to-month,Yes,electronic_check,87.42,262.26,Yes
CUST-03006,Female,1,No,No,36,Yes,No,Fiber optic,No internet service,No,No internet service,No internet service,Yes,No,one year,Yes,mailed_check,111.18,4002.61,No
CUST-03007,Female,1,No,Yes,14,Yes,No,DSL,No internet service,No,No internet service,No internet service,Yes,Yes,two year,No,bank_transfer,41.1,575.44,No
CUST-03008,Female,1,Yes,No,8,Yes,Yes,No,No internet service,Yes,Yes,No,No,No internet service,month-to-month,Yes,bank_transfer,4.21,33.66,No
CUST-03009,Female,0,No,No,4,Yes,Yes,DSL,No,No internet service,No internet service,No internet service,No internet service,No,two year,Yes,credit_card,52.29,209.17,No
CUST-03010,Male,1,Yes,Yes,20,Yes,No,DSL,No,No internet service,Yes,No,Yes,No,two year,Yes,bank_transfer,80.17,1603.33,No
CUST-03011,Female,1,Yes,No,58,No,No phone service,Fiber optic,No internet service,No internet service,Yes,No,No,Yes,month-to-month,No,electronic_check,88.75,5147.31,No
CUST-03012,Female,1,No,No,41,Yes,No,Fiber optic,No,No internet service,No,No,No internet service,Yes,month-to-month,No,credit_card,100.9,4137.03,Yes
CUST-03013,Female,1,Yes,No,35,Yes,Yes,Fiber optic,No,No internet service,Yes,No internet service,No,Yes,one year,Yes,electronic_check,126.26,4419.05,No
CUST-03014,Male,1,No,Yes,36,Yes,Yes,Fiber optic,No,Yes,No,No internet service,No,No internet service,month-to-month,Yes,bank_transfer,106.97,3850.82,No
CUST-03015,Female,0,No,Yes,25,Yes,Yes,DSL,Yes,No internet service,No,No,No,No,month-to-month,No,mailed_check,37.04,925.98,No
CUST-03016,Female,0,Yes,No,2,Yes,Yes,DSL,No,No,No,No internet service,No,No,one year,No,electronic_check,40.79,81.59,No
CUST-03017,Male,1,Yes,No,71,No,No phone service,Fiber optic,No,No,Yes,No,No,No internet service,month-to-month,No,electronic_check,68.95,4895.63,No
CUST-03018,Male,0,No,No,54,Yes,Yes,DSL,Yes,No internet service,No,No,No internet service,Yes,month-to-month,Yes,mailed_check,41.56,2244.41,No
CUST-03019,Female,1,No,No,59,Yes,Yes,DSL,No internet service,No,No internet service,No internet service,Yes,No,one year,Yes,mailed_check,45.2,2667.04,No
CUST-03020,Female,0,No,No,31,Yes,No,Fiber optic,No internet service,No internet service,No,Yes,Yes,No,month-to-month,Yes,electronic_check,86.3,2675.26,No
CUST-03021,Female,1,No,No,41,Yes,No,Fiber optic,Yes,Yes,No,No internet service,No,No,month-to-month,Yes,electronic_check,75.12,3079.95,No
CUST-03022,Female,0,No,No,58,Yes,Yes,DSL,No,No internet service,Yes,No internet service,No,No,one year,Yes,electronic_check,36.86,2138.11,No
CUST-03023,Male,0,No,Yes,30,Yes,Yes,DSL,No,No,No internet service,No internet service,No,No,one year,Yes,electronic_check,77.95,2338.58,No
CUST-03024,Female,0,No,No,53,Yes,No,DSL,No,Yes,No,No internet service,No,No,month-to-month,No,electronic_check,53.61,2841.48,No
CUST-03025,Female,1,Yes,No,47,Yes,Yes,Fiber optic,No,No,Yes,No internet service,Yes,Yes,two year,No,credit_card,109.51,5146.95,No
CUST-03026,Female,1,Yes,No,41,Yes,No,No,No internet service,No internet service,No,No,Yes,No,two year,No,mailed_check,37.4,1533.45,No
CUST-03027,Female,0,No,Yes,51,Yes,No,DSL,No internet service,Yes,No,Yes,No internet service,No,month-to-month,Yes,electronic_check,36.48,1860.42,No
CUST-03028,Female,0,No,Yes,47,Yes,No,No,No,No internet service,Yes,No,No internet service,Yes,month-to-month,No,mailed_check,15.84,744.58,No
CUST-03029,Male,0,No,Yes,61,Yes,Yes,Fiber optic,Yes,No internet service,Yes,Yes,No,Yes,two year,No,electronic_check,144.35,8805.18,No
CUST-03030,Female,0,Yes,Yes,59,Yes,No,Fiber optic,No internet service,No,No internet service,No internet service,No,No,month-to-month,Yes,credit_card,112.44,6634.17,No
CUST-03031,Male,0,No,No,26,No,No phone service,DSL,No,Yes,Yes,No internet service,No internet service,No,month-to-month,Yes,electronic_check,47.41,1232.63,No
CUST-03032,Male,1,Yes,No,38,No,No phone service,Fiber optic,No,No internet service,Yes,No,No,No,month-to-month,Yes,credit_card,89.1,3385.7,No
CUST-03033,Male,1,No,No,10,Yes,Yes,DSL,No,Yes,No internet service,No internet service,Yes,No,two year,Yes,electronic_check,56.02,560.23,No
CUST-03034,Male,1,Yes,No,20,Yes,Yes,DSL,Yes,Yes,Yes,Yes,No,No internet service,month-to-month,No,bank_transfer,34.44,688.86,No
CUST-03035,Female,0,Yes,No,43,Yes,No,Fiber optic,No internet service,Yes,Yes,No,No,Yes,month-to-month,No,electronic_check,105.25,4525.87,No
CUST-03036,Female,0,No,Yes,44,Yes,No,DSL,No,Yes,No,No,Yes,Yes,one year,Yes,credit_card,67.72,2979.78,No
CUST-03037,Female,0,Yes,No,25,Yes,Yes,Fiber optic,Yes,Yes,No,No internet service,Yes,Yes,one year,Yes,bank_transfer,104.95,2623.83,No
CUST-03038,Female,1,No,No,52,Yes,No,Fiber optic,No internet service,No internet service,No,No,No,No,month-to-month,Yes,credit_card,122.66,6378.16,No
CUST-03039,Female,0,No,No,39,Yes,No,DSL,No,Yes,No internet service,No,No,No,month-to-month,No,bank_transfer,48.84,1904.92,No
CUST-03040,Male,0,Yes,No,60,Yes,No,DSL,No,No internet service,Yes,No,No,No,one year,Yes,credit_card,70.67,4240.41,No
CUST-03041,Male,1,Yes,No,5,Yes,No,Fiber optic,No internet service,No internet service,No internet service,No internet service,No internet service,No,month-to-month,Yes,bank_transfer,85.39,426.96,Yes
CUST-03042,Female,0,No,No,57,Yes,No,DSL,No,No,No,No internet service,No internet service,No internet service,month-to-month,Yes,bank_transfer,42.6,2428.17,No
CUST-03043,Female,1,Yes,No,58,Yes,No,Fiber optic,No,No internet service,No internet service,No internet service,No internet service,No,month-to-month,Yes,credit_card,122.99,7133.6,No
CUST-03044,Male,1,No,No,22,Yes,Yes,DSL,No,Yes,No,Yes,No,No,month-to-month,Yes,mailed_check,38.8,853.61,Yes
CUST-03045,Female,1,No,No,55,No,No phone service,DSL,Yes,No,Yes,No,No,No internet service,two year,Yes,bank_transfer,73.7,4053.35,No
CUST-03046,Female,1,Yes,Yes,13,Yes,No,Fiber optic,No,Yes,No,No internet service,No internet service,No,month-to-month,Yes,electronic_check,67.88,882.48,No
CUST-03047,Female,1,Yes,No,61,No,No phone service,DSL,No,No,Yes,No internet service,No,Yes,month-to-month,No,mailed_check,42.42,2587.88,No
CUST-03048,Female,0,No,No,33,Yes,Yes,No,No,No internet service,No,No,No,No,month-to-month,Yes,bank_transfer,29.52,974.02,No
CUST-03049,Female,0,No,Yes,40,Yes,Yes,Fiber optic,No,No,Yes,No internet service,No internet service,No internet service,two year,Yes,electronic_check,91.65,3665.97,No
CUST-03050,Male,1,Yes,Yes,13,Yes,No,Fiber optic,No internet service,Yes,No internet service,No internet service,Yes,No,two year,No,credit_card,114.34,1486.46,No
CUST-03051,Male,0,No,No,51,Yes,No,No,No,No,No,No,No,Yes,month-to-month,Yes,electronic_check,21.54,1098.65,No
CUST-03052,Male,0,No,No,15,Yes,Yes,DSL,No,Yes,No,No,Yes,No internet service,two year,Yes,mailed_check,62.76,941.35,No
CUST-03053,Male,1,Yes,No,70,Yes,No,DSL,Yes,No internet service,No,No,No internet service,No,one year,Yes,electronic_check,76.85,5379.63,No
CUST-03054,Male,0,Yes,Yes,8,Yes,No,Fiber optic,No,Yes,Yes,No,No,No,month-to-month,No,electronic_check,96.47,771.75,Yes
CUST-03055,Male,1,Yes,Yes,34,Yes,No,Fiber optic,No,No internet service,No internet service,No,Yes,Yes,one year,No,electronic_check,85.49,2906.64,No
CUST-03056,Male,0,No,No,27,Yes,No,Fiber optic,No,No,No,No,No internet service,No internet service,month-to-month,No,electronic_check,96.74,2612.07,Yes
CUST-03057,Female,0,No,No,53,Yes,No,DSL,Yes,No internet service,No,No internet service,Yes,No internet service,month-to-month,Yes,credit_card,62.63,3319.33,No
CUST-03058,Female,0,No,No,7,Yes,Yes,Fiber optic,No internet service,No internet service,Yes,No,No internet service,No,month-to-month,Yes,bank_transfer,115.39,807.73,Yes
CUST-03059,Male,1,No,No,3,Yes,No,Fiber optic,No internet service,Yes,No internet service,No internet service,No,Yes,month-to-month,Yes,credit_card,66.38,199.15,Yes
CUST-03060,Female,1,No,Yes,68,Yes,No,DSL,No internet service,Yes,No,No internet service,No,No internet service,month-to-month,No,bank_transfer,48.6,3305.08,No
CUST-03061,Male,1,No,No,51,Yes,Yes,DSL,No,Yes,No,No internet service,Yes,No,one year,Yes,electronic_check,42.19,2151.68,No
CUST-03062,Female,0,No,No,26,Yes,No,DSL,Yes,Yes,No,No,No,No,two year,No,electronic_check,66.01,1716.26,No
CUST-03063,Female,1,No,No,23,No,No phone service,Fiber optic,No internet service,No,No internet service,Yes,No,Yes,month-to-month,No,credit_card,105.75,2432.24,No
CUST-03064,Male,0,Yes,No,47,Yes,Yes,Fiber optic,No internet service,Yes,Yes,No,No,No internet service,two year,Yes,credit_card,91.17,4284.95,No
CUST-03065,Female,0,No,Yes,34,Yes,Yes,DSL,Yes,Yes,No,Yes,No,No,month-to-month,Yes,bank_transfer,44.41,1509.85,No
CUST-03066,Female,1,No,No,52,Yes,No,Fiber optic,No,No internet service,Yes,No,Yes,Yes,two year,Yes,mailed_check,125.45,6523.29,No
CUST-03067,Male,0,No,No,28,Yes,No,No,No internet service,No,No internet service,No internet service,No,No internet service,month-to-month,No,bank_transfer,28.0,784.14,No
CUST-03068,Female,0,Yes,Yes,26,Yes,No,DSL,Yes,No,No,Yes,No,No,two year,Yes,electronic_check,95.97,2495.12,No
CUST-03069,Female,1,Yes,No,26,Yes,No,DSL,Yes,No internet service,No,No internet service,No,Yes,month-to-month,No,mailed_check,62.16,1616.27,No
CUST-03070,Female,1,Yes,Yes,4,Yes,No,Fiber optic,No,Yes,No,No internet service,Yes,Yes,month-to-month,Yes,electronic_check,75.22,300.89,Yes
CUST-03071,Female,0,Yes,Yes,27,Yes,Yes,Fiber optic,No internet service,No,No internet service,No internet service,No,Yes,one year,Yes,bank_transfer,114.92,3102.78,No
CUST-03072,Male,0,Yes,Yes,38,Yes,Yes,Fiber optic,No,No,No,No internet service,No,Yes,two year,Yes,electronic_check,139.58,5304.04,No
CUST-03073,Male,1,No,No,28,Yes,No,DSL,No internet service,No,No internet service,No,No internet service,Yes,one year,Yes,electronic_check,87.29,2444.2,No
CUST-03074,Female,0,Yes,No,11,No,No phone service,Fiber optic,Yes,No internet service,No internet service,No,No internet service,No internet service,two year,No,mailed_check,103.81,1141.93,Yes
CUST-03075,Female,0,No,No,2,Yes,No,DSL,No internet service,No internet service,No,No,No,Yes,one year,Yes,electronic_check,60.6,121.2,Yes
CUST-03076,Female,0,Yes,No,0,Yes,Yes,DSL,No,No,No,No internet service,No,No internet service,month-to-month,Yes,mailed_check,39.76,39.76,Yes
CUST-03077,Female,1,Yes,Yes,13,No,No phone service,DSL,Yes,Yes,No,No,No,No internet service,two year,Yes,electronic_check,70.41,915.27,No
CUST-03078,Female,1,No,No,67,Yes,No,Fiber optic,No,No,No,No,No,No,month-to-month,No,mailed_check,79.45,5323.22,No
CUST-03079,Female,0,Yes,No,28,Yes,No,Fiber optic,Yes,Yes,No,No,Yes,No internet service,month-to-month,Yes,electronic_check,103.54,2899.06,Yes
CUST-03080,Female,0,Yes,No,9,Yes,No,Fiber optic,No,No,Yes,No internet service,No,Yes,two year,Yes,bank_transfer,67.87,610.86,No
CUST-03081,Male,0,No,No,22,Yes,Yes,Fiber optic,No,Yes,Yes,Yes,No internet service,No,one year,Yes,credit_card,98.35,2163.62,No
CUST-03082,Male,1,No,No,24,Yes,Yes,DSL,Yes,Yes,No internet service,No,No internet service,No,two year,Yes,electronic_check,90.38,2169.22,No
CUST-03083,Male,0,Yes,No,24,Yes,No,DSL,No,No,Yes,No,No internet service,No internet service,two year,No,electronic_check,46.94,1126.48,No
CUST-03084,Female,0,Yes,Yes,14,Yes,No,Fiber optic,No,Yes,No,No,Yes,Yes,month-to-month,No,bank_transfer,109.77,1536.75,No
CUST-03085,Male,1,Yes,Yes,6,Yes,Yes,Fiber optic,No,No internet service,Yes,No internet service,Yes,No,month-to-month,Yes,electronic_check,127.77,766.61,Yes
CUST-03086,Female,1,Yes,Yes,4,Yes,Yes,DSL,No,No,No,No,Yes,No internet service,month-to-month,Yes,credit_card,76.32,305.26,No
CUST-03087,Female,0,No,No,52,Yes,No,Fiber optic,No internet service,No,No internet service,No,No,Yes,one year,No,bank_transfer,106.24,5524.52,No
CUST-03088,Male,0,Yes,No,7,Yes,No,DSL,No internet service,No,No internet service,No,No internet service,Yes,month-to-month,No,bank_transfer,49.97,349.77,No
CUST-03089,Female,1,No,Yes,4,Yes,Yes,DSL,No internet service,No,Yes,No internet service,Yes,No,month-to-month,No,mailed_check,25.89,103.57,Yes
CUST-03090,Male,0,Yes,No,35,Yes,Yes,Fiber optic,Yes,No internet service,Yes,No internet service,Yes,No internet service,month-to-month,Yes,credit_card,134.24,4698.34,No
CUST-03091,Female,0,No,No,63,Yes,Yes,DSL,No,No,No internet service,No,No internet service,No,one year,No,bank_transfer,50.56,3185.22,No
CUST-03092,Female,1,No,Yes,57,Yes,No,DSL,Yes,Yes,No,Yes,No,No internet service,two year,No,credit_card,83.17,4740.47,No
CUST-03093,Female,1,Yes,No,52,No,No phone service,No,No internet service,No,Yes,No internet service,Yes,No internet service,month-to-month,No,credit_card,7.98,414.9,No
CUST-03094,Male,1,Yes,No,15,Yes,No,DSL,Yes,No,No,No internet service,Yes,No internet service,month-to-month,Yes,bank_transfer,51.4,771.01,No
CUST-03095,Male,0,No,No,51,Yes,No,DSL,No,Yes,No,Yes,No internet service,Yes,one year,No,credit_card,90.89,4635.23,No
CUST-03096,Female,1,Yes,Yes,17,Yes,Yes,Fiber optic,No,No,Yes,No,No,Yes,month-to-month,Yes,bank_transfer,109.44,1860.41,No
CUST-03097,Female,0,No,Yes,56,Yes,No,No,No,No,Yes,No internet service,No internet service,No internet service,month-to-month,Yes,mailed_check,5.74,321.49,No
CUST-03098,Male,1,Yes,Yes,29,No,No phone service,Fiber optic,No internet service,No,No internet service,Yes,No internet service,No,month-to-month,Yes,electronic_check,71.71,2079.51,No
CUST-03099,Female,0,No,No,30,Yes,Yes,Fiber optic,No,No,Yes,Yes,No,No internet service,month-to-month,No,mailed_check,123.45,3703.55,No
CUST-03100,Male,0,No,Yes,57,Yes,No,DSL,No internet service,No,No,Yes,No internet service,No internet service,two year,No,bank_transfer,79.61,4537.77,No
CUST-03101,Female,0,No,No,22,Yes,Yes,Fiber optic,No,Yes,No,No,Yes,No,one year,No,credit_card,91.56,2014.42,No
CUST-03102,Female,0,Yes,Yes,18,Yes,No,DSL,Yes,No internet service,No internet service,Yes,No,No internet service,month-to-month,Yes,credit_card,71.06,1279.07,No
CUST-03103,Male,1,Yes,No,41,Yes,No,DSL,No internet service,No,Yes,No,No,Yes,two year,Yes,mailed_check,67.9,2783.94,No
CUST-03104,Male,0,Yes,No,50,Yes,Yes,DSL,Yes,No internet service,Yes,Yes,No internet service,No internet service,month-to-month,No,electronic_check,77.37,3868.63,No
CUST-03105,Female,1,No,Yes,9,Yes,No,DSL,No,No internet service,Yes,No internet service,No internet service,Yes,two year,Yes,electronic_check,72.58,653.2,Yes
CUST-03106,Male,0,No,No,22,Yes,Yes,No,No internet service,No,No,No internet service,No,No,month-to-month,Yes,electronic_check,31.89,701.53,No
CUST-03107,Female,0,No,No,14,Yes,No,Fiber optic,No internet service,No,No,No,No internet service,No internet service,two year,No,credit_card,117.93,1650.99,No
CUST-03108,Male,0,No,No,43,Yes,No,Fiber optic,No,No,No internet service,Yes,No,No internet service,two year,No,mailed_check,81.97,3524.79,No
CUST-03109,Female,0,No,No,71,Yes,Yes,Fiber optic,No internet service,No,No,No,No,No,two year,No,electronic_check,126.41,8975.31,No
CUST-03110,Female,1,Yes,No,1,Yes,Yes,Fiber optic,Yes,Yes,No,Yes,No internet service,No,month-to-month,Yes,bank_transfer,106.8,106.8,Yes
CUST-03111,Female,1,Yes,No,29,Yes,No,DSL,No internet service,No internet service,Yes,No internet service,Yes,Yes,month-to-month,Yes,credit_card,70.66,2049.21,No
CUST-03112,Female,1,No,No,51,Yes,Yes,DSL,Yes,Yes,No,No internet service,Yes,No internet service,one year,No,credit_card,70.93,3617.48,No
CUST-03113,Female,1,No,No,61,Yes,No,DSL,No,No internet service,Yes,No internet service,Yes,No,two year,No,mailed_check,68.46,4176.06,No
CUST-03114,Male,1,No,No,64,Yes,Yes,DSL,Yes,Yes,Yes,No internet service,No,No internet service,month-to-month,Yes,electronic_check,54.8,3507.01,No
CUST-03115,Male,1,No,No,31,No,No phone service,No,No internet service,Yes,No,No,Yes,No,month-to-month,Yes,electronic_check,8.32,257.9,Yes
CUST-03116,Female,1,No,Yes,61,Yes,No,Fiber optic,No internet service,No internet service,Yes,Yes,Yes,No,one year,Yes,electronic_check,92.09,5617.71,Yes
CUST-03117,Male,0,No,No,6,Yes,No,Fiber optic,No internet service,Yes,Yes,No internet service,No,Yes,two year,Yes,mailed_check,80.46,482.78,No
CUST-03118,Male,1,No,No,58,Yes,Yes,DSL,No internet service,No internet service,Yes,Yes,No,No,month-to-month,No,electronic_check,91.61,5313.42,No
CUST-03119,Female,1,No,No,21,Yes,Yes,Fiber optic,No,No,Yes,No,No,No internet service,two year,No,electronic_check,139.79,2935.69,No
CUST-03120,Male,1,No,No,22,Yes,No,Fiber optic,Yes,No,No internet service,No internet service,No,No internet service,month-to-month,Yes,credit_card,136.58,3004.69,No
CUST-03121,Female,1,No,No,38,Yes,No,DSL,No,No internet service,No,No,Yes,No,month-to-month,Yes,credit_card,61.08,2320.85,No
CUST-03122,Male,0,Yes,No,47,Yes,Yes,No,Yes,No,Yes,No,Yes,No internet service,month-to-month,No,bank_transfer,38.43,1806.43,No
CUST-03123,Male,0,Yes,No,30,Yes,Yes,DSL,Yes,No,No,No,No internet service,No,two year,No,electronic_check,82.59,2477.56,No
CUST-03124,Female,0,Yes,No,28,Yes,No,Fiber optic,No,No,No,No internet service,Yes,No,month-to-month,No,mailed_check,118.54,3319.18,Yes
CUST-03125,Female,1,Yes,No,41,Yes,No,DSL,No internet service,No internet service,Yes,No,No internet service,No internet service,two year,No,bank_transfer,63.36,2597.92,No
CUST-03126,Female,1,Yes,Yes,35,Yes,No,DSL,Yes,No,No internet service,No internet service,No,No,month-to-month,Yes,bank_transfer,36.72,1285.23,No
CUST-03127,Male,0,No,No,68,Yes,No,DSL,No,No internet service,No internet service,No,No,No,month-to-month,Yes,credit_card,69.35,4716.12,No
CUST-03128,Male,1,No,No,56,Yes,No,DSL,Yes,No,No,No internet service,No internet service,Yes,month-to-month,No,electronic_check,74.32,4162.0,No
CUST-03129,Female,1,Yes,No,18,Yes,Yes,DSL,No internet service,Yes,Yes,No,Yes,No internet service,one year,No,credit_card,77.58,1396.4,No
CUST-03130,Female,1,No,Yes,46,Yes,No,Fiber optic,No,No,No,Yes,No,No internet service,two year,Yes,mailed_check,114.23,5254.64,No
CUST-03131,Female,1,No,Yes,66,Yes,Yes,DSL,Yes,No internet service,No internet service,No internet service,No internet service,No,two year,Yes,electronic_check,50.31,3320.42,No
CUST-03132,Male,1,No,Yes,19,Yes,Yes,Fiber optic,No,No,Yes,No,No,No,one year,No,mailed_check,129.96,2469.2,No
CUST-03133,Male,0,Yes,Yes,54,No,No phone service,DSL,No,Yes,No,No internet service,No,No internet service,month-to-month,Yes,electronic_check,73.64,3976.46,No
CUST-03134,Male,1,No,Yes,32,Yes,No,DSL,No,No,No,No,No internet service,Yes,one year,Yes,electronic_check,52.1,1667.29,No
CUST-03135,Female,1,Yes,No,64,Yes,No,DSL,No internet service,No,No,No,Yes,Yes,month-to-month,No,mailed_check,27.73,1774.92,No
CUST-03136,Male,1,No,Yes,18,No,No phone service,DSL,Yes,No internet service,No,No internet service,No,No,one year,Yes,electronic_check,61.4,1105.18,No
CUST-03137,Female,0,No,No,72,Yes,No,Fiber optic,No,No,No,No internet service,No,No internet service,month-to-month,No,electronic_check,86.15,6202.91,No
CUST-03138,Female,1,Yes,Yes,10,No,No phone service,Fiber optic,No internet service,Yes,Yes,Yes,Yes,Yes,two year,Yes,electronic_check,103.34,1033.4,No
CUST-03139,Female,1,Yes,No,20,Yes,No,Fiber optic,Yes,Yes,No internet service,No,No internet service,No,month-to-month,No,bank_transfer,74.99,1499.74,No
CUST-03140,Female,0,No,No,10,Yes,Yes,DSL,No internet service,No,Yes,No internet service,No internet service,No,month-to-month,Yes,mailed_check,49.56,495.64,No
CUST-03141,Male,0,No,Yes,40,Yes,No,Fiber optic,No,Yes,No internet service,No internet service,No,Yes,month-to-month,Yes,electronic_check,82.27,3290.66,No
CUST-03142,Male,1,No,Yes,49,Yes,No,DSL,No,No internet service,No,Yes,No internet service,Yes,month-to-month,No,mailed_check,48.9,2395.88,No
CUST-03143,Male,1,No,Yes,0,Yes,No,Fiber optic,No,No,No,No internet service,No,No,one year,Yes,bank_transfer,110.01,110.01,No
CUST-03144,Female,1,Yes,No,38,Yes,Yes,No,No,Yes,No,No,No,Yes,two year,Yes,credit_card,44.7,1698.58,No
CUST-03145,Female,0,No,No,55,Yes,No,Fiber optic,No,No internet service,No,No,No internet service,No,month-to-month,No,bank_transfer,102.57,5641.57,No
CUST-03146,Male,1,No,No,71,Yes,No,DSL,No,No internet service,No,Yes,No internet service,Yes,month-to-month,No,credit_card,46.95,3333.22,No
CUST-03147,Male,0,No,Yes,8,Yes,No,DSL,No,No internet service,No internet service,No internet service,Yes,No,month-to-month,No,mailed_check,44.09,352.76,No
CUST-03148,Female,0,Yes,Yes,28,Yes,Yes,Fiber optic,No,No internet service,No,No,No internet service,No,month-to-month,No,bank_transfer,112.25,3143.09,No
CUST-03149,Male,1,Yes,Yes,35,Yes,No,Fiber optic,No internet service,No internet service,No,No,No,No internet service,two year,Yes,bank_transfer,108.53,3798.72,No
CUST-03150,Female,0,No,No,71,Yes,Yes,Fiber optic,Yes,No,Yes,No,No,Yes,month-to-month,Yes,bank_transfer,110.9,7873.7,No
CUST-03151,Female,1,No,Yes,39,Yes,No,DSL,Yes,No internet service,No,Yes,No,No,one year,Yes,mailed_check,39.5,1540.59,No
CUST-03152,Male,0,No,No,55,Yes,No,DSL,Yes,No,Yes,Yes,Yes,No,month-to-month,No,mailed_check,75.12,4131.64,No
CUST-03153,Female,0,No,Yes,32,Yes,Yes,DSL,No,No internet service,No,Yes,No,No,month-to-month,Yes,bank_transfer,72.4,2316.84,No
CUST-03154,Female,1,No,No,42,Yes,No,Fiber optic,No internet service,No,No,No,No,No,month-to-month,No,credit_card,84.12,3533.25,No
CUST-03155,Male,0,No,No,45,No,No phone service,Fiber optic,No internet service,No,No,No,No internet service,No internet service,month-to-month,Yes,mailed_check,88.75,3993.53,No
CUST-03156,Male,1,Yes,Yes,21,Yes,No,No,Yes,No internet service,Yes,Yes,Yes,Yes,month-to-month,Yes,bank_transfer,8.97,188.37,No
CUST-03157,Female,1,Yes,No,24,Yes,No,Fiber optic,No internet service,No,No internet service,No,Yes,No internet service,one year,Yes,electronic_check,124.18,2980.43,No
CUST-03158,Female,1,Yes,No,29,Yes,No,Fiber optic,No internet service,No internet service,No,Yes,No internet service,Yes,month-to-month,No,credit_card,68.68,1991.77,Yes
CUST-03159,Female,0,Yes,Yes,64,Yes,Yes,DSL,No,No,No,Yes,No internet service,No,month-to-month,No,electronic_check,56.3,3602.99,No
CUST-03160,Male,1,Yes,Yes,63,Yes,Yes,DSL,No internet service,No,Yes,No,Yes,No internet service,month-to-month,Yes,electronic_check,56.94,3586.93,No
CUST-03161,Male,1,Yes,Yes,3,Yes,Yes,Fiber optic,Yes,No,No,Yes,Yes,No internet service,month-to-month,Yes,credit_card,80.57,241.7,Yes
CUST-03162,Male,1,Yes,Yes,13,Yes,Yes,DSL,Yes,No internet service,No internet service,No internet service,No internet service,No internet service,one year,No,electronic_check,55.44,720.75,No
CUST-03163,Female,0,No,No,58,Yes,No,Fiber optic,No,No internet service,No,Yes,Yes,No,month-to-month,Yes,credit_card,90.24,5233.71,No
CUST-03164,Male,0,No,No,62,Yes,Yes,Fiber optic,No,No,No,No,Yes,No internet service,two year,Yes,bank_transfer,149.54,9271.54,No
CUST-03165,Male,1,No,No,65,Yes,No,DSL,No internet service,No,Yes,Yes,No internet service,Yes,month-to-month,Yes,bank_transfer,35.58,2312.72,No
CUST-03166,Male,1,Yes,Yes,21,Yes,No,Fiber optic,No,Yes,No,Yes,Yes,No internet service,two year,No,electronic_check,110.87,2328.17,Yes
CUST-03167,Female,0,Yes,No,5,Yes,Yes,DSL,No,No internet service,Yes,No,No,Yes,two year,Yes,bank_transfer,67.59,337.96,No
CUST-03168,Female,1,No,No,23,Yes,No,Fiber optic,No,Yes,No,No,No,No,two year,Yes,electronic_check,74.12,1704.82,No
CUST-03169,Male,1,No,No,15,No,No phone service,Fiber optic,Yes,Yes,No internet service,No,No,Yes,month-to-month,Yes,credit_card,105.83,1587.39,Yes
CUST-03170,Female,1,Yes,Yes,0,Yes,No,DSL,Yes,Yes,No,Yes,No,Yes,month-to-month,No,mailed_check,62.05,62.05,No
CUST-03171,Male,1,Yes,No,41,Yes,No,Fiber optic,No internet service,No internet service,No,No internet service,No,No internet service,month-to-month,No,mailed_check,123.18,5050.47,No
CUST-03172,Female,1,No,No,6,Yes,No,No,No,No internet service,No internet service,No internet service,No internet service,Yes,one year,Yes,bank_transfer,18.15,108.9,No
CUST-03173,Male,1,No,No,1,Yes,No,DSL,No internet service,No internet service,Yes,No,Yes,Yes,month-to-month,Yes,electronic_check,32.23,32.23,Yes
CUST-03174,Male,0,No,No,6,Yes,Yes,Fiber optic,Yes,No,Yes,Yes,No,No internet service,one year,Yes,mailed_check,129.93,779.57,No
CUST-03175,Male,0,Yes,Yes,16,Yes,No,No,Yes,Yes,Yes,No,No internet service,No internet service,month-to-month,No,credit_card,12.17,194.74,No
CUST-03176,Male,1,No,No,52,Yes,No,DSL,No internet service,No,Yes,No,No internet service,Yes,two year,Yes,electronic_check,77.32,4020.76,No
CUST-03177,Female,1,Yes,Yes,7,Yes,No,Fiber optic,No,No internet service,No,No internet service,No internet service,No,two year,Yes,electronic_check,109.52,766.61,No
CUST-03178,Male,0,No,Yes,51,Yes,Yes,DSL,No,No internet service,No,Yes,No,Yes,month-to-month,Yes,credit_card,49.58,2528.59,No
CUST-03179,Male,1,No,No,24,Yes,No,Fiber optic,Yes,No,No,No internet service,No,Yes,one year,Yes,electronic_check,77.85,1868.39,No
CUST-03180,Male,1,No,No,57,Yes,Yes,No,No internet service,No internet service,No,No,No internet service,Yes,month-to-month,Yes,electronic_check,21.25,1211.47,No
CUST-03181,Female,1,No,No,37,No,No phone service,DSL,No,Yes,No internet service,Yes,Yes,No,two year,Yes,electronic_check,89.57,3314.12,No
CUST-03182,Male,0,Yes,Yes,18,Yes,Yes,DSL,Yes,Yes,No,No internet service,Yes,Yes,month-to-month,Yes,credit_card,74.24,1336.28,No
CUST-03183,Female,1,No,Yes,19,Yes,No,DSL,No internet service,No internet service,No internet service,No,No,No,month-to-month,Yes,electronic_check,53.46,1015.78,No
CUST-03184,Female,0,Yes,No,47,Yes,Yes,Fiber optic,No,No internet service,No internet service,No,No internet service,No,two year,No,mailed_check,104.35,4904.64,No
CUST-03185,Female,0,Yes,No,49,Yes,No,Fiber optic,No internet service,No,No,No,Yes,No internet service,month-to-month,Yes,electronic_check,86.58,4242.18,No
CUST-03186,Female,0,Yes,No,50,No,No phone service,Fiber optic,No,No internet service,No,No internet service,No,No,one year,No,electronic_check,121.09,6054.47,No
CUST-03187,Male,0,No,No,64,Yes,Yes,DSL,No,Yes,No,No internet service,No internet service,No,one year,No,electronic_check,67.77,4337.02,No
CUST-03188,Male,1,No,Yes,30,Yes,No,Fiber optic,Yes,Yes,No,No internet service,No internet service,No,month-to-month,No,mailed_check,116.53,3495.99,No
CUST-03189,Male,0,Yes,No,71,Yes,No,Fiber optic,No internet service,Yes,No internet service,No,Yes,Yes,two year,Yes,bank_transfer,109.25,7756.57,No
CUST-03190,Female,0,No,No,12,Yes,Yes,No,No,Yes,No internet service,No,No,No,one year,No,electronic_check,39.92,479.04,No
CUST-03191,Female,1,Yes,Yes,55,Yes,No,Fiber optic,Yes,No internet service,No internet service,No,No,No,month-to-month,No,mailed_check,55.57,3056.18,No
CUST-03192,Male,1,Yes,Yes,68,Yes,Yes,DSL,No internet service,No,Yes,No,Yes,No internet service,two year,No,mailed_check,78.91,5366.17,No
CUST-03193,Male,0,Yes,Yes,55,Yes,No,DSL,Yes,No internet service,Yes,No,No internet service,No internet service,one year,Yes,electronic_check,53.88,2963.32,Yes
CUST-03194,Female,1,Yes,Yes,59,Yes,Yes,Fiber optic,Yes,No internet service,No internet service,No internet service,No internet service,No internet service,month-to-month,Yes,credit_card,83.85,4947.08,No
CUST-03195,Female,0,Yes,No,34,Yes,No,Fiber optic,Yes,Yes,No,No,Yes,No,month-to-month,Yes,mailed_check,115.04,3911.2,No
CUST-03196,Female,1,No,No,18,Yes,No,Fiber optic,No internet service,No internet service,No internet service,Yes,No,No,month-to-month,Yes,mailed_check,99.98,1799.6,No
CUST-03197,Male,1,Yes,Yes,19,No,No phone service,DSL,No,Yes,No,No,Yes,No internet service,two year,No,credit_card,61.83,1174.69,No
CUST-03198,Female,1,No,No,70,Yes,Yes,DSL,No,No internet service,No internet service,No,No,No,month-to-month,Yes,credit_card,39.7,2779.11,No
CUST-03199,Male,1,No,Yes,10,Yes,Yes,DSL,No internet service,No internet service,No,Yes,No internet service,No internet service,month-to-month,No,mailed_check,67.94,679.35,No
CUST-03200,Male,0,No,No,15,No,No phone service,Fiber optic,Yes,Yes,No,No,Yes,No,one year,Yes,electronic_check,84.83,1272.5,No
CUST-03201,Female,1,No,No,1,Yes,Yes,Fiber optic,No,Yes,No internet service,No internet service,Yes,No,month-to-month,No,electronic_check,113.07,113.07,Yes
CUST-03202,Male,1,No,No,27,Yes,Yes,No,Yes,No internet service,Yes,Yes,Yes,No,month-to-month,No,bank_transfer,30.17,814.55,No
CUST-03203,Female,1,No,Yes,12,No,No phone service,DSL,No internet service,No,No,No internet service,No,No internet service,month-to-month,No,electronic_check,41.5,497.98,Yes
CUST-03204,Female,0,Yes,Yes,5,Yes,No,DSL,No,No,Yes,No,No,No internet service,month-to-month,No,mailed_check,75.83,379.13,No
CUST-03205,Female,0,No,Yes,48,No,No phone service,Fiber optic,No internet service,No,No,No internet service,Yes,No,month-to-month,No,electronic_check,83.96,4030.07,No
CUST-03206,Female,1,No,Yes,2,Yes,No,DSL,No,No internet service,Yes,Yes,Yes,No internet service,one year,Yes,credit_card,66.04,132.09,No
CUST-03207,Female,0,Yes,No,18,Yes,Yes,Fiber optic,No internet service,Yes,No internet service,No,No,No,month-to-month,No,bank_transfer,81.18,1461.17,No
CUST-03208,Female,1,Yes,Yes,18,Yes,No,DSL,Yes,No internet service,No,No,No internet service,No internet service,one year,Yes,mailed_check,31.09,559.65,Yes
CUST-03209,Male,1,Yes,Yes,12,Yes,No,DSL,Yes,Yes,No,No internet service,No,No internet service,month-to-month,Yes,bank_transfer,56.7,680.41,No
CUST-03210,Male,0,Yes,No,29,Yes,Yes,Fiber optic,Yes,No internet service,No,Yes,Yes,No internet service,one year,Yes,mailed_check,94.5,2740.38,No
CUST-03211,Female,0,No,Yes,29,Yes,No,No,Yes,Yes,No internet service,Yes,No internet service,Yes,month-to-month,Yes,electronic_check,21.01,609.27,No
CUST-03212,Female,1,Yes,No,32,Yes,Yes,DSL,Yes,No,No,No,Yes,No internet service,one year,No,credit_card,47.76,1528.31,No
CUST-03213,Female,0,Yes,No,20,No,No phone service,DSL,No internet service,No,Yes,No internet service,No internet service,Yes,month-to-month,Yes,mailed_check,60.08,1201.6,No
CUST-03214,Female,1,No,No,57,No,No phone service,Fiber optic,Yes,Yes,No,No,No,Yes,month-to-month,Yes,electronic_check,133.73,7622.44,No
CUST-03215,Female,0,No,No,65,Yes,No,DSL,Yes,No internet service,No,No,No,No,month-to-month,No,electronic_check,54.24,3525.88,No
CUST-03216,Male,0,Yes,No,36,Yes,Yes,DSL,No internet service,No,No,No internet service,No internet service,No internet service,two year,No,mailed_check,99.08,3566.72,No
CUST-03217,Male,0,Yes,Yes,9,Yes,No,Fiber optic,Yes,No,Yes,Yes,No internet service,No,month-to-month,No,bank_transfer,99.82,898.42,Yes
CUST-03218,Female,0,Yes,No,31,Yes,Yes,DSL,No,No,Yes,No,No internet service,No,one year,No,electronic_check,71.44,2214.7,No
CUST-03219,Female,0,Yes,No,16,Yes,No,DSL,No,No,No internet service,Yes,No,No,month-to-month,No,bank_transfer,50.79,812.7,No
CUST-03220,Male,1,Yes,No,3,Yes,No,No,Yes,Yes,No,No,Yes,No,one year,Yes,electronic_check,39.52,118.57,Yes
CUST-03221,Female,1,Yes,No,4,Yes,No,DSL,Yes,No internet service,No,No,No internet service,No,month-to-month,Yes,mailed_check,69.39,277.56,No
CUST-03222,Male,0,No,Yes,41,Yes,No,No,No,No internet service,No internet service,Yes,No internet service,No,one year,Yes,mailed_check,17.79,729.3,No
CUST-03223,Female,1,Yes,No,19,Yes,No,DSL,No,No internet service,Yes,No,No internet service,No,one year,Yes,mailed_check,69.5,1320.42,No
CUST-03224,Male,0,No,No,38,Yes,No,DSL,Yes,No internet service,No,Yes,No internet service,No,two year,Yes,bank_transfer,66.03,2509.06,No
CUST-03225,Female,0,Yes,Yes,3,Yes,No,DSL,Yes,No,No,No internet service,No,No,two year,Yes,bank_transfer,72.33,216.98,No
CUST-03226,Male,1,No,No,72,Yes,No,Fiber optic,Yes,Yes,No internet service,No,No,Yes,month-to-month,No,bank_transfer,116.92,8418.05,No
CUST-03227,Male,1,Yes,Yes,52,Yes,No,Fiber optic,No internet service,No internet service,No,No,No,No,one year,Yes,credit_card,90.83,4723.39,No
CUST-03228,Female,1,Yes,No,5,Yes,No,DSL,No,Yes,No,No,No,Yes,two year,Yes,electronic_check,63.13,315.65,No
CUST-03229,Male,0,No,No,4,Yes,Yes,Fiber optic,No internet service,No internet service,Yes,No,No internet service,No,month-to-month,Yes,credit_card,117.44,469.76,No
CUST-03230,Female,1,No,No,19,Yes,Yes,DSL,No,No internet service,No internet service,No internet service,No internet service,No internet service,two year,No,electronic_check,74.02,1406.31,No
CUST-03231,Female,1,Yes,Yes,45,Yes,No,DSL,Yes,No,No,No internet service,No,No,one year,Yes,mailed_check,75.78,3410.21,No
CUST-03232,Female,0,Yes,Yes,52,Yes,Yes,DSL,No internet service,No internet service,No internet service,Yes,No,No,month-to-month,No,electronic_check,75.29,3915.17,No
CUST-03233,Female,0,No,No,5,Yes,No,DSL,Yes,No internet service,No,No internet service,No,Yes,month-to-month,No,electronic_check,35.01,175.04,Yes
CUST-03234,Male,1,Yes,No,27,Yes,No,DSL,No internet service,Yes,No internet service,Yes,No,No internet service,one year,No,bank_transfer,65.48,1767.86,No
CUST-03235,Male,1,No,Yes,32,Yes,Yes,Fiber optic,Yes,No,No internet service,No,No internet service,No internet service,month-to-month,Yes,bank_transfer,128.25,4103.98,No
CUST-03236,Female,1,Yes,No,63,Yes,Yes,Fiber optic,Yes,No,No,No,Yes,No,month-to-month,Yes,mailed_check,106.3,6696.61,No
CUST-03237,Male,0,No,No,31,Yes,Yes,DSL,No,No,Yes,No,No,No,two year,No,mailed_check,38.26,1186.04,No
CUST-03238,Male,1,Yes,Yes,50,Yes,Yes,DSL,No,Yes,No,Yes,No,No internet service,month-to-month,Yes,electronic_check,60.13,3006.48,No
CUST-03239,Female,1,No,No,34,Yes,Yes,Fiber optic,No internet service,No,Yes,No,No internet service,No,two year,Yes,mailed_check,115.83,3938.23,No
CUST-03240,Male,0,Yes,No,27,Yes,No,DSL,Yes,No,No,Yes,Yes,No,month-to-month,Yes,bank_transfer,69.61,1879.36,No
CUST-03241,Female,0,Yes,No,35,Yes,No,DSL,Yes,No,No internet service,No,No,No,two year,Yes,mailed_check,63.96,2238.43,No
CUST-03242,Male,0,No,Yes,51,Yes,No,DSL,No,No,No,No,No internet service,Yes,month-to-month,Yes,bank_transfer,74.87,3818.46,No
CUST-03243,Male,0,No,No,23,Yes,No,Fiber optic,Yes,No,No internet service,No,No internet service,No,month-to-month,Yes,electronic_check,107.93,2482.34,Yes
CUST-03244,Male,0,No,Yes,57,Yes,No,DSL,Yes,Yes,No internet service,No internet service,No,No,one year,No,credit_card,67.14,3827.09,No
CUST-03245,Male,0,No,Yes,70,Yes,Yes,No,No internet service,No internet service,No,No internet service,No,No,month-to-month,Yes,electronic_check,37.06,2594.36,No
CUST-03246,Male,0,Yes,No,25,Yes,No,DSL,No internet service,Yes,No internet service,Yes,No internet service,No internet service,month-to-month,No,bank_transfer,51.03,1275.84,No
CUST-03247,Female,1,No,No,1,Yes,Yes,DSL,Yes,No,No internet service,No,No internet service,Yes,month-to-month,Yes,electronic_check,22.51,22.51,Yes
CUST-03248,Female,1,Yes,Yes,7,Yes,Yes,Fiber optic,No internet service,No internet service,Yes,No,No,No internet service,two year,Yes,bank_transfer,124.87,874.07,No
CUST-03249,Female,1,Yes,Yes,9,Yes,Yes,DSL,No,No,Yes,Yes,Yes,Yes,month-to-month,No,electronic_check,77.25,695.21,Yes
CUST-03250,Female,0,Yes,Yes,68,No,No phone service,No,Yes,No internet service,No,No internet service,No,No internet service,month-to-month,Yes,bank_transfer,37.73,2565.89,No
CUST-03251,Female,0,No,No,9,No,No phone service,DSL,No,No internet service,No internet service,Yes,No,Yes,month-to-month,Yes,electronic_check,30.73,276.53,No
CUST-03252,Male,0,Yes,Yes,35,Yes,No,DSL,Yes,Yes,No,Yes,No,No internet service,month-to-month,Yes,electronic_check,36.61,1281.52,Yes
CUST-03253,Male,1,Yes,No,22,No,No phone service,DSL,Yes,No,No internet service,Yes,No,No internet service,one year,Yes,electronic_check,55.05,1211.11,No
CUST-03254,Female,0,Yes,No,69,Yes,No,DSL,No internet service,Yes,Yes,Yes,No,No,month-to-month,Yes,electronic_check,26.23,1809.96,No
CUST-03255,Male,0,Yes,No,44,Yes,Yes,No,No,Yes,Yes,Yes,No internet service,No,month-to-month,No,electronic_check,33.97,1494.71,No
CUST-03256,Female,1,Yes,No,36,Yes,No,DSL,Yes,Yes,Yes,No internet service,No internet service,Yes,one year,Yes,electronic_check,41.76,1503.25,No
CUST-03257,Male,1,No,No,18,Yes,Yes,Fiber optic,No,Yes,Yes,No,No,No internet service,one year,Yes,electronic_check,107.28,1931.1,No
CUST-03258,Female,1,Yes,No,63,Yes,Yes,Fiber optic,No internet service,No internet service,Yes,No,No,No,month-to-month,Yes,bank_transfer,78.75,4961.03,No
CUST-03259,Female,0,Yes,No,50,Yes,Yes,DSL,No internet service,No internet service,No,No,No,No internet service,one year,No,electronic_check,78.11,3905.64,No
CUST-03260,Female,1,No,No,14,Yes,No,DSL,Yes,No,No,No internet service,No,No internet service,month-to-month,No,bank_transfer,65.33,914.56,No
CUST-03261,Male,0,No,No,57,Yes,Yes,No,No,No internet service,No internet service,No internet service,No internet service,No internet service,one year,Yes,electronic_check,36.47,2078.82,No
CUST-03262,Female,0,Yes,No,20,Yes,Yes,DSL,No,Yes,No internet service,Yes,No,No,one year,Yes,credit_card,58.83,1176.61,No
CUST-03263,Male,1,No,No,0,Yes,No,DSL,No,No,No,No,Yes,No,month-to-month,Yes,mailed_check,72.11,72.11,Yes
CUST-03264,Male,1,No,No,61,Yes,No,Fiber optic,Yes,No,No,No,Yes,No,one year,Yes,mailed_check,112.71,6875.24,No
CUST-03265,Female,0,No,No,40,Yes,No,DSL,No,No internet service,No internet service,No,Yes,No,two year,No,electronic_check,101.08,4043.32,No
CUST-03266,Female,0,No,Yes,6,Yes,Yes,DSL,No,No,Yes,No,Yes,No internet service,one year,Yes,electronic_check,71.06,426.36,Yes
CUST-03267,Male,1,Yes,No,65,Yes,No,Fiber optic,No,Yes,Yes,No internet service,No internet service,No internet service,month-to-month,Yes,electronic_check,132.31,8599.85,No
CUST-03268,Male,0,No,No,44,Yes,No,DSL,Yes,Yes,Yes,No internet service,No,No internet service,month-to-month,Yes,electronic_check,34.67,1525.66,No
CUST-03269,Male,1,No,No,9,Yes,Yes,Fiber optic,No internet service,Yes,No internet service,No,No internet service,No,month-to-month,Yes,bank_transfer,125.71,1131.42,Yes
CUST-03270,Female,1,No,No,0,Yes,No,Fiber optic,No,No internet service,No internet service,No internet service,No,Yes,two year,Yes,credit_card,128.88,128.88,No
CUST-03271,Female,0,Yes,No,18,Yes,No,Fiber optic,No,Yes,No internet service,No,No,No internet service,month-to-month,Yes,mailed_check,99.67,1794.06,Yes
CUST-03272,Male,0,No,No,33,Yes,No,DSL,Yes,No internet service,No,No internet service,No internet service,No internet service,month-to-month,Yes,electronic_check,49.31,1627.11,Yes
CUST-03273,Female,0,No,No,25,Yes,No,DSL,No,No,No,No,Yes,Yes,one year,No,bank_transfer,84.79,2119.74,No
CUST-03274,Female,1,No,Yes,46,No,No phone service,DSL,Yes,Yes,No internet service,No,Yes,No,month-to-month,No,bank_transfer,64.31,2958.19,No
CUST-03275,Female,1,No,No,62,Yes,Yes,DSL,Yes,No,Yes,No,Yes,Yes,one year,Yes,bank_transfer,52.54,3257.65,No
CUST-03276,Male,0,No,No,53,Yes,Yes,Fiber optic,Yes,No,No internet service,Yes,No internet service,No,two year,Yes,mailed_check,137.47,7285.91,No
CUST-03277,Female,0,No,No,11,Yes,No,Fiber optic,Yes,Yes,No,No,No,No,two year,No,bank_transfer,141.91,1561.01,No
CUST-03278,Male,1,Yes,No,1,No,No phone service,DSL,No,No internet service,Yes,No,No internet service,Yes,one year,Yes,bank_transfer,76.0,76.0,No
CUST-03279,Female,1,Yes,No,62,Yes,Yes,DSL,No internet service,Yes,No internet service,No,Yes,Yes,month-to-month,Yes,electronic_check,48.74,3021.79,No
CUST-03280,Male,1,Yes,No,34,Yes,Yes,DSL,No,No,No,No internet service,No internet service,Yes,month-to-month,Yes,electronic_check,57.8,1965.34,No
CUST-03281,Female,0,Yes,Yes,32,Yes,No,DSL,Yes,Yes,No internet service,No,Yes,No,two year,No,electronic_check,63.35,2027.25,No
CUST-03282,Male,1,No,No,30,Yes,No,DSL,No,Yes,No internet service,No,No,Yes,month-to-month,Yes,electronic_check,74.62,2238.49,No
CUST-03283,Female,1,No,Yes,11,Yes,Yes,Fiber optic,No,Yes,Yes,No,Yes,No,month-to-month,No,bank_transfer,73.11,804.21,No
CUST-03284,Male,1,Yes,No,70,No,No phone service,DSL,No internet service,No,No internet service,Yes,No,Yes,month-to-month,No,bank_transfer,53.72,3760.26,No
CUST-03285,Male,0,Yes,No,24,Yes,Yes,No,Yes,Yes,Yes,No,Yes,No,one year,Yes,bank_transfer,6.83,164.0,No
CUST-03286,Male,0,Yes,No,46,No,No phone service,DSL,No,Yes,Yes,No internet service,Yes,Yes,month-to-month,Yes,credit_card,64.0,2944.09,No
CUST-03287,Male,1,Yes,Yes,9,Yes,No,DSL,Yes,No internet service,No,Yes,No internet service,No internet service,one year,Yes,mailed_check,76.07,684.59,No
CUST-03288,Female,1,Yes,No,69,Yes,Yes,Fiber optic,No,Yes,Yes,No,Yes,Yes,month-to-month,No,mailed_check,97.43,6722.6,No
CUST-03289,Female,1,Yes,No,41,Yes,No,DSL,No,No,Yes,No,No internet service,Yes,two year,No,credit_card,41.95,1719.97,No
CUST-03290,Male,1,No,Yes,14,Yes,No,Fiber optic,Yes,Yes,No internet service,Yes,No internet service,Yes,two year,Yes,mailed_check,126.06,1764.83,No
CUST-03291,Male,0,No,No,16,Yes,Yes,DSL,Yes,No,Yes,No internet service,No,Yes,month-to-month,No,credit_card,75.01,1200.2,No
CUST-03292,Female,0,No,Yes,15,Yes,No,No,Yes,Yes,No,No,No,No internet service,month-to-month,Yes,electronic_check,32.46,486.91,Yes
CUST-03293,Male,0,No,No,23,Yes,No,Fiber optic,No internet service,No,No,Yes,No,Yes,one year,Yes,electronic_check,119.69,2752.94,No
CUST-03294,Male,1,Yes,No,26,Yes,No,DSL,No,Yes,No,No internet service,Yes,Yes,one year,Yes,electronic_check,55.7,1448.29,No
CUST-03295,Male,1,No,No,25,Yes,No,DSL,No,Yes,No,No,No,No,one year,Yes,bank_transfer,75.65,1891.35,No
CUST-03296,Female,1,Yes,No,46,Yes,No,DSL,No internet service,Yes,Yes,No internet service,No internet service,Yes,month-to-month,Yes,electronic_check,71.73,3299.48,No
CUST-03297,Female,0,Yes,Yes,51,No,No phone service,DSL,No,No internet service,No,Yes,No internet service,Yes,month-to-month,Yes,mailed_check,41.09,2095.5,No
CUST-03298,Male,0,No,No,48,Yes,No,Fiber optic,Yes,No,No internet service,Yes,Yes,No,one year,Yes,bank_transfer,93.54,4490.07,No
CUST-03299,Female,1,No,Yes,11,Yes,No,Fiber optic,No internet service,No,No,Yes,Yes,No internet service,month-to-month,Yes,electronic_check,85.44,939.81,Yes
CUST-03300,Female,0,Yes,Yes,49,No,No phone service,DSL,No,Yes,No,No,No internet service,Yes,one year,Yes,mailed_check,63.18,3095.7,No
CUST-03301,Male,1,No,No,46,Yes,No,DSL,No internet service,Yes,Yes,No,No,No internet service,one year,Yes,mailed_check,53.34,2453.85,No
CUST-03302,Female,0,No,No,17,No,No phone service,DSL,Yes,No,No,No internet service,No internet service,No internet service,month-to-month,No,credit_card,55.59,945.02,No
CUST-03303,Male,0,No,Yes,25,Yes,No,No,No internet service,No,No internet service,No,No internet service,No internet service,two year,Yes,mailed_check,28.3,707.55,No
CUST-03304,Male,0,No,No,47,Yes,No,Fiber optic,No internet service,No,No internet service,No,No,No,month-to-month,Yes,electronic_check,104.81,4926.16,No
CUST-03305,Male,0,No,Yes,26,No,No phone service,Fiber optic,No,No internet service,No internet service,No,Yes,No,one year,No,bank_transfer,113.34,2946.77,No
CUST-03306,Female,1,Yes,No,10,Yes,Yes,Fiber optic,No internet service,No internet service,No internet service,No,No internet service,No,one year,Yes,electronic_check,84.06,840.64,No
CUST-03307,Female,0,Yes,No,72,Yes,Yes,Fiber optic,Yes,Yes,Yes,No,Yes,Yes,month-to-month,Yes,electronic_check,103.43,7446.69,No
CUST-03308,Female,0,No,Yes,53,Yes,No,No,Yes,No internet service,No,Yes,No,No internet service,two year,No,electronic_check,47.06,2494.29,No
CUST-03309,Female,1,Yes,Yes,62,Yes,Yes,DSL,Yes,No internet service,No,No,Yes,No internet service,two year,Yes,mailed_check,60.83,3771.46,No
CUST-03310,Male,1,Yes,No,41,Yes,Yes,Fiber optic,No,No internet service,No,No internet service,Yes,No,month-to-month,Yes,electronic_check,129.72,5318.55,No
CUST-03311,Female,0,Yes,No,53,Yes,No,DSL,No,No,No internet service,No,No internet service,No,month-to-month,No,mailed_check,55.01,2915.35,No
CUST-03312,Male,0,Yes,No,50,Yes,Yes,Fiber optic,No,No internet service,Yes,No internet service,Yes,Yes,month-to-month,No,mailed_check,109.92,5496.07,No
CUST-03313,Female,0,Yes,No,3,Yes,No,DSL,No,Yes,No internet service,No,Yes,Yes,two year,No,mailed_check,86.31,258.93,No
CUST-03314,Male,0,No,Yes,20,Yes,No,Fiber optic,No,No,No,No internet service,No,No internet service,month-to-month,Yes,electronic_check,112.13,2242.63,Yes
CUST-03315,Male,0,Yes,No,19,Yes,No,No,No internet service,No,Yes,No internet service,No internet service,No,one year,No,credit_card,21.35,405.69,No
CUST-03316,Female,0,Yes,No,12,Yes,No,No,No internet service,Yes,No,No,No,No,month-to-month,Yes,mailed_check,32.29,387.47,No
CUST-03317,Male,1,No,No,33,Yes,No,DSL,No internet service,No,Yes,Yes,No,No,month-to-month,No,electronic_check,38.44,1268.68,No
CUST-03318,Female,1,Yes,Yes,49,Yes,No,Fiber optic,No internet service,No internet service,No,No,Yes,No,month-to-month,Yes,credit_card,85.93,4210.58,No
CUST-03319,Female,0,No,No,68,Yes,Yes,Fiber optic,No internet service,No,Yes,No,No internet service,No,month-to-month,Yes,electronic_check,88.21,5997.98,No
CUST-03320,Male,0,No,No,44,Yes,No,Fiber optic,No internet service,No internet service,No,No internet service,No internet service,Yes,one year,Yes,mailed_check,97.08,4271.73,No
CUST-03321,Female,0,Yes,No,50,Yes,No,Fiber optic,No internet service,No internet service,No,Yes,Yes,No internet service,two year,Yes,bank_transfer,146.57,7328.31,No
CUST-03322,Female,0,Yes,No,51,Yes,Yes,DSL,No,Yes,No,No internet service,No internet service,Yes,month-to-month,Yes,credit_card,52.58,2681.71,No
CUST-03323,Female,1,Yes,Yes,13,Yes,Yes,Fiber optic,No internet service,No,Yes,No,Yes,Yes,two year,Yes,mailed_check,132.34,1720.46,No
CUST-03324,Female,0,Yes,No,34,Yes,No,Fiber optic,Yes,Yes,No internet service,No,No internet service,No,one year,Yes,mailed_check,74.05,2517.77,No
CUST-03325,Female,1,Yes,Yes,59,Yes,No,Fiber optic,Yes,No,No internet service,No,No,Yes,month-to-month,No,electronic_check,105.31,6213.11,No
CUST-03326,Male,1,No,No,41,Yes,Yes,Fiber optic,No internet service,No internet service,Yes,No internet service,Yes,No internet service,two year,Yes,mailed_check,111.49,4571.12,No
CUST-03327,Female,0,Yes,No,37,Yes,No,No,No internet service,No internet service,No,No internet service,Yes,No,month-to-month,Yes,mailed_check,6.32,233.71,No
CUST-03328,Female,1,No,Yes,19,No,No phone service,Fiber optic,No,Yes,No internet service,Yes,No,No,one year,Yes,credit_card,86.12,1636.34,No
CUST-03329,Female,1,Yes,No,72,Yes,No,No,Yes,No internet service,Yes,No,No,No internet service,month-to-month,Yes,electronic_check,24.05,1731.83,No
CUST-03330,Female,1,No,Yes,28,Yes,Yes,DSL,No internet service,No,No internet service,No,Yes,No,month-to-month,Yes,bank_transfer,56.92,1593.78,No
CUST-03331,Female,0,Yes,No,60,Yes,No,Fiber optic,No,Yes,No,No internet service,Yes,No,one year,Yes,credit_card,83.79,5027.4,No
CUST-03332,Female,1,Yes,No,26,Yes,No,DSL,No,No,No,No,Yes,No,month-to-month,No,mailed_check,44.69,1161.96,Yes
CUST-03333,Female,0,Yes,No,72,Yes,Yes,Fiber optic,No,No internet service,Yes,No,No internet service,No internet service,month-to-month,No,credit_card,86.93,6259.09,No
CUST-03334,Male,1,Yes,Yes,17,Yes,No,DSL,No,No,Yes,No,No,Yes,month-to-month,Yes,mailed_check,67.48,1147.2,No
CUST-03335,Female,1,Yes,No,31,Yes,No,Fiber optic,No,Yes,No,No,No,No,month-to-month,No,credit_card,72.76,2255.46,No
CUST-03336,Male,0,No,Yes,39,Yes,Yes,DSL,No internet service,No internet service,No internet service,Yes,No internet service,Yes,two year,Yes,electronic_check,81.88,3193.14,No
CUST-03337,Male,0,No,No,4,Yes,Yes,DSL,No,No,No,Yes,No,No,month-to-month,No,credit_card,60.31,241.25,No
CUST-03338,Female,1,No,No,44,Yes,No,No,No,No,No,No,Yes,Yes,one year,No,electronic_check,9.71,427.02,No
CUST-03339,Male,0,No,No,72,Yes,Yes,DSL,Yes,No,No,No,No,Yes,two year,Yes,bank_transfer,61.88,4455.65,No
CUST-03340,Male,0,Yes,No,52,Yes,No,DSL,Yes,No,Yes,Yes,No,No internet service,month-to-month,Yes,mailed_check,43.93,2284.17,No
CUST-03341,Female,0,No,Yes,2,Yes,Yes,DSL,Yes,Yes,No,Yes,No internet service,No,one year,Yes,mailed_check,88.16,176.33,No
CUST-03342,Female,0,No,No,4,Yes,Yes,No,No,No,No,No internet service,No,No internet service,month-to-month,No,bank_transfer,25.86,103.46,No
CUST-03343,Female,0,No,No,16,Yes,No,Fiber optic,Yes,No,No internet service,No internet service,Yes,Yes,two year,No,credit_card,64.78,1036.44,No
CUST-03344,Female,0,Yes,No,64,Yes,Yes,DSL,No internet service,No,No internet service,No,No internet service,No,two year,Yes,electronic_check,89.13,5704.57,No
CUST-03345,Female,1,No,No,10,Yes,Yes,Fiber optic,No,No internet service,No,No internet service,No internet service,No internet service,one year,No,credit_card,123.24,1232.43,No
CUST-03346,Female,1,Yes,No,22,Yes,No,DSL,Yes,No internet service,Yes,No internet service,Yes,No,one year,Yes,mailed_check,59.68,1313.07,No
CUST-03347,Male,1,Yes,Yes,20,Yes,No,Fiber optic,Yes,No internet service,No,Yes,No internet service,No,one year,Yes,electronic_check,97.55,1950.93,No
CUST-03348,Female,0,No,Yes,7,Yes,Yes,Fiber optic,No,No,Yes,No internet service,No,Yes,one year,No,credit_card,123.7,865.9,Yes
CUST-03349,Female,1,No,No,17,Yes,No,DSL,No internet service,No,No,Yes,Yes,No,month-to-month,Yes,credit_card,48.45,823.71,No
CUST-03350,Male,1,Yes,No,61,No,No phone service,Fiber optic,No,No,Yes,No,No internet service,No internet service,month-to-month,Yes,electronic_check,105.52,6436.78,No
CUST-03351,Male,1,Yes,No,52,Yes,No,No,Yes,Yes,Yes,No,Yes,Yes,month-to-month,Yes,bank_transfer,31.83,1655.04,No
CUST-03352,Male,0,No,No,29,Yes,Yes,DSL,No,Yes,No,No,No,No internet service,month-to-month,Yes,bank_transfer,64.41,1867.99,No
CUST-03353,Female,0,No,Yes,39,Yes,No,Fiber optic,No,No internet service,Yes,No,Yes,Yes,one year,Yes,electronic_check,117.04,4564.55,No
CUST-03354,Female,1,No,No,72,Yes,No,Fiber optic,Yes,No internet service,No,No,No,Yes,two year,No,electronic_check,114.37,8234.78,No
CUST-03355,Female,1,Yes,No,57,Yes,No,Fiber optic,No internet service,No,No,No,No,No,two year,Yes,electronic_check,131.51,7495.96,No
CUST-03356,Female,1,No,No,37,Yes,No,DSL,No,No internet service,No,No,Yes,No,two year,No,mailed_check,39.96,1478.68,No
CUST-03357,Female,0,Yes,Yes,37,Yes,No,Fiber optic,No,Yes,No,No,No,No,two year,No,mailed_check,117.07,4331.48,No
CUST-03358,Female,1,Yes,No,20,Yes,Yes,DSL,No internet service,No internet service,Yes,No,No,No,month-to-month,Yes,electronic_check,43.93,878.67,No
CUST-03359,Male,0,Yes,No,70,Yes,Yes,DSL,No internet service,Yes,No internet service,Yes,Yes,No,month-to-month,Yes,bank_transfer,44.4,3108.25,No
CUST-03360,Female,0,Yes,No,58,Yes,No,No,Yes,Yes,Yes,Yes,Yes,No internet service,one year,Yes,electronic_check,31.49,1826.47,No
CUST-03361,Male,0,No,No,23,Yes,No,Fiber optic,No,No,Yes,No,No internet service,Yes,month-to-month,No,bank_transfer,117.54,2703.35,No
CUST-03362,Male,0,Yes,No,60,Yes,Yes,Fiber optic,Yes,No,No internet service,No internet service,No internet service,No internet service,month-to-month,Yes,bank_transfer,90.93,5455.56,No
CUST-03363,Male,1,No,No,47,Yes,No,DSL,No,No,No internet service,No internet service,Yes,No internet service,two year,No,credit_card,57.07,2682.16,No
CUST-03364,Female,0,No,No,15,No,No phone service,Fiber optic,Yes,Yes,No,Yes,No internet service,No internet service,month-to-month,No,bank_transfer,107.11,1606.72,No
CUST-03365,Female,1,Yes,No,11,Yes,No,Fiber optic,No,Yes,No,No,Yes,No,month-to-month,Yes,credit_card,87.87,966.58,Yes
CUST-03366,Female,1,No,Yes,66,No,No phone service,DSL,Yes,No,No,No,No,Yes,month-to-month,No,mailed_check,70.07,4624.32,No
CUST-03367,Male,1,Yes,Yes,4,Yes,No,DSL,Yes,No,Yes,No internet service,Yes,No internet service,month-to-month,Yes,bank_transfer,39.98,159.92,Yes
CUST-03368,Male,0,No,Yes,51,Yes,Yes,Fiber optic,No,No internet service,No,No,No internet service,No internet service,month-to-month,No,electronic_check,72.84,3715.0,No
CUST-03369,Male,0,No,No,27,Yes,Yes,Fiber optic,No internet service,No,No internet service,Yes,Yes,No internet service,one year,No,electronic_check,81.34,2196.1,No
CUST-03370,Female,1,Yes,No,32,Yes,Yes,Fiber optic,No internet service,No,No,No internet service,No,No internet service,two year,No,electronic_check,122.88,3932.08,No
CUST-03371,Male,1,Yes,Yes,61,Yes,Yes,DSL,Yes,No,No,No internet service,No,Yes,one year,Yes,mailed_check,53.17,3243.57,No
CUST-03372,Male,0,Yes,Yes,51,Yes,Yes,Fiber optic,No,No,No,Yes,Yes,No,one year,No,credit_card,65.81,3356.14,No
CUST-03373,Male,1,No,No,42,Yes,No,No,No internet service,No internet service,No,No,No internet service,No,two year,No,mailed_check,25.11,1054.65,No
CUST-03374,Female,0,Yes,Yes,35,Yes,No,DSL,Yes,No internet service,No,No internet service,No internet service,Yes,two year,Yes,electronic_check,77.21,2702.43,No
CUST-03375,Female,1,No,Yes,66,Yes,No,DSL,Yes,Yes,No internet service,No,No,No,month-to-month,Yes,bank_transfer,54.86,3620.88,No
CUST-03376,Female,1,No,No,7,Yes,Yes,DSL,No internet service,No internet service,Yes,Yes,No,No,month-to-month,Yes,bank_transfer,40.44,283.11,Yes
CUST-03377,Male,0,Yes,No,41,Yes,Yes,Fiber optic,No,Yes,No,No,No,Yes,month-to-month,Yes,mailed_check,94.8,3886.83,Yes
CUST-03378,Female,1,No,No,69,Yes,Yes,Fiber optic,Yes,No internet service,No,No internet service,No,No,month-to-month,No,mailed_check,59.39,4098.02,No
CUST-03379,Female,0,Yes,No,3,Yes,No,Fiber optic,Yes,Yes,Yes,Yes,Yes,Yes,one year,No,electronic_check,112.32,336.95,Yes
CUST-03380,Male,1,Yes,Yes,71,Yes,Yes,Fiber optic,No internet service,Yes,No,No,No internet service,No,month-to-month,Yes,credit_card,78.95,5605.43,No
CUST-03381,Male,1,No,No,14,Yes,Yes,Fiber optic,No internet service,No internet service,Yes,No,No,No,month-to-month,Yes,electronic_check,100.06,1400.78,No
CUST-03382,Male,0,No,Yes,69,Yes,No,Fiber optic,No internet service,No internet service,No,No internet service,No,No,month-to-month,No,electronic_check,92.33,6371.04,No
CUST-03383,Female,1,No,No,27,Yes,Yes,No,No internet service,No,Yes,No internet service,No,Yes,one year,No,electronic_check,8.99,242.77,No
CUST-03384,Male,1,Yes,Yes,10,Yes,Yes,Fiber optic,No,No,No,No,No,No,month-to-month,No,mailed_check,76.63,766.29,Yes
CUST-03385,Female,1,Yes,No,56,Yes,Yes,Fiber optic,No,No internet service,No,Yes,No internet service,Yes,month-to-month,No,bank_transfer,124.6,6977.85,No
CUST-03386,Female,1,No,No,57,Yes,No,Fiber optic,No internet service,No internet service,No,No internet service,No internet service,No,month-to-month,Yes,mailed_check,107.93,6151.83,No
CUST-03387,Male,0,Yes,No,56,Yes,Yes,DSL,No,Yes,No,No internet service,No,No internet service,month-to-month,Yes,bank_transfer,36.14,2023.93,No
CUST-03388,Female,1,No,No,25,Yes,No,Fiber optic,Yes,Yes,No,No internet service,No internet service,No,two year,Yes,credit_card,64.01,1600.27,No
CUST-03389,Male,0,No,No,10,Yes,No,DSL,No,No internet service,No internet service,No internet service,No,Yes,one year,Yes,credit_card,55.38,553.82,No
CUST-03390,Female,1,Yes,No,27,Yes,Yes,DSL,No internet service,No internet service,No,No,No,No,month-to-month,Yes,mailed_check,66.83,1804.4,No
CUST-03391,Female,1,Yes,No,71,Yes,Yes,No,No,No,No,No internet service,No internet service,No,month-to-month,Yes,mailed_check,21.59,1532.76,No
CUST-03392,Male,0,Yes,No,59,Yes,No,Fiber optic,Yes,No,No internet service,No internet service,Yes,No,month-to-month,No,electronic_check,74.56,4399.0,No
CUST-03393,Female,0,No,No,42,Yes,Yes,Fiber optic,Yes,No,No,Yes,No,No internet service,two year,No,electronic_check,124.08,5211.37,No
CUST-03394,Female,1,Yes,Yes,63,Yes,No,Fiber optic,Yes,No internet service,No internet service,Yes,No,No,month-to-month,Yes,mailed_check,92.63,5835.77,No
CUST-03395,Female,0,No,No,10,No,No phone service,Fiber optic,No internet service,No,No,No,No,No,two year,Yes,electronic_check,108.8,1088.02,No
CUST-03396,Female,0,No,No,42,Yes,Yes,Fiber optic,No,No,Yes,Yes,No,No,month-to-month,Yes,bank_transfer,59.25,2488.49,No
CUST-03397,Female,0,No,No,19,No,No phone service,DSL,No,No,No internet service,No internet service,No,No internet service,two year,No,mailed_check,78.97,1500.36,No
CUST-03398,Female,1,No,No,39,Yes,No,Fiber optic,No,Yes,No,No internet service,Yes,No,two year,Yes,mailed_check,98.73,3850.29,No
CUST-03399,Female,1,No,Yes,11,Yes,No,Fiber optic,No internet service,No internet service,No,No internet service,Yes,No,one year,Yes,electronic_check,120.08,1320.91,No
CUST-03400,Male,0,No,No,36,Yes,No,DSL,No,No internet service,No internet service,No internet service,No internet service,No internet service,month-to-month,No,bank_transfer,56.98,2051.31,No
CUST-03401,Male,0,Yes,Yes,1,Yes,No,DSL,No,Yes,No internet service,No,No,No internet service,month-to-month,Yes,bank_transfer,79.42,79.42,Yes
CUST-03402,Female,0,No,No,42,Yes,No,DSL,Yes,Yes,No,No internet service,No,Yes,month-to-month,No,electronic_check,69.85,2933.65,Yes
CUST-03403,Male,1,No,No,19,Yes,No,Fiber optic,No,No,Yes,Yes,Yes,No,one year,Yes,electronic_check,99.37,1888.12,Yes
CUST-03404,Female,0,Yes,No,58,Yes,Yes,Fiber optic,Yes,No,No internet service,No internet service,Yes,No internet service,month-to-month,Yes,electronic_check,118.55,6875.76,No
CUST-03405,Female,0,No,Yes,21,Yes,Yes,No,No internet service,Yes,Yes,Yes,No,Yes,month-to-month,Yes,bank_transfer,37.99,797.8,Yes
CUST-03406,Male,0,No,No,15,Yes,No,DSL,Yes,Yes,No,No,Yes,No internet service,two year,Yes,credit_card,42.45,636.8,No
CUST-03407,Male,0,Yes,No,15,Yes,Yes,Fiber optic,No,No,No,No internet service,Yes,No internet service,one year,Yes,bank_transfer,122.07,1831.12,No
CUST-03408,Male,1,No,No,30,Yes,No,Fiber optic,No,Yes,No internet service,Yes,No internet service,No,one year,No,bank_transfer,131.89,3956.69,No
CUST-03409,Male,0,No,No,61,Yes,Yes,DSL,No internet service,Yes,No,No internet service,No internet service,Yes,month-to-month,No,credit_card,52.01,3172.47,No
CUST-03410,Male,0,No,No,5,Yes,No,DSL,Yes,No,Yes,Yes,Yes,No internet service,month-to-month,No,electronic_check,43.01,215.05,Yes
CUST-03411,Female,0,Yes,Yes,47,Yes,No,DSL,Yes,Yes,No,No internet service,No internet service,No,month-to-month,No,bank_transfer,40.66,1910.91,No
CUST-03412,Male,1,Yes,No,22,Yes,Yes,Fiber optic,Yes,No internet service,No internet service,No,No,No,month-to-month,Yes,credit_card,90.88,1999.32,Yes
CUST-03413,Female,0,No,No,28,No,No phone service,DSL,Yes,No internet service,No internet service,No,No,No internet service,month-to-month,Yes,bank_transfer,45.51,1274.26,No
CUST-03414,Male,1,No,No,35,Yes,Yes,DSL,No,No internet service,No,No,Yes,Yes,one year,No,electronic_check,82.54,2888.85,No
CUST-03415,Female,1,No,No,68,Yes,No,DSL,No internet service,No internet service,No internet service,No,Yes,No,two year,No,electronic_check,69.02,4693.13,No
CUST-03416,Female,1,Yes,Yes,66,No,No phone service,Fiber optic,No,No internet service,No,No,No,Yes,month-to-month,Yes,bank_transfer,105.18,6941.56,No
CUST-03417,Male,0,No,Yes,34,Yes,No,DSL,No internet service,No internet service,No,No internet service,No internet service,Yes,two year,Yes,credit_card,69.13,2350.42,No
CUST-03418,Male,1,Yes,No,52,Yes,Yes,No,No internet service,Yes,No,No,No internet service,Yes,month-to-month,Yes,bank_transfer,25.32,1316.45,No
CUST-03419,Female,0,Yes,No,70,Yes,No,Fiber optic,Yes,No internet service,No,No internet service,Yes,No,one year,Yes,electronic_check,129.89,9092.06,No
CUST-03420,Female,1,No,No,69,Yes,Yes,Fiber optic,No,Yes,No,No,No,Yes,one year,No,electronic_check,118.47,8174.54,No
CUST-03421,Male,1,Yes,No,30,Yes,Yes,DSL,No,No,Yes,No internet service,No internet service,No internet service,two year,No,electronic_check,65.16,1954.7,No
CUST-03422,Male,0,Yes,Yes,24,Yes,No,Fiber optic,No internet service,No internet service,No,Yes,Yes,No,two year,Yes,electronic_check,144.51,3468.12,Yes
CUST-03423,Male,0,No,No,39,Yes,No,Fiber optic,Yes,No,No internet service,No,No internet service,Yes,month-to-month,Yes,credit_card,88.21,3440.14,No
CUST-03424,Female,0,Yes,Yes,60,Yes,Yes,DSL,No,No,No,No,No,Yes,month-to-month,Yes,electronic_check,52.94,3176.28,No
CUST-03425,Female,0,Yes,No,64,Yes,Yes,Fiber optic,No internet service,Yes,No,No internet service,No internet service,No internet service,two year,Yes,credit_card,129.94,8316.31,No
CUST-03426,Male,1,Yes,No,22,Yes,Yes,DSL,No,No internet service,No internet service,No,No,No,one year,Yes,mailed_check,80.04,1760.79,No
CUST-03427,Male,1,No,No,11,Yes,No,DSL,Yes,No,No internet service,No,No,No internet service,two year,No,mailed_check,80.93,890.23,No
CUST-03428,Male,0,Yes,No,42,Yes,No,DSL,No internet service,No,No internet service,No,No,No,two year,No,bank_transfer,53.03,2227.06,No
CUST-03429,Male,1,Yes,No,47,No,No phone service,DSL,No,Yes,No,No,Yes,No internet service,two year,Yes,electronic_check,63.54,2986.16,No
CUST-03430,Female,0,No,No,37,Yes,Yes,Fiber optic,Yes,Yes,Yes,No internet service,No internet service,Yes,month-to-month,Yes,credit_card,63.66,2355.34,No
CUST-03431,Female,1,No,No,42,Yes,No,DSL,No,No internet service,No internet service,Yes,Yes,Yes,two year,No,electronic_check,67.32,2827.51,No
CUST-03432,Male,0,Yes,No,40,No,No phone service,Fiber optic,No internet service,Yes,Yes,No,No,No,one year,Yes,bank_transfer,84.78,3391.18,No
CUST-03433,Male,0,Yes,Yes,8,Yes,No,DSL,Yes,No,No,No,No,No internet service,month-to-month,Yes,credit_card,58.62,468.97,Yes
CUST-03434,Female,1,Yes,No,36,Yes,No,No,Yes,Yes,No,Yes,Yes,No internet service,month-to-month,No,credit_card,0.4,14.38,No
CUST-03435,Male,1,Yes,No,51,Yes,Yes,DSL,Yes,No,No,No internet service,Yes,Yes,month-to-month,Yes,bank_transfer,26.65,1359.33,No
CUST-03436,Female,1,No,No,39,No,No phone service,Fiber optic,No,No,No internet service,No internet service,No internet service,Yes,month-to-month,Yes,electronic_check,139.3,5432.7,Yes
CUST-03437,Male,1,No,No,67,Yes,Yes,DSL,No internet service,Yes,No,No internet service,Yes,No internet service,one year,Yes,electronic_check,46.91,3143.16,No
CUST-03438,Female,1,No,No,38,No,No phone service,DSL,Yes,No,No,Yes,No internet service,Yes,one year,Yes,electronic_check,76.32,2900.26,No
CUST-03439,Female,0,No,No,1,Yes,Yes,DSL,Yes,Yes,Yes,No internet service,No,No internet service,one year,Yes,credit_card,71.95,71.95,Yes
CUST-03440,Female,0,Yes,No,1,Yes,No,No,No internet service,Yes,No internet service,Yes,No,No internet service,two year,Yes,bank_transfer,12.51,12.51,No
CUST-03441,Female,0,Yes,Yes,52,Yes,No,Fiber optic,No,No,Yes,No,No internet service,No,month-to-month,Yes,electronic_check,105.64,5493.13,No
CUST-03442,Male,0,No,No,22,Yes,Yes,Fiber optic,No,No internet service,No internet service,Yes,Yes,No internet service,month-to-month,Yes,electronic_check,128.16,2819.61,No
CUST-03443,Male,0,No,No,17,Yes,Yes,Fiber optic,No,No internet service,No,No,Yes,No internet service,month-to-month,Yes,electronic_check,90.62,1540.61,Yes
CUST-03444,Male,1,Yes,No,29,Yes,No,Fiber optic,Yes,No,No internet service,No,No internet service,No internet service,month-to-month,No,credit_card,108.74,3153.53,No
CUST-03445,Female,0,Yes,No,55,Yes,No,No,No,Yes,Yes,No internet service,No,No internet service,month-to-month,Yes,credit_card,2.1,115.62,No
CUST-03446,Female,0,No,No,29,Yes,No,DSL,No,No,No internet service,No internet service,No,No,month-to-month,No,mailed_check,60.82,1763.72,No
CUST-03447,Female,0,No,No,40,Yes,Yes,Fiber optic,No,Yes,No internet service,Yes,No internet service,No,one year,Yes,electronic_check,130.28,5211.35,No
CUST-03448,Male,1,No,Yes,70,Yes,No,DSL,Yes,No internet service,Yes,No,Yes,No internet service,month-to-month,Yes,mailed_check,52.62,3683.18,No
CUST-03449,Male,0,No,Yes,1,Yes,No,DSL,Yes,No internet service,No,No,No,No,month-to-month,Yes,electronic_check,50.05,50.05,Yes
CUST-03450,Male,0,No,No,10,Yes,Yes,Fiber optic,No,No internet service,Yes,Yes,No,No,two year,Yes,mailed_check,82.32,823.16,No
CUST-03451,Female,1,Yes,Yes,23,Yes,No,Fiber optic,Yes,No,No,No internet service,No,Yes,month-to-month,Yes,electronic_check,88.75,2041.19,No
CUST-03452,Female,1,Yes,Yes,70,Yes,Yes,No,Yes,Yes,No,No,No,Yes,one year,No,credit_card,10.21,715.02,No
CUST-03453,Male,0,No,No,17,Yes,No,Fiber optic,No,No internet service,No internet service,No,No internet service,Yes,month-to-month,Yes,mailed_check,78.27,1330.55,No
CUST-03454,Female,1,Yes,No,11,Yes,Yes,DSL,No internet service,Yes,No,Yes,No,Yes,month-to-month,Yes,credit_card,67.66,744.29,No
CUST-03455,Male,1,No,No,0,Yes,No,Fiber optic,No internet service,No internet service,Yes,No internet service,No internet service,No,month-to-month,Yes,mailed_check,81.73,81.73,No
CUST-03456,Male,0,No,Yes,67,Yes,No,Fiber optic,No internet service,No internet service,No internet service,No internet service,No internet service,No internet service,one year,No,credit_card,99.7,6680.15,No
CUST-03457,Female,1,Yes,Yes,37,Yes,Yes,Fiber optic,No,No internet service,No,No internet service,Yes,No,one year,No,mailed_check,137.72,5095.64,No
CUST-03458,Female,1,No,No,43,Yes,No,Fiber optic,No,No,No internet service,No internet service,No,No,month-to-month,Yes,electronic_check,97.97,4212.72,Yes
CUST-03459,Male,0,No,No,39,No,No phone service,DSL,No internet service,No internet service,Yes,Yes,No internet service,No,one year,Yes,mailed_check,68.43,2668.9,No
CUST-03460,Male,1,No,No,66,Yes,No,DSL,No,Yes,Yes,No internet service,No internet service,Yes,month-to-month,No,credit_card,75.64,4992.51,No
CUST-03461,Female,1,No,Yes,24,Yes,No,DSL,Yes,No,No internet service,No internet service,No,No,one year,Yes,credit_card,87.25,2093.99,No
CUST-03462,Male,0,Yes,Yes,9,Yes,No,DSL,Yes,No internet service,No internet service,No,No,Yes,one year,Yes,bank_transfer,39.66,356.93,No
CUST-03463,Male,0,No,No,65,Yes,Yes,Fiber optic,No,Yes,No internet service,No,No,No,two year,No,electronic_check,86.78,5640.64,No
CUST-03464,Female,1,Yes,Yes,45,Yes,No,Fiber optic,Yes,No,No internet service,Yes,No,No,two year,No,credit_card,124.72,5612.55,No
CUST-03465,Male,0,Yes,No,42,Yes,Yes,Fiber optic,Yes,No,No,No internet service,Yes,No,month-to-month,Yes,mailed_check,65.22,2739.22,No
CUST-03466,Male,0,No,No,11,Yes,Yes,Fiber optic,No internet service,No internet service,Yes,No internet service,No,No internet service,month-to-month,No,mailed_check,109.53,1204.81,Yes
CUST-03467,Male,0,No,Yes,70,Yes,No,Fiber optic,Yes,Yes,No,Yes,No,No internet service,one year,Yes,electronic_check,122.26,8558.07,No
CUST-03468,Male,1,No,No,65,Yes,Yes,Fiber optic,Yes,No,No internet service,No internet service,Yes,Yes,two year,No,mailed_check,121.87,7921.77,No
CUST-03469,Male,0,Yes,No,12,Yes,No,DSL,Yes,Yes,No,No,Yes,No,month-to-month,No,electronic_check,44.8,537.58,No
CUST-03470,Male,1,No,No,64,No,No phone service,Fiber optic,Yes,No internet service,No internet service,No internet service,No internet service,Yes,month-to-month,Yes,electronic_check,129.09,8261.73,No
CUST-03471,Male,0,Yes,No,5,Yes,No,Fiber optic,Yes,No,No internet service,Yes,Yes,No,one year,No,bank_transfer,92.65,463.26,No
CUST-03472,Male,1,Yes,No,29,Yes,No,DSL,No,Yes,Yes,Yes,No,No,one year,Yes,credit_card,55.83,1619.02,No
CUST-03473,Male,1,Yes,Yes,6,Yes,Yes,Fiber optic,No,No internet service,No internet service,Yes,No internet service,No,two year,No,electronic_check,109.03,654.17,No
CUST-03474,Female,1,No,Yes,64,Yes,No,No,Yes,No,No internet service,Yes,Yes,Yes,one year,No,credit_card,35.87,2295.57,No
CUST-03475,Male,1,Yes,No,45,Yes,Yes,DSL,Yes,Yes,No,No,No internet service,Yes,two year,Yes,credit_card,88.9,4000.39,No
CUST-03476,Female,0,No,Yes,17,Yes,No,DSL,No internet service,No,No,No,No,No,month-to-month,No,mailed_check,52.05,884.9,No
CUST-03477,Female,1,Yes,No,68,Yes,Yes,Fiber optic,Yes,No internet service,No,Yes,No,Yes,two year,Yes,electronic_check,88.5,6017.97,No
CUST-03478,Female,0,No,Yes,43,Yes,Yes,Fiber optic,Yes,No,Yes,No,Yes,Yes,two year,Yes,mailed_check,104.61,4498.43,No
CUST-03479,Female,1,Yes,No,4,No,No phone service,Fiber optic,Yes,Yes,No internet service,No internet service,No internet service,No internet service,one year,No,electronic_check,79.82,319.26,No
CUST-03480,Female,0,Yes,No,21,Yes,Yes,Fiber optic,No,Yes,No,No,No,Yes,one year,No,credit_card,91.23,1915.84,No
CUST-03481,Male,1,No,No,54,No,No phone service,Fiber optic,No internet service,Yes,No,No,No,No,two year,No,credit_card,96.46,5208.92,No
CUST-03482,Male,0,No,Yes,7,Yes,No,DSL,Yes,Yes,No,No,No internet service,No,month-to-month,Yes,credit_card,65.36,457.55,No
CUST-03483,Female,0,No,Yes,11,No,No phone service,Fiber optic,No internet service,No,Yes,No,No internet service,No,month-to-month,Yes,electronic_check,106.64,1173.0,No
CUST-03484,Male,1,Yes,No,46,Yes,No,DSL,No,No internet service,No,No,No,Yes,month-to-month,Yes,mailed_check,42.03,1933.37,No
CUST-03485,Female,0,No,No,46,Yes,No,DSL,Yes,Yes,Yes,Yes,No internet service,Yes,month-to-month,No,credit_card,33.25,1529.4,No
CUST-03486,Female,0,Yes,No,19,Yes,No,DSL,Yes,No internet service,Yes,No,Yes,No internet service,one year,Yes,mailed_check,67.42,1280.96,No
CUST-03487,Female,1,Yes,No,18,Yes,Yes,Fiber optic,No,No,Yes,Yes,Yes,No,month-to-month,Yes,credit_card,139.85,2517.25,No
CUST-03488,Male,0,No,No,20,Yes,Yes,No,No internet service,Yes,No,Yes,No,No internet service,month-to-month,Yes,mailed_check,22.99,459.78,No
CUST-03489,Male,0,No,No,25,Yes,No,DSL,Yes,No,No,No internet service,Yes,No,month-to-month,Yes,mailed_check,88.89,2222.27,No
CUST-03490,Female,0,No,No,65,No,No phone service,Fiber optic,Yes,Yes,No,Yes,No internet service,Yes,month-to-month,Yes,bank_transfer,69.83,4539.23,No
CUST-03491,Female,0,No,Yes,64,Yes,No,DSL,No internet service,No,Yes,No internet service,No internet service,Yes,one year,Yes,bank_transfer,50.91,3258.02,No
CUST-03492,Male,0,No,No,58,Yes,No,Fiber optic,No,Yes,No internet service,No internet service,No internet service,No internet service,month-to-month,Yes,mailed_check,74.19,4303.25,No
CUST-03493,Female,1,Yes,No,45,No,No phone service,Fiber optic,No,Yes,No internet service,No,No,No,month-to-month,Yes,credit_card,108.81,4896.28,No
CUST-03494,Male,0,Yes,No,23,Yes,No,DSL,No,Yes,Yes,No internet service,No,No internet service,month-to-month,No,credit_card,48.36,1112.37,No
CUST-03495,Male,0,No,No,29,Yes,No,Fiber optic,Yes,No,No,No internet service,Yes,No internet service,month-to-month,No,electronic_check,108.82,3155.91,No
CUST-03496,Female,1,Yes,No,15,Yes,No,DSL,No internet service,No internet service,No internet service,No,Yes,Yes,two year,Yes,bank_transfer,63.38,950.66,No
CUST-03497,Female,0,No,Yes,68,Yes,Yes,No,No internet service,Yes,No,No internet service,No,No,one year,Yes,mailed_check,21.76,1479.65,No
CUST-03498,Female,0,No,Yes,34,Yes,Yes,Fiber optic,Yes,No internet service,No,No,No,No,month-to-month,Yes,bank_transfer,120.46,4095.51,No
CUST-03499,Female,0,Yes,Yes,11,Yes,Yes,No,No,Yes,No,No internet service,No internet service,Yes,month-to-month,No,mailed_check,26.29,289.2,No
CUST-03500,Male,0,Yes,No,7,Yes,No,DSL,Yes,Yes,No,Yes,Yes,Yes,month-to-month,No,mailed_check,85.11,595.74,Yes
CUST-03501,Female,1,Yes,No,62,Yes,No,No,No,Yes,Yes,No,No,Yes,month-to-month,Yes,mailed_check,35.21,2182.83,No
CUST-03502,Female,0,No,No,46,Yes,No,No,Yes,No internet service,Yes,No internet service,No internet service,Yes,month-to-month,No,credit_card,34.87,1603.8,No
CUST-03503,Male,1,Yes,No,27,Yes,No,Fiber optic,No,Yes,Yes,No,No internet service,No,one year,No,credit_card,88.07,2377.97,No
CUST-03504,Female,1,Yes,No,55,Yes,No,Fiber optic,No,Yes,No internet service,Yes,No internet service,No,month-to-month,No,bank_transfer,61.17,3364.42,No
CUST-03505,Female,0,Yes,No,42,Yes,No,Fiber optic,No,No,No,No,No internet service,No internet service,two year,Yes,bank_transfer,138.7,5825.37,No
CUST-03506,Female,0,Yes,No,26,No,No phone service,Fiber optic,Yes,No internet service,No internet service,No,No,No internet service,two year,No,mailed_check,107.07,2783.93,No
CUST-03507,Male,0,No,No,32,Yes,Yes,Fiber optic,No,No internet service,No internet service,No internet service,No,No internet service,two year,Yes,credit_card,120.39,3852.52,No
CUST-03508,Female,1,Yes,Yes,35,Yes,Yes,Fiber optic,No,No,No internet service,No internet service,No,No,one year,No,mailed_check,80.42,2814.63,No
CUST-03509,Female,0,Yes,No,17,Yes,No,Fiber optic,Yes,No,Yes,No internet service,Yes,Yes,two year,Yes,electronic_check,119.97,2039.56,No
CUST-03510,Female,1,Yes,No,64,Yes,Yes,Fiber optic,No internet service,No,No,No,No,Yes,month-to-month,Yes,mailed_check,79.56,5091.59,No
CUST-03511,Female,0,Yes,No,44,Yes,No,Fiber optic,No,No,No,No,Yes,No,two year,Yes,electronic_check,99.91,4396.14,No
CUST-03512,Male,1,No,No,9,Yes,Yes,DSL,No,Yes,No,No,No,No internet service,two year,Yes,electronic_check,65.85,592.67,Yes
CUST-03513,Male,0,Yes,No,41,Yes,No,Fiber optic,Yes,No,No,No,Yes,No internet service,month-to-month,Yes,mailed_check,119.97,4918.83,No
CUST-03514,Female,1,No,No,27,Yes,Yes,Fiber optic,Yes,No,No internet service,Yes,No internet service,No internet service,month-to-month,No,mailed_check,134.54,3632.5,Yes
CUST-03515,Female,0,No,No,23,Yes,Yes,Fiber optic,No,Yes,Yes,Yes,No,No,month-to-month,Yes,electronic_check,110.94,2551.57,No
CUST-03516,Female,0,Yes,No,2,Yes,No,Fiber optic,No,No internet service,No internet service,No,No internet service,Yes,one year,No,bank_transfer,68.4,136.8,No
CUST-03517,Male,1,Yes,No,47,Yes,No,DSL,Yes,No internet service,No internet service,No,Yes,No internet service,one year,No,bank_transfer,59.54,2798.44,No
CUST-03518,Female,1,No,No,21,Yes,No,DSL,No internet service,No,No,No,No,No,one year,No,electronic_check,77.43,1625.99,No
CUST-03519,Male,0,No,Yes,63,Yes,No,DSL,No,Yes,No,No,Yes,No,month-to-month,Yes,electronic_check,87.08,5486.23,No
CUST-03520,Male,1,Yes,No,60,Yes,No,Fiber optic,Yes,No,No,No,No,No,two year,No,bank_transfer,110.38,6623.05,No
CUST-03521,Male,0,No,Yes,37,Yes,No,Fiber optic,No internet service,No,No internet service,No,No internet service,No internet service,two year,Yes,bank_transfer,100.95,3735.14,No
CUST-03522,Male,0,Yes,No,16,Yes,No,DSL,Yes,Yes,Yes,No,No internet service,No,two year,Yes,credit_card,64.36,1029.82,No
CUST-03523,Male,0,No,No,35,Yes,No,DSL,No,No internet service,Yes,No,No,Yes,month-to-month,No,mailed_check,55.53,1943.38,No
CUST-03524,Male,0,No,No,68,Yes,No,DSL,No,No internet service,No,No internet service,No,No internet service,one year,No,bank_transfer,41.85,2845.74,No
CUST-03525,Male,1,No,No,51,Yes,Yes,No,Yes,No,No,No internet service,No internet service,No,month-to-month,No,electronic_check,2.85,145.4,No
CUST-03526,Female,1,Yes,Yes,48,Yes,Yes,DSL,No internet service,No internet service,Yes,No,No,No internet service,one year,Yes,credit_card,29.37,1409.71,No
CUST-03527,Male,0,Yes,No,4,Yes,Yes,DSL,No,No,No internet service,Yes,No,No,two year,Yes,electronic_check,54.37,217.49,No
CUST-03528,Female,1,No,No,32,Yes,No,DSL,No,No,No,Yes,Yes,Yes,month-to-month,No,electronic_check,78.06,2497.88,No
CUST-03529,Female,0,No,No,24,Yes,Yes,DSL,Yes,No,No internet service,No internet service,No internet service,No,two year,Yes,bank_transfer,64.1,1538.45,No
CUST-03530,Male,1,Yes,No,47,No,No phone service,Fiber optic,Yes,No,No,No internet service,No internet service,No internet service,two year,No,electronic_check,86.88,4083.17,No
CUST-03531,Female,0,No,No,36,Yes,Yes,Fiber optic,No internet service,No,Yes,No,Yes,No,month-to-month,Yes,electronic_check,111.5,4014.05,Yes
CUST-03532,Male,1,Yes,No,71,Yes,No,DSL,No internet service,No internet service,No,No,No internet service,No,two year,No,credit_card,76.7,5445.47,No
CUST-03533,Male,1,No,Yes,44,Yes,Yes,DSL,No,No internet service,No internet service,Yes,No,Yes,two year,Yes,electronic_check,87.26,3839.57,No
CUST-03534,Male,1,No,No,38,Yes,No,DSL,No internet service,Yes,No internet service,No,No internet service,No,two year,No,bank_transfer,73.3,2785.5,No
CUST-03535,Female,0,Yes,No,54,Yes,No,Fiber optic,No,No,No internet service,No,Yes,No,two year,Yes,mailed_check,79.76,4307.09,No
CUST-03536,Female,1,No,No,60,Yes,No,DSL,No,No internet service,No,No,Yes,No internet service,month-to-month,Yes,credit_card,68.18,4090.85,No
CUST-03537,Female,1,Yes,No,27,Yes,No,DSL,Yes,No internet service,No,No,No,Yes,month-to-month,No,bank_transfer,63.22,1706.84,No
CUST-03538,Female,1,Yes,No,7,Yes,Yes,DSL,No,Yes,No,No,No internet service,Yes,one year,Yes,credit_card,71.26,498.8,No
CUST-03539,Female,1,Yes,No,68,Yes,No,DSL,No,No,No,No,No internet service,No,month-to-month,Yes,mailed_check,79.45,5402.68,No
CUST-03540,Male,0,No,Yes,71,Yes,No,DSL,Yes,No internet service,Yes,No,Yes,No internet service,month-to-month,No,electronic_check,69.21,4914.05,No
CUST-03541,Female,0,No,Yes,66,Yes,Yes,Fiber optic,Yes,No internet service,No,No internet service,No,No internet service,month-to-month,Yes,credit_card,76.96,5079.17,No
CUST-03542,Male,0,Yes,No,62,Yes,No,DSL,No internet service,Yes,No internet service,No internet service,No,No,two year,Yes,bank_transfer,68.31,4235.47,No
CUST-03543,Female,0,Yes,No,14,Yes,Yes,DSL,No,No internet service,No,Yes,No internet service,No internet service,two year,No,mailed_check,80.52,1127.21,No
CUST-03544,Female,1,No,No,63,Yes,No,Fiber optic,No,Yes,No,Yes,No,No,month-to-month,No,credit_card,62.07,3910.29,No
CUST-03545,Female,0,Yes,No,54,Yes,No,DSL,Yes,No,No,No,No internet service,No,month-to-month,Yes,electronic_check,51.44,2777.77,No
CUST-03546,Female,1,Yes,No,65,Yes,No,Fiber optic,No,Yes,No internet service,No,No internet service,No internet service,month-to-month,Yes,credit_card,80.75,5249.07,No
CUST-03547,Female,0,Yes,No,28,Yes,No,DSL,No,Yes,Yes,No internet service,Yes,No internet service,month-to-month,No,mailed_check,60.32,1689.02,No
CUST-03548,Male,1,Yes,No,40,Yes,Yes,DSL,Yes,Yes,No,Yes,Yes,No internet service,month-to-month,No,mailed_check,32.91,1316.46,No
CUST-03549,Female,1,No,No,42,Yes,No,Fiber optic,No,No internet service,No internet service,No,No internet service,No internet service,month-to-month,Yes,electronic_check,72.84,3059.22,No
CUST-03550,Male,0,No,No,34,No,No phone service,DSL,No,No,No,No,No internet service,No internet service,month-to-month,Yes,mailed_check,52.83,1796.12,No
CUST-03551,Male,0,Yes,Yes,18,Yes,No,DSL,Yes,No,No,No,No internet service,No internet service,one year,Yes,mailed_check,51.82,932.68,No
CUST-03552,Male,1,No,Yes,26,Yes,Yes,DSL,No internet service,No,No,No internet service,No internet service,No internet service,month-to-month,Yes,bank_transfer,84.48,2196.54,No
CUST-03553,Male,1,No,No,25,Yes,Yes,Fiber optic,Yes,Yes,No,No internet service,No,No internet service,month-to-month,Yes,credit_card,106.41,2660.13,No
CUST-03554,Male,0,Yes,Yes,4,Yes,No,Fiber optic,Yes,No,No internet service,Yes,No internet service,No,one year,Yes,credit_card,93.39,373.54,No
CUST-03555,Female,0,No,No,70,Yes,Yes,DSL,No internet service,No internet service,Yes,No internet service,No,No internet service,month-to-month,No,bank_transfer,45.29,3170.6,No
CUST-03556,Female,0,No,No,44,Yes,No,DSL,No,Yes,No,No,No internet service,No,month-to-month,Yes,bank_transfer,41.4,1821.4,No
CUST-03557,Male,0,No,Yes,47,Yes,No,DSL,No,No,No,No,Yes,No,month-to-month,Yes,electronic_check,62.72,2947.65,No
CUST-03558,Male,0,No,No,38,Yes,Yes,Fiber optic,No internet service,No,Yes,Yes,No internet service,No internet service,month-to-month,Yes,credit_card,112.79,4285.99,No
CUST-03559,Female,1,Yes,No,34,Yes,No,DSL,No,No,No internet service,No internet service,No,Yes,month-to-month,Yes,credit_card,49.54,1684.25,No
CUST-03560,Female,0,Yes,No,42,Yes,Yes,DSL,Yes,No,No,No internet service,No internet service,No,month-to-month,Yes,mailed_check,39.58,1662.19,No
CUST-03561,Male,1,No,No,30,Yes,No,DSL,No internet service,No,No internet service,No,No internet service,No internet service,month-to-month,Yes,mailed_check,67.81,2034.3,No
CUST-03562,Male,0,Yes,Yes,49,No,No phone service,No,Yes,No internet service,No internet service,No internet service,Yes,No,month-to-month,Yes,bank_transfer,35.51,1739.83,No
CUST-03563,Female,1,Yes,No,17,Yes,No,DSL,No,No internet service,No internet service,No,No internet service,No,month-to-month,No,electronic_check,48.12,818.02,No
CUST-03564,Female,1,Yes,Yes,24,Yes,No,DSL,Yes,Yes,No,No,No internet service,No,month-to-month,No,credit_card,56.96,1367.1,No
CUST-03565,Male,0,No,No,6,Yes,No,DSL,No,Yes,No,No,Yes,No,one year,Yes,credit_card,78.78,472.67,No
CUST-03566,Female,0,No,No,33,Yes,Yes,No,No internet service,No,No internet service,No internet service,No internet service,No internet service,one year,No,credit_card,35.15,1159.99,No
CUST-03567,Female,0,No,No,28,Yes,No,DSL,No,No internet service,No internet service,No internet service,Yes,No internet service,month-to-month,Yes,credit_card,61.13,1711.66,No
CUST-03568,Female,1,No,No,58,Yes,Yes,DSL,No,No,No internet service,No,No,No,month-to-month,Yes,electronic_check,59.96,3477.64,No
CUST-03569,Male,1,No,Yes,17,Yes,No,No,No internet service,No,No internet service,No internet service,No,No internet service,month-to-month,Yes,bank_transfer,15.05,255.91,No
CUST-03570,Female,0,Yes,No,64,Yes,Yes,Fiber optic,No,No,No internet service,No,No,No,month-to-month,No,electronic_check,73.52,4705.18,No
CUST-03571,Female,1,Yes,No,69,Yes,Yes,DSL,No,No internet service,No internet service,No,No,No internet service,month-to-month,Yes,electronic_check,51.21,3533.62,No
CUST-03572,Female,1,Yes,No,24,No,No phone service,No,No,No,No,No internet service,No,No,one year,No,mailed_check,36.41,873.84,No
CUST-03573,Male,0,No,No,32,Yes,No,Fiber optic,Yes,No,No,Yes,Yes,No,month-to-month,No,credit_card,111.12,3555.93,No
CUST-03574,Female,0,No,No,59,Yes,Yes,Fiber optic,Yes,Yes,No,No internet service,No,No,month-to-month,Yes,mailed_check,96.48,5692.59,No
CUST-03575,Female,0,No,No,46,Yes,No,DSL,Yes,No internet service,Yes,No internet service,Yes,Yes,one year,Yes,mailed_check,67.61,3110.21,No
CUST-03576,Male,0,No,Yes,33,Yes,Yes,Fiber optic,Yes,No,No internet service,No internet service,No internet service,No,one year,Yes,mailed_check,138.9,4583.55,No
CUST-03577,Female,0,Yes,Yes,40,Yes,No,DSL,No,No,Yes,No,No,Yes,two year,Yes,electronic_check,85.56,3422.59,No
CUST-03578,Female,0,No,No,38,Yes,Yes,DSL,No,No internet service,No internet service,No,Yes,No internet service,month-to-month,No,bank_transfer,58.01,2204.42,No
CUST-03579,Female,0,No,No,65,Yes,Yes,Fiber optic,No internet service,No,No,No internet service,Yes,No internet service,month-to-month,No,credit_card,100.8,6551.82,No
CUST-03580,Male,0,No,No,30,Yes,No,DSL,Yes,Yes,No,No,Yes,Yes,month-to-month,No,mailed_check,46.87,1406.09,No
CUST-03581,Male,0,No,No,20,Yes,No,Fiber optic,No,No,No internet service,No internet service,Yes,No,one year,Yes,electronic_check,96.95,1939.04,No
CUST-03582,Male,0,No,No,60,Yes,Yes,Fiber optic,No,No internet service,No internet service,No,No internet service,Yes,month-to-month,Yes,credit_card,115.62,6936.96,No
CUST-03583,Female,1,Yes,No,58,No,No phone service,DSL,No internet service,Yes,No internet service,No,No,No internet service,month-to-month,No,mailed_check,36.22,2100.92,No
CUST-03584,Male,0,Yes,No,27,Yes,No,DSL,No internet service,No,No internet service,Yes,No internet service,No,month-to-month,Yes,credit_card,37.36,1008.66,No
CUST-03585,Male,1,Yes,Yes,71,Yes,No,DSL,No internet service,No internet service,No,No internet service,No internet service,Yes,month-to-month,Yes,mailed_check,42.95,3049.18,No
CUST-03586,Male,0,Yes,No,67,Yes,Yes,Fiber optic,No,No,No internet service,No,No,No,month-to-month,No,bank_transfer,122.57,8212.28,No
CUST-03587,Male,0,No,Yes,62,Yes,No,Fiber optic,No,No,No,No internet service,No,No,two year,No,credit_card,105.4,6534.76,No
CUST-03588,Male,0,Yes,No,51,Yes,Yes,DSL,No internet service,Yes,No,Yes,Yes,No,one year,No,electronic_check,72.12,3678.15,No
CUST-03589,Male,0,Yes,Yes,9,Yes,No,Fiber optic,Yes,No,No,No internet service,No internet service,Yes,month-to-month,Yes,credit_card,106.0,953.96,No
CUST-03590,Female,0,Yes,Yes,19,Yes,Yes,DSL,Yes,No,No,No,No,Yes,two year,No,mailed_check,95.94,1822.8,No
CUST-03591,Male,1,No,Yes,71,Yes,No,No,No internet service,No internet service,No internet service,Yes,No,No,one year,Yes,electronic_check,12.87,913.92,No
CUST-03592,Male,0,No,No,48,Yes,No,DSL,No internet service,No internet service,No internet service,No,No internet service,No internet service,two year,Yes,electronic_check,60.65,2911.22,No
CUST-03593,Male,1,Yes,No,15,Yes,Yes,No,No internet service,Yes,No,No,No,Yes,two year,Yes,bank_transfer,38.44,576.53,No
CUST-03594,Male,1,Yes,No,31,Yes,No,Fiber optic,No internet service,No internet service,No,No internet service,Yes,Yes,month-to-month,Yes,electronic_check,81.98,2541.41,No
CUST-03595,Male,0,No,Yes,56,Yes,Yes,DSL,No internet service,Yes,Yes,Yes,No,No internet service,month-to-month,Yes,electronic_check,53.75,3009.84,No
CUST-03596,Male,1,No,No,69,Yes,Yes,DSL,Yes,No,Yes,No,Yes,No internet service,month-to-month,No,bank_transfer,68.14,4701.55,No
CUST-03597,Female,1,Yes,No,42,Yes,Yes,DSL,No,No internet service,No,No,No internet service,No internet service,two year,Yes,electronic_check,49.64,2084.71,No
CUST-03598,Female,1,Yes,No,6,Yes,No,DSL,Yes,No,No internet service,No internet service,No,No internet service,one year,No,electronic_check,37.42,224.53,No
CUST-03599,Female,1,Yes,No,37,Yes,Yes,No,No,Yes,Yes,No internet service,Yes,Yes,month-to-month,No,mailed_check,20.88,772.66,No
CUST-03600,Male,0,No,No,22,Yes,No,No,No internet service,Yes,Yes,Yes,Yes,No,month-to-month,Yes,credit_card,10.31,226.88,No
CUST-03601,Female,1,Yes,Yes,32,Yes,No,DSL,No,No internet service,Yes,No,Yes,No internet service,month-to-month,No,mailed_check,43.96,1406.57,No
CUST-03602,Female,0,Yes,No,26,Yes,Yes,No,Yes,Yes,No internet service,Yes,No internet service,No internet service,two year,Yes,credit_card,40.86,1062.38,No
CUST-03603,Male,1,Yes,No,48,Yes,No,Fiber optic,No internet service,No,No internet service,Yes,Yes,No,two year,Yes,electronic_check,79.89,3834.74,No
CUST-03604,Male,1,Yes,No,10,Yes,No,Fiber optic,No internet service,No internet service,No,No,No internet service,No internet service,month-to-month,No,mailed_check,115.51,1155.06,Yes
CUST-03605,Male,0,No,Yes,18,Yes,Yes,Fiber optic,No,No,No,No,No internet service,No,one year,Yes,mailed_check,63.21,1137.81,No
CUST-03606,Female,1,Yes,No,13,Yes,Yes,Fiber optic,Yes,No,No internet service,Yes,Yes,No internet service,two year,No,bank_transfer,85.12,1106.62,No
CUST-03607,Female,1,Yes,No,65,Yes,Yes,DSL,No,Yes,No internet service,No,No internet service,Yes,month-to-month,Yes,credit_card,29.61,1924.5,No
CUST-03608,Male,1,Yes,No,27,Yes,No,DSL,No internet service,No,No,No internet service,No internet service,No internet service,two year,Yes,credit_card,85.31,2303.25,No
CUST-03609,Male,0,No,No,69,Yes,No,No,No,No,No,Yes,No,No internet service,month-to-month,Yes,bank_transfer,13.59,937.89,Yes
CUST-03610,Male,0,No,Yes,71,Yes,Yes,DSL,No,No,No,Yes,No,Yes,month-to-month,No,credit_card,68.72,4879.24,No
CUST-03611,Female,1,No,No,14,Yes,No,DSL,No internet service,No internet service,No,Yes,No,No,two year,No,credit_card,80.04,1120.53,No
CUST-03612,Male,0,No,No,13,Yes,No,Fiber optic,Yes,No internet service,Yes,No,No,No,one year,Yes,electronic_check,114.26,1485.36,No
CUST-03613,Male,1,Yes,Yes,22,Yes,No,DSL,Yes,No,Yes,No,No internet service,No,month-to-month,Yes,electronic_check,43.74,962.21,No
CUST-03614,Female,1,No,No,62,No,No phone service,DSL,No,No,No internet service,No,Yes,No,month-to-month,No,electronic_check,59.41,3683.48,No
CUST-03615,Male,0,No,Yes,44,Yes,No,DSL,Yes,Yes,No,No,No internet service,No,two year,Yes,electronic_check,92.46,4068.28,No
CUST-03616,Female,0,Yes,No,4,Yes,Yes,No,Yes,Yes,No internet service,No,No internet service,Yes,one year,Yes,mailed_check,11.04,44.15,No
CUST-03617,Female,1,Yes,No,67,Yes,No,DSL,No,Yes,No,No,Yes,No internet service,one year,Yes,mailed_check,47.83,3204.32,No
CUST-03618,Female,0,No,Yes,23,Yes,No,DSL,No,No,Yes,No,No internet service,No,one year,No,credit_card,52.22,1201.08,No
CUST-03619,Male,1,No,No,5,Yes,No,Fiber optic,No internet service,Yes,No,No internet service,Yes,No internet service,month-to-month,Yes,electronic_check,115.51,577.55,No
CUST-03620,Female,1,Yes,Yes,24,Yes,No,No,No internet service,No,No,No,Yes,No,one year,Yes,credit_card,35.66,855.75,No
CUST-03621,Female,1,No,No,26,Yes,No,Fiber optic,No internet service,No,No,Yes,Yes,Yes,month-to-month,Yes,bank_transfer,75.73,1969.03,Yes
CUST-03622,Male,0,No,No,12,No,No phone service,DSL,No internet service,No,No internet service,Yes,Yes,No,month-to-month,Yes,mailed_check,72.31,867.78,No
CUST-03623,Male,0,No,Yes,58,No,No phone service,DSL,No,Yes,No internet service,No internet service,No,No,month-to-month,Yes,electronic_check,43.14,2502.11,No
CUST-03624,Male,1,No,Yes,53,Yes,No,DSL,Yes,No,No,No,No internet service,No,month-to-month,No,electronic_check,62.54,3314.64,No
CUST-03625,Female,1,No,Yes,31,Yes,Yes,Fiber optic,No internet service,No internet service,No,No internet service,No internet service,No,two year,Yes,electronic_check,89.85,2785.33,No
CUST-03626,Male,1,Yes,No,71,Yes,No,No,Yes,No,No,No,Yes,No,one year,No,mailed_check,5.95,422.38,No
CUST-03627,Female,0,Yes,Yes,15,Yes,No,DSL,Yes,No,No internet service,No,No internet service,No internet service,month-to-month,No,electronic_check,72.86,1092.85,Yes
CUST-03628,Female,0,Yes,No,22,Yes,Yes,Fiber optic,No internet service,Yes,Yes,No,No internet service,No internet service,one year,Yes,electronic_check,69.78,1535.06,Yes
CUST-03629,Female,1,No,Yes,26,Yes,No,DSL,Yes,Yes,No internet service,No internet service,No,No,two year,Yes,credit_card,59.95,1558.73,No
CUST-03630,Female,0,Yes,No,18,Yes,No,DSL,No internet service,No internet service,No internet service,No internet service,No internet service,No internet service,month-to-month,Yes,mailed_check,76.32,1373.72,No
CUST-03631,Male,0,Yes,Yes,3,Yes,Yes,DSL,Yes,No,Yes,No,No internet service,No,two year,Yes,electronic_check,67.31,201.92,No
CUST-03632,Female,1,Yes,No,54,Yes,No,DSL,No,Yes,Yes,No,Yes,No internet service,month-to-month,Yes,mailed_check,61.42,3316.73,No
CUST-03633,Female,1,No,Yes,23,Yes,No,No,No,No,Yes,No,Yes,No,one year,Yes,electronic_check,15.33,352.58,Yes
CUST-03634,Male,1,No,No,20,Yes,Yes,DSL,Yes,No,Yes,Yes,No internet service,No internet service,month-to-month,No,mailed_check,52.72,1054.32,No
CUST-03635,Female,1,No,Yes,9,Yes,No,Fiber optic,Yes,Yes,No,No internet service,No internet service,No,month-to-month,Yes,mailed_check,133.59,1202.33,Yes
CUST-03636,Female,1,No,No,56,Yes,Yes,Fiber optic,No internet service,No,No,No,No,No,month-to-month,Yes,electronic_check,98.46,5513.48,No
CUST-03637,Female,0,No,Yes,65,Yes,Yes,No,Yes,No internet service,No internet service,No,Yes,No,two year,No,bank_transfer,39.03,2536.94,No
CUST-03638,Female,0,No,No,36,Yes,No,Fiber optic,No internet service,No internet service,No,Yes,No internet service,No internet service,month-to-month,Yes,credit_card,123.31,4439.13,Yes
CUST-03639,Female,1,Yes,No,51,Yes,No,DSL,No,No,No internet service,Yes,Yes,Yes,one year,Yes,electronic_check,79.29,4043.59,No
CUST-03640,Male,1,Yes,Yes,33,Yes,Yes,No,No,No,No,No,No,Yes,two year,Yes,mailed_check,10.54,347.93,No
CUST-03641,Male,1,Yes,Yes,38,Yes,No,DSL,No,No internet service,Yes,No,No,No internet service,month-to-month,Yes,mailed_check,58.06,2206.1,No
CUST-03642,Male,0,No,No,29,Yes,Yes,DSL,No,No internet service,No,No,Yes,No,one year,No,mailed_check,53.48,1551.06,No
CUST-03643,Female,1,Yes,No,54,Yes,No,DSL,Yes,Yes,No internet service,Yes,No internet service,No,two year,No,bank_transfer,79.23,4278.63,No
CUST-03644,Male,1,No,No,6,Yes,Yes,No,No internet service,Yes,No internet service,No,No,Yes,one year,Yes,credit_card,24.19,145.17,No
CUST-03645,Male,0,No,No,12,Yes,No,Fiber optic,No,No,Yes,No internet service,No,Yes,month-to-month,No,mailed_check,105.12,1261.47,No
CUST-03646,Male,1,No,Yes,60,Yes,No,Fiber optic,No,Yes,Yes,No,No internet service,Yes,month-to-month,Yes,electronic_check,101.37,6081.94,No
CUST-03647,Female,0,Yes,No,43,Yes,No,DSL,No internet service,Yes,Yes,No,No internet service,No internet service,month-to-month,No,credit_card,51.95,2233.72,No
CUST-03648,Male,1,Yes,No,58,No,No phone service,DSL,No internet service,No internet service,No internet service,Yes,Yes,Yes,one year,No,mailed_check,68.67,3982.76,No
CUST-03649,Female,1,No,No,22,Yes,Yes,DSL,No,No,No internet service,No internet service,No,No internet service,one year,No,electronic_check,69.1,1520.22,No
CUST-03650,Male,0,Yes,Yes,38,Yes,No,DSL,Yes,No,No,No,No internet service,Yes,two year,Yes,bank_transfer,56.9,2162.33,No
CUST-03651,Female,0,Yes,No,1,Yes,No,Fiber optic,No,No,No internet service,No,No,No,one year,No,bank_transfer,102.84,102.84,Yes
CUST-03652,Female,1,Yes,No,58,Yes,No,No,No internet service,Yes,No,No internet service,No,No,month-to-month,Yes,credit_card,1.97,114.4,No
CUST-03653,Female,0,Yes,No,20,Yes,No,Fiber optic,No,No,Yes,No,No,Yes,two year,Yes,electronic_check,148.1,2962.1,No
CUST-03654,Female,1,No,No,54,Yes,No,Fiber optic,Yes,No internet service,Yes,No,No internet service,Yes,month-to-month,No,bank_transfer,67.17,3627.43,No
CUST-03655,Female,0,No,No,70,Yes,No,Fiber optic,Yes,No internet service,No internet service,No internet service,No,No,month-to-month,Yes,electronic_check,79.02,5531.3,No
CUST-03656,Female,1,No,Yes,11,Yes,Yes,Fiber optic,No internet service,No,No,Yes,Yes,No internet service,month-to-month,Yes,credit_card,78.67,865.34,No
CUST-03657,Female,1,No,No,36,No,No phone service,DSL,Yes,No,No internet service,No,No,No internet service,month-to-month,Yes,electronic_check,79.99,2879.49,No
CUST-03658,Male,1,No,Yes,13,Yes,Yes,Fiber optic,Yes,Yes,No internet service,No,No,No,one year,No,electronic_check,115.11,1496.42,No
CUST-03659,Female,1,Yes,No,51,Yes,No,DSL,No,Yes,Yes,No,No,No,one year,No,electronic_check,41.67,2125.22,No
CUST-03660,Female,1,Yes,No,42,Yes,No,DSL,Yes,No,Yes,No,No internet service,Yes,one year,Yes,bank_transfer,63.64,2673.02,No
CUST-03661,Female,0,No,No,8,Yes,No,DSL,No,Yes,Yes,No internet service,No internet service,No internet service,month-to-month,Yes,electronic_check,67.77,542.16,No
CUST-03662,Male,1,Yes,Yes,1,Yes,No,Fiber optic,No,Yes,Yes,No internet service,No,No internet service,month-to-month,No,mailed_check,75.97,75.97,No
CUST-03663,Female,1,No,No,7,Yes,Yes,Fiber optic,No,No internet service,No internet service,No,Yes,No internet service,month-to-month,No,electronic_check,81.59,571.1,Yes
CUST-03664,Male,1,No,Yes,8,Yes,No,No,No,No,No,No internet service,No internet service,No,month-to-month,Yes,mailed_check,11.6,92.83,Yes
CUST-03665,Female,0,No,Yes,25,Yes,No,Fiber optic,No,Yes,No,No,Yes,No,two year,Yes,electronic_check,121.18,3029.43,No
CUST-03666,Male,1,Yes,No,49,Yes,Yes,Fiber optic,Yes,No,No internet service,No,No,No,month-to-month,No,bank_transfer,69.46,3403.49,No
CUST-03667,Male,0,No,No,68,Yes,Yes,DSL,Yes,Yes,No internet service,No internet service,Yes,No internet service,month-to-month,No,electronic_check,50.27,3418.7,No
CUST-03668,Female,0,No,No,56,Yes,No,Fiber optic,No internet service,No,No,No internet service,No,Yes,one year,Yes,credit_card,80.39,4501.8,No
CUST-03669,Female,0,No,No,22,Yes,No,DSL,Yes,Yes,No,Yes,No internet service,No internet service,two year,No,mailed_check,67.09,1475.89,No
CUST-03670,Male,1,No,No,6,Yes,No,DSL,Yes,No,No,No internet service,No internet service,Yes,two year,Yes,electronic_check,89.52,537.13,Yes
CUST-03671,Female,1,Yes,No,60,Yes,No,Fiber optic,Yes,No,No internet service,Yes,No,No internet service,one year,Yes,mailed_check,113.79,6827.37,No
CUST-03672,Female,1,No,Yes,70,Yes,Yes,DSL,No internet service,Yes,No internet service,No internet service,No internet service,No,month-to-month,No,electronic_check,56.03,3922.38,No
CUST-03673,Female,0,Yes,No,70,Yes,No,DSL,Yes,No,Yes,No,No internet service,No internet service,month-to-month,Yes,credit_card,61.64,4314.58,No
CUST-03674,Female,0,Yes,No,32,Yes,Yes,Fiber optic,No,No internet service,Yes,Yes,Yes,No,one year,Yes,credit_card,107.12,3427.83,No
CUST-03675,Female,1,Yes,No,36,Yes,No,Fiber optic,No,No,No,No,No,No internet service,one year,Yes,bank_transfer,72.12,2596.44,Yes
CUST-03676,Female,1,Yes,Yes,11,Yes,Yes,Fiber optic,Yes,No internet service,Yes,No,Yes,Yes,two year,Yes,mailed_check,73.25,805.77,No
CUST-03677,Male,1,No,No,29,Yes,No,Fiber optic,Yes,No internet service,No internet service,Yes,No,No internet service,month-to-month,No,mailed_check,71.48,2072.8,No
CUST-03678,Female,1,No,No,12,Yes,No,Fiber optic,No internet service,No,No internet service,No,Yes,No,month-to-month,No,bank_transfer,117.68,1412.19,Yes
CUST-03679,Male,0,No,No,38,Yes,Yes,DSL,No internet service,No internet service,No,Yes,No internet service,No internet service,two year,Yes,credit_card,91.84,3489.95,No
CUST-03680,Female,0,No,Yes,57,Yes,No,Fiber optic,Yes,No,No internet service,Yes,No,No,month-to-month,No,electronic_check,110.05,6272.77,No
CUST-03681,Female,1,No,No,1,Yes,No,Fiber optic,No internet service,No,No internet service,Yes,No internet service,No internet service,month-to-month,Yes,electronic_check,101.14,101.14,Yes
CUST-03682,Male,0,No,No,10,Yes,No,DSL,No,No internet service,No internet service,No internet service,No,No,one year,Yes,electronic_check,67.91,679.14,No
CUST-03683,Female,1,Yes,No,13,Yes,Yes,DSL,No,No internet service,Yes,No internet service,No internet service,No internet service,one year,No,electronic_check,32.84,426.89,No
CUST-03684,Female,1,No,No,44,Yes,No,DSL,No internet service,Yes,No internet service,Yes,No,No,month-to-month,Yes,electronic_check,34.65,1524.57,No
CUST-03685,Female,1,Yes,No,18,Yes,Yes,Fiber optic,Yes,Yes,No internet service,Yes,No,No,month-to-month,Yes,mailed_check,64.34,1158.18,Yes
CUST-03686,Female,0,No,Yes,16,Yes,Yes,DSL,Yes,No,No internet service,Yes,Yes,No,month-to-month,Yes,electronic_check,44.73,715.64,No
CUST-03687,Female,0,No,Yes,41,Yes,No,DSL,Yes,Yes,Yes,No,Yes,Yes,month-to-month,Yes,electronic_check,76.07,3118.8,No
CUST-03688,Male,0,Yes,No,70,Yes,No,Fiber optic,No internet service,No,No,No internet service,Yes,No,month-to-month,Yes,bank_transfer,132.04,9243.11,No
CUST-03689,Female,1,No,Yes,28,Yes,No,DSL,Yes,No,No internet service,No internet service,No,No,month-to-month,No,mailed_check,50.16,1404.61,No
CUST-03690,Male,0,No,No,8,Yes,No,Fiber optic,No,No,Yes,Yes,No internet service,No internet service,month-to-month,Yes,electronic_check,94.34,754.73,No
CUST-03691,Female,0,Yes,No,26,Yes,Yes,Fiber optic,No,No internet service,No internet service,No,No,Yes,two year,Yes,mailed_check,110.16,2864.1,No
CUST-03692,Male,1,Yes,No,21,Yes,Yes,Fiber optic,No,No,No,No,No,No internet service,two year,No,electronic_check,119.3,2505.32,No
CUST-03693,Female,0,Yes,Yes,9,Yes,No,Fiber optic,No,Yes,No,Yes,Yes,Yes,one year,Yes,mailed_check,130.69,1176.25,No
CUST-03694,Female,0,No,Yes,26,Yes,Yes,Fiber optic,Yes,Yes,No internet service,No,No internet service,No internet service,month-to-month,Yes,electronic_check,108.44,2819.37,No
CUST-03695,Male,0,No,Yes,20,Yes,No,Fiber optic,No,Yes,No,No,No,Yes,month-to-month,No,electronic_check,78.47,1569.33,No
CUST-03696,Male,1,Yes,Yes,26,Yes,Yes,DSL,No,No,No,No,No,No internet service,one year,Yes,electronic_check,70.89,1843.16,No
CUST-03697,Male,1,No,No,44,Yes,Yes,Fiber optic,No internet service,No internet service,Yes,No,No,No internet service,one year,Yes,mailed_check,128.7,5662.78,No
CUST-03698,Female,1,No,Yes,14,Yes,No,Fiber optic,No internet service,No,No,No,Yes,No,month-to-month,No,electronic_check,121.3,1698.22,Yes
CUST-03699,Male,0,No,No,0,No,No phone service,DSL,No internet service,Yes,Yes,No internet service,No,Yes,one year,Yes,electronic_check,55.8,55.8,No
CUST-03700,Female,0,No,No,16,Yes,No,DSL,Yes,No internet service,No,Yes,No,No,month-to-month,No,bank_transfer,30.41,486.64,Yes
CUST-03701,Female,0,Yes,No,64,Yes,No,Fiber optic,No,No internet service,No,Yes,No,Yes,two year,Yes,credit_card,112.98,7230.46,No
CUST-03702,Male,0,Yes,No,36,Yes,No,DSL,No,Yes,No,No,Yes,No,one year,Yes,mailed_check,66.58,2396.84,No
CUST-03703,Male,0,Yes,No,68,Yes,No,Fiber optic,No,No,No,No,No internet service,No,month-to-month,Yes,bank_transfer,141.64,9631.45,No
CUST-03704,Female,1,No,No,15,No,No phone service,Fiber optic,No internet service,No internet service,No internet service,No,No,No,one year,No,electronic_check,117.61,1764.12,Yes
CUST-03705,Male,0,No,Yes,34,Yes,Yes,DSL,No,Yes,No,Yes,Yes,No internet service,one year,Yes,bank_transfer,81.91,2784.77,No
CUST-03706,Male,0,No,Yes,7,Yes,Yes,Fiber optic,Yes,No,Yes,No,No,Yes,month-to-month,No,credit_card,87.51,612.54,Yes
CUST-03707,Female,0,Yes,No,10,Yes,Yes,DSL,No internet service,Yes,Yes,No,No,No,month-to-month,No,electronic_check,47.01,470.06,No
CUST-03708,Female,1,Yes,No,19,Yes,Yes,Fiber optic,No,No,No,No internet service,No,No,one year,Yes,mailed_check,80.99,1538.87,No
CUST-03709,Female,1,No,Yes,4,Yes,No,DSL,No internet service,Yes,No,Yes,No internet service,Yes,two year,Yes,electronic_check,60.49,241.97,No
CUST-03710,Male,0,Yes,No,49,Yes,No,Fiber optic,No,No internet service,No,No,No,No internet service,one year,Yes,credit_card,138.37,6780.14,No
CUST-03711,Female,1,No,Yes,26,Yes,No,DSL,No,Yes,No,No internet service,No,No,one year,Yes,bank_transfer,59.44,1545.34,No
CUST-03712,Female,0,No,No,36,Yes,No,Fiber optic,Yes,Yes,Yes,Yes,Yes,No internet service,two year,No,bank_transfer,122.15,4397.48,No
CUST-03713,Male,1,No,No,16,Yes,Yes,Fiber optic,No,No internet service,No internet service,No internet service,No,No,one year,Yes,electronic_check,119.31,1908.92,No
CUST-03714,Female,0,No,Yes,25,No,No phone service,DSL,No,No internet service,No internet service,Yes,Yes,Yes,month-to-month,No,mailed_check,60.24,1506.03,No
CUST-03715,Male,1,No,Yes,34,Yes,Yes,Fiber optic,No,No internet service,No,No internet service,Yes,No internet service,month-to-month,Yes,bank_transfer,95.46,3245.71,No
CUST-03716,Female,0,Yes,No,3,Yes,No,Fiber optic,No,Yes,No,Yes,No,No,one year,Yes,electronic_check,101.13,303.4,No
CUST-03717,Female,0,No,Yes,42,Yes,No,DSL,Yes,Yes,No,No,No,No internet service,one year,Yes,credit_card,71.53,3004.13,No
CUST-03718,Male,1,No,Yes,53,Yes,Yes,No,Yes,No,No,Yes,No,No,one year,Yes,credit_card,16.52,875.37,No
CUST-03719,Female,0,Yes,Yes,14,Yes,No,No,No internet service,No,Yes,No internet service,No internet service,No,two year,No,credit_card,18.87,264.15,No
CUST-03720,Female,1,Yes,Yes,45,Yes,Yes,DSL,Yes,No internet service,No,No,No internet service,No,two year,No,credit_card,56.4,2538.19,No
CUST-03721,Female,1,No,No,8,Yes,No,Fiber optic,No internet service,Yes,No,No,No,No,month-to-month,No,electronic_check,106.0,847.97,Yes
CUST-03722,Female,1,No,No,29,Yes,No,DSL,No internet service,No internet service,Yes,Yes,Yes,No,month-to-month,No,electronic_check,45.1,1307.92,No
CUST-03723,Female,0,No,No,4,Yes,No,Fiber optic,Yes,No internet service,No,No,No,No internet service,month-to-month,Yes,electronic_check,86.05,344.2,Yes
CUST-03724,Female,1,No,Yes,35,Yes,No,Fiber optic,No,Yes,No internet service,Yes,No,No,one year,Yes,electronic_check,112.13,3924.44,No
CUST-03725,Female,1,No,No,49,No,No phone service,Fiber optic,Yes,No internet service,No,No internet service,No internet service,No,month-to-month,No,credit_card,87.07,4266.5,No
CUST-03726,Female,1,Yes,Yes,58,Yes,No,DSL,Yes,No internet service,No internet service,Yes,No internet service,No,month-to-month,Yes,mailed_check,43.87,2544.51,No
CUST-03727,Female,1,Yes,No,6,Yes,No,DSL,No,Yes,No internet service,No,No,No,one year,Yes,electronic_check,77.52,465.14,No
CUST-03728,Female,1,Yes,No,58,Yes,No,Fiber optic,No,No,No internet service,No,No internet service,Yes,month-to-month,Yes,electronic_check,93.03,5395.9,No
CUST-03729,Female,1,No,No,53,Yes,No,Fiber optic,No,Yes,Yes,Yes,Yes,No,two year,Yes,electronic_check,107.96,5721.76,No
CUST-03730,Female,1,No,No,66,No,No phone service,Fiber optic,No internet service,No internet service,Yes,No internet service,No,No internet service,two year,No,bank_transfer,98.61,6508.01,No
CUST-03731,Male,0,Yes,No,31,Yes,No,DSL,Yes,Yes,Yes,Yes,Yes,No internet service,month-to-month,Yes,electronic_check,32.28,1000.57,No
CUST-03732,Female,1,No,No,4,Yes,No,Fiber optic,No,Yes,No,No,No internet service,No internet service,month-to-month,No,mailed_check,84.36,337.45,No
CUST-03733,Male,1,No,Yes,41,Yes,Yes,DSL,No internet service,No,No internet service,Yes,Yes,No,one year,No,mailed_check,59.26,2429.64,No
CUST-03734,Female,1,No,No,29,Yes,Yes,DSL,No internet service,No,No internet service,No,Yes,No internet service,two year,Yes,electronic_check,70.57,2046.43,No
CUST-03735,Male,0,Yes,Yes,45,Yes,No,Fiber optic,No,Yes,Yes,No,No,No internet service,month-to-month,Yes,electronic_check,95.49,4297.15,No
CUST-03736,Female,0,Yes,No,69,Yes,Yes,No,No,No,Yes,Yes,No,No internet service,one year,No,bank_transfer,34.91,2408.65,No
CUST-03737,Female,0,Yes,No,59,Yes,No,DSL,No,No internet service,No internet service,No,Yes,No,two year,No,electronic_check,88.66,5230.97,No
CUST-03738,Male,1,Yes,No,46,No,No phone service,Fiber optic,No internet service,Yes,No,No,No internet service,Yes,month-to-month,Yes,mailed_check,62.26,2864.07,No
CUST-03739,Male,0,No,No,25,Yes,Yes,Fiber optic,No,Yes,No,Yes,No internet service,No internet service,one year,Yes,mailed_check,85.42,2135.48,No
CUST-03740,Male,0,No,No,58,Yes,No,DSL,No internet service,Yes,No,No,Yes,Yes,month-to-month,No,credit_card,37.1,2151.67,No
CUST-03741,Male,0,No,No,3,Yes,Yes,No,No internet service,No,No internet service,No,Yes,Yes,one year,Yes,credit_card,31.33,93.98,No
CUST-03742,Male,0,No,Yes,21,Yes,No,Fiber optic,Yes,No,No,No internet service,No,No internet service,one year,Yes,electronic_check,102.79,2158.5,Yes
CUST-03743,Female,1,Yes,No,48,Yes,Yes,DSL,No internet service,No internet service,No,No internet service,No internet service,Yes,one year,No,electronic_check,41.4,1987.26,No
CUST-03744,Male,0,No,Yes,36,Yes,No,DSL,No,No internet service,No internet service,No internet service,No,No,one year,Yes,credit_card,53.3,1918.71,No
CUST-03745,Female,0,Yes,No,64,Yes,No,DSL,Yes,No internet service,Yes,No internet service,No internet service,No internet service,month-to-month,No,mailed_check,39.17,2506.85,No
CUST-03746,Female,1,Yes,No,60,Yes,Yes,DSL,Yes,No,No,No,No internet service,No,one year,Yes,mailed_check,50.69,3041.35,No
CUST-03747,Male,0,No,No,45,Yes,No,No,Yes,No,No,Yes,No internet service,No,one year,Yes,credit_card,30.03,1351.4,No
CUST-03748,Female,0,No,Yes,26,No,No phone service,Fiber optic,No,No internet service,Yes,No internet service,No,No internet service,month-to-month,No,electronic_check,92.93,2416.23,Yes
CUST-03749,Male,0,Yes,No,72,Yes,No,No,Yes,No internet service,No internet service,No internet service,No,No,month-to-month,Yes,bank_transfer,34.16,2459.83,No
CUST-03750,Female,0,Yes,No,7,Yes,No,Fiber optic,No,No,No internet service,No,No internet service,No internet service,two year,Yes,bank_transfer,92.21,645.47,No
CUST-03751,Male,0,No,No,20,Yes,No,Fiber optic,No internet service,No,No,No,No internet service,No internet service,month-to-month,Yes,bank_transfer,62.24,1244.81,No
CUST-03752,Female,1,Yes,No,53,Yes,No,Fiber optic,Yes,No,Yes,No internet service,No,No,month-to-month,No,bank_transfer,120.48,6385.57,No
CUST-03753,Male,0,No,No,52,Yes,No,DSL,Yes,Yes,No internet service,Yes,No,Yes,month-to-month,Yes,mailed_check,57.98,3014.98,No
CUST-03754,Female,0,Yes,No,59,Yes,Yes,DSL,No,No,Yes,No,No,No internet service,month-to-month,No,electronic_check,50.54,2981.7,No
CUST-03755,Female,1,Yes,No,37,No,No phone service,Fiber optic,No internet service,No,Yes,No,No internet service,No,month-to-month,Yes,bank_transfer,87.11,3223.0,No
CUST-03756,Female,0,No,No,1,Yes,Yes,No,No internet service,Yes,No internet service,Yes,No,No,two year,No,mailed_check,21.71,21.71,No
CUST-03757,Male,0,No,No,72,Yes,Yes,DSL,Yes,No,No internet service,No internet service,No internet service,No,two year,No,mailed_check,93.73,6748.85,No
CUST-03758,Male,1,No,No,55,Yes,Yes,DSL,No,No,Yes,Yes,No internet service,No internet service,month-to-month,Yes,mailed_check,79.28,4360.36,No
CUST-03759,Male,0,No,No,51,Yes,Yes,Fiber optic,Yes,No,No,No internet service,Yes,No internet service,month-to-month,No,mailed_check,90.57,4619.02,No
CUST-03760,Male,0,No,No,9,Yes,No,Fiber optic,No,No internet service,No internet service,No,No,No,one year,No,bank_transfer,124.33,1118.98,No
CUST-03761,Female,1,Yes,No,6,Yes,Yes,DSL,No,No internet service,No internet service,No,No,No internet service,month-to-month,No,electronic_check,49.22,295.3,Yes
CUST-03762,Male,1,Yes,Yes,36,Yes,No,DSL,No,No,No,No internet service,No,Yes,month-to-month,No,mailed_check,35.62,1282.41,No
CUST-03763,Male,1,No,No,29,Yes,No,DSL,No internet service,No,Yes,No internet service,Yes,No internet service,month-to-month,Yes,bank_transfer,67.11,1946.07,No
CUST-03764,Male,0,Yes,No,37,Yes,No,Fiber optic,Yes,No internet service,No,No,No,No internet service,month-to-month,Yes,credit_card,100.41,3715.21,No
CUST-03765,Female,1,Yes,No,20,Yes,No,Fiber optic,No internet service,No,No,No,Yes,No internet service,month-to-month,No,electronic_check,70.03,1400.57,Yes
CUST-03766,Female,1,No,No,45,Yes,No,DSL,No,Yes,No,No internet service,No internet service,Yes,two year,Yes,electronic_check,50.92,2291.48,No
CUST-03767,Male,0,Yes,Yes,15,Yes,No,Fiber optic,Yes,No,No,No,No,No,month-to-month,Yes,electronic_check,88.07,1321.0,No
CUST-03768,Male,1,No,No,68,Yes,No,DSL,No internet service,No internet service,No,Yes,No internet service,No,month-to-month,Yes,credit_card,84.86,5770.26,No
CUST-03769,Male,1,No,No,21,Yes,No,Fiber optic,Yes,No,No,No,No,No internet service,one year,Yes,electronic_check,81.72,1716.2,Yes
CUST-03770,Female,0,Yes,Yes,26,Yes,No,Fiber optic,No,Yes,Yes,No,No,No internet service,month-to-month,Yes,mailed_check,129.12,3357.07,Yes
CUST-03771,Male,1,No,No,49,Yes,No,Fiber optic,No,No internet service,No,Yes,Yes,No,one year,Yes,electronic_check,94.58,4634.29,No
CUST-03772,Male,1,No,No,35,Yes,No,Fiber optic,No,No,Yes,No internet service,No internet service,No internet service,month-to-month,Yes,credit_card,79.26,2774.08,No
CUST-03773,Female,0,No,Yes,71,No,No phone service,Fiber optic,No,No,Yes,No,Yes,No,month-to-month,No,credit_card,72.37,5138.28,No
CUST-03774,Male,0,No,No,67,Yes,No,Fiber optic,Yes,No internet service,No,No,Yes,No,month-to-month,Yes,electronic_check,96.21,6445.85,No
CUST-03775,Female,1,No,No,23,Yes,No,Fiber optic,Yes,No internet service,No internet service,No,Yes,Yes,two year,Yes,electronic_check,131.54,3025.52,No
CUST-03776,Female,0,No,No,51,Yes,No,Fiber optic,No internet service,No internet service,No,No,Yes,No,month-to-month,Yes,credit_card,93.86,4786.75,No
CUST-03777,Male,0,No,No,22,Yes,Yes,DSL,No,No,No,No internet service,Yes,Yes,month-to-month,Yes,electronic_check,64.86,1426.97,Yes
CUST-03778,Male,0,No,No,71,Yes,No,Fiber optic,No,Yes,Yes,Yes,No,No,one year,Yes,mailed_check,105.21,7469.71,No
CUST-03779,Female,1,No,Yes,11,Yes,No,DSL,No internet service,No,No,No,No,No,month-to-month,Yes,electronic_check,47.41,521.51,Yes
CUST-03780,Male,0,No,No,70,Yes,No,DSL,Yes,No,Yes,No,Yes,No,month-to-month,Yes,credit_card,54.22,3795.69,No
CUST-03781,Female,0,Yes,No,36,No,No phone service,Fiber optic,No,No,No,No,No internet service,No,month-to-month,No,mailed_check,101.19,3643.0,No
CUST-03782,Male,1,No,No,4,Yes,Yes,DSL,Yes,No,No,No,No,No,two year,Yes,electronic_check,78.01,312.06,No
CUST-03783,Male,1,No,No,2,No,No phone service,Fiber optic,Yes,No,No,No,No internet service,No internet service,two year,Yes,mailed_check,89.83,179.67,No
CUST-03784,Male,1,No,Yes,58,Yes,No,DSL,No,No,No,No internet service,No,No internet service,month-to-month,No,bank_transfer,76.66,4446.52,No
CUST-03785,Male,0,Yes,No,15,Yes,No,DSL,No internet service,No internet service,No,No,No internet service,No,month-to-month,No,mailed_check,39.27,589.11,No
CUST-03786,Female,0,Yes,Yes,68,Yes,No,DSL,Yes,No,No,No internet service,No internet service,No,two year,Yes,bank_transfer,76.61,5209.19,No
CUST-03787,Male,0,No,No,43,Yes,Yes,DSL,No,No internet service,No internet service,No,No internet service,Yes,month-to-month,No,mailed_check,34.0,1462.17,No
CUST-03788,Female,1,Yes,No,14,Yes,Yes,Fiber optic,Yes,Yes,Yes,No,No internet service,No internet service,month-to-month,Yes,mailed_check,101.17,1416.33,No
CUST-03789,Female,0,No,No,37,Yes,No,Fiber optic,Yes,No,No internet service,No,No,No,one year,Yes,bank_transfer,81.66,3021.41,No
CUST-03790,Male,0,Yes,No,64,Yes,Yes,Fiber optic,No,No,No internet service,No internet service,No,No,two year,Yes,bank_transfer,111.25,7119.99,No
CUST-03791,Female,0,No,Yes,49,Yes,No,DSL,No internet service,No,No,No,Yes,Yes,month-to-month,Yes,mailed_check,79.03,3872.67,No
CUST-03792,Male,0,No,No,58,Yes,Yes,DSL,Yes,No internet service,No internet service,No internet service,No,No,two year,No,mailed_check,92.92,5389.3,No
CUST-03793,Female,1,No,No,39,Yes,No,Fiber optic,Yes,No,No internet service,No,No internet service,Yes,one year,No,electronic_check,95.87,3738.81,No
CUST-03794,Female,1,No,No,18,Yes,No,Fiber optic,No,No,Yes,No,Yes,No internet service,month-to-month,Yes,bank_transfer,67.82,1220.8,Yes
CUST-03795,Female,0,No,No,25,Yes,Yes,Fiber optic,Yes,No,No,Yes,Yes,No,two year,No,credit_card,126.65,3166.27,No
CUST-03796,Male,0,Yes,No,29,Yes,No,No,Yes,Yes,No,No,No,No,month-to-month,No,electronic_check,32.76,949.95,No
CUST-03797,Female,1,Yes,No,19,Yes,No,Fiber optic,No internet service,No internet service,No internet service,No,No internet service,No,month-to-month,Yes,electronic_check,108.88,2068.69,No
CUST-03798,Female,1,Yes,No,61,Yes,Yes,No,No internet service,No,Yes,No internet service,No,No,month-to-month,No,bank_transfer,33.99,2073.49,No
CUST-03799,Female,0,No,No,70,Yes,Yes,DSL,Yes,No,No,No,No internet service,Yes,one year,No,bank_transfer,60.55,4238.15,No
CUST-03800,Female,1,No,No,35,Yes,Yes,Fiber optic,No,No,Yes,No,Yes,No,month-to-month,No,bank_transfer,108.92,3812.12,No
CUST-03801,Male,1,No,No,14,Yes,No,No,No,No internet service,No internet service,No internet service,No,Yes,month-to-month,No,electronic_check,30.04,420.49,No
CUST-03802,Female,1,No,No,0,Yes,Yes,Fiber optic,No internet service,No,No,Yes,No,No,month-to-month,Yes,bank_transfer,99.03,99.03,Yes
CUST-03803,Male,0,No,No,38,Yes,Yes,DSL,Yes,No,No internet service,No internet service,No internet service,No,month-to-month,Yes,bank_transfer,74.52,2831.93,No
CUST-03804,Male,0,No,No,36,Yes,No,Fiber optic,No,Yes,No internet service,Yes,Yes,Yes,two year,Yes,electronic_check,92.0,3311.99,No
CUST-03805,Female,0,No,No,40,Yes,No,Fiber optic,No internet service,No,No,No,No,No,one year,No,credit_card,96.52,3860.6,No
CUST-03806,Male,0,Yes,No,1,Yes,Yes,Fiber optic,No,No,No,No internet service,No,No internet service,one year,Yes,bank_transfer,116.13,116.13,Yes
CUST-03807,Female,1,Yes,No,46,Yes,No,Fiber optic,Yes,No internet service,No,No,No internet service,No,month-to-month,No,bank_transfer,85.64,3939.5,No
CUST-03808,Male,1,Yes,No,11,Yes,Yes,No,No,No,Yes,Yes,No,Yes,one year,No,mailed_check,10.05,110.54,No
CUST-03809,Male,1,Yes,Yes,56,Yes,No,DSL,Yes,No,No,No,Yes,Yes,one year,Yes,credit_card,52.11,2918.36,No
CUST-03810,Female,1,Yes,No,19,No,No phone service,No,No internet service,No internet service,No internet service,No,No,Yes,month-to-month,No,electronic_check,14.22,270.1,No
CUST-03811,Male,0,No,No,56,Yes,No,Fiber optic,No,Yes,No,No internet service,No,No internet service,month-to-month,No,mailed_check,94.25,5278.12,No
CUST-03812,Female,1,Yes,No,35,Yes,Yes,No,No internet service,Yes,No,No internet service,No,No,two year,Yes,credit_card,47.11,1648.89,No
CUST-03813,Female,1,Yes,No,68,Yes,No,No,No internet service,No internet service,Yes,No internet service,Yes,Yes,month-to-month,Yes,electronic_check,19.8,1346.09,No
CUST-03814,Male,1,Yes,Yes,69,Yes,No,Fiber optic,No,Yes,No,Yes,No,No,month-to-month,Yes,electronic_check,132.33,9130.75,Yes
CUST-03815,Male,1,No,No,53,Yes,Yes,DSL,Yes,Yes,No internet service,No internet service,No internet service,No,month-to-month,Yes,electronic_check,67.99,3603.66,No
CUST-03816,Female,0,Yes,No,63,Yes,No,Fiber optic,Yes,No,Yes,No,No,No,one year,Yes,mailed_check,99.02,6238.06,No
CUST-03817,Male,1,Yes,Yes,70,Yes,Yes,Fiber optic,No,No,No,No internet service,No internet service,Yes,month-to-month,No,electronic_check,81.91,5733.49,No
CUST-03818,Female,1,Yes,Yes,43,Yes,Yes,Fiber optic,No,Yes,No,No,No,No internet service,one year,Yes,bank_transfer,97.1,4175.11,No
CUST-03819,Male,1,No,No,23,Yes,No,DSL,No internet service,No,No,No,No,Yes,month-to-month,Yes,bank_transfer,32.8,754.47,No
CUST-03820,Male,1,No,No,45,Yes,Yes,DSL,No,No internet service,No internet service,No internet service,No,No,month-to-month,No,bank_transfer,70.58,3176.3,No
CUST-03821,Female,0,No,No,42,Yes,Yes,Fiber optic,No internet service,Yes,No,Yes,No internet service,No,month-to-month,No,mailed_check,52.6,2209.08,No
CUST-03822,Female,1,No,No,3,Yes,No,DSL,Yes,No internet service,No internet service,No internet service,No internet service,Yes,one year,Yes,credit_card,74.37,223.11,No
CUST-03823,Female,0,No,No,66,Yes,No,No,No,No,No internet service,No internet service,No internet service,Yes,two year,Yes,mailed_check,14.29,942.83,No
CUST-03824,Male,1,No,No,14,Yes,No,Fiber optic,Yes,No internet service,Yes,Yes,No internet service,Yes,month-to-month,No,mailed_check,90.6,1268.42,No
CUST-03825,Male,0,No,No,69,Yes,Yes,No,Yes,No internet service,No,No internet service,No,No internet service,month-to-month,No,bank_transfer,35.13,2423.9,No
CUST-03826,Male,0,No,No,55,Yes,Yes,Fiber optic,No,No internet service,No,No,No internet service,Yes,two year,Yes,credit_card,110.65,6085.64,No
CUST-03827,Female,1,No,No,23,No,No phone service,DSL,No internet service,Yes,No,No,Yes,No internet service,month-to-month,No,credit_card,46.09,1060.15,No
CUST-03828,Female,1,No,No,3,Yes,Yes,DSL,Yes,No,No,No,Yes,No internet service,month-to-month,Yes,bank_transfer,73.05,219.15,No
CUST-03829,Male,1,No,No,39,Yes,Yes,DSL,No internet service,No,Yes,No internet service,No,No,month-to-month,No,electronic_check,50.27,1960.5,No
CUST-03830,Male,0,Yes,No,55,Yes,No,Fiber optic,No,No,Yes,No internet service,No,No,month-to-month,Yes,credit_card,66.33,3648.4,No
CUST-03831,Female,1,Yes,No,55,Yes,Yes,DSL,No,No,No internet service,No,No,Yes,month-to-month,Yes,credit_card,34.32,1887.78,No
CUST-03832,Female,1,No,No,19,Yes,No,Fiber optic,No,No,Yes,No internet service,No,No,one year,No,electronic_check,111.0,2108.96,No
CUST-03833,Male,1,Yes,No,23,Yes,Yes,DSL,No,No,No internet service,Yes,No internet service,Yes,one year,Yes,electronic_check,50.06,1151.36,No
CUST-03834,Female,0,Yes,Yes,64,Yes,No,Fiber optic,Yes,Yes,No,No,No internet service,No internet service,two year,Yes,credit_card,84.42,5402.88,No
CUST-03835,Female,0,Yes,No,32,Yes,Yes,Fiber optic,Yes,No,Yes,No internet service,Yes,No,two year,Yes,credit_card,93.3,2985.67,No
CUST-03836,Male,1,No,No,1,Yes,No,DSL,No,Yes,Yes,No internet service,No internet service,No internet service,month-to-month,Yes,electronic_check,49.47,49.47,No
CUST-03837,Male,1,No,Yes,55,Yes,Yes,Fiber optic,Yes,No internet service,Yes,No,Yes,No,month-to-month,Yes,mailed_check,80.66,4436.55,No
CUST-03838,Female,1,No,No,39,Yes,No,No,Yes,No internet service,No,Yes,No,No,month-to-month,No,credit_card,8.87,346.11,No
CUST-03839,Female,0,No,No,18,Yes,Yes,DSL,No,No,Yes,No,No,Yes,month-to-month,Yes,mailed_check,62.56,1126.05,Yes
CUST-03840,Male,1,Yes,No,16,Yes,Yes,DSL,No internet service,No internet service,No,No,No,No internet service,two year,No,credit_card,50.87,813.96,No
CUST-03841,Male,0,No,No,29,No,No phone service,Fiber optic,No internet service,No internet service,No,No,No,No internet service,two year,No,mailed_check,122.41,3549.78,No
CUST-03842,Male,0,Yes,No,10,Yes,Yes,Fiber optic,No,No,No,No,Yes,No,two year,Yes,bank_transfer,105.91,1059.13,No
CUST-03843,Female,1,No,No,10,Yes,Yes,No,Yes,No internet service,No,No,Yes,No,month-to-month,Yes,mailed_check,4.76,47.59,Yes
CUST-03844,Male,1,No,No,38,Yes,Yes,Fiber optic,Yes,Yes,No,No,No,No,month-to-month,Yes,electronic_check,125.91,4784.54,Yes
CUST-03845,Male,1,Yes,No,13,Yes,Yes,DSL,No internet service,No internet service,Yes,Yes,No internet service,No,one year,No,credit_card,73.3,952.84,No
CUST-03846,Female,1,No,No,53,Yes,No,Fiber optic,No,No internet service,Yes,No,Yes,No internet service,one year,Yes,mailed_check,103.54,5487.64,No
CUST-03847,Female,1,No,No,19,Yes,Yes,Fiber optic,No internet service,No,No,Yes,No internet service,No,one year,No,electronic_check,88.69,1685.19,Yes
CUST-03848,Female,0,Yes,No,58,Yes,Yes,Fiber optic,No,No,No,Yes,No internet service,No,month-to-month,No,mailed_check,113.05,6556.96,No
CUST-03849,Female,1,Yes,No,15,Yes,No,Fiber optic,No internet service,No internet service,Yes,No internet service,No,No internet service,month-to-month,No,mailed_check,86.59,1298.84,Yes
CUST-03850,Female,1,Yes,No,66,Yes,No,Fiber optic,Yes,No internet service,No internet service,No,No,No,month-to-month,No,bank_transfer,102.87,6789.34,No
CUST-03851,Female,0,Yes,No,2,Yes,Yes,DSL,No internet service,No,No internet service,No,Yes,No internet service,two year,Yes,mailed_check,77.44,154.89,No
CUST-03852,Male,1,Yes,No,40,No,No phone service,No,No internet service,No internet service,No,No internet service,No,No internet service,two year,Yes,mailed_check,46.37,1854.69,No
CUST-03853,Male,0,Yes,No,31,Yes,No,DSL,Yes,Yes,No internet service,Yes,No internet service,No,month-to-month,Yes,bank_transfer,46.75,1449.22,No
CUST-03854,Male,1,Yes,Yes,0,Yes,Yes,DSL,Yes,No,No,No,Yes,Yes,month-to-month,Yes,bank_transfer,65.9,65.9,Yes
CUST-03855,Female,0,No,Yes,48,Yes,Yes,DSL,No internet service,No internet service,Yes,No,No,No,one year,Yes,electronic_check,43.77,2100.86,No
CUST-03856,Female,1,Yes,Yes,20,Yes,No,Fiber optic,No internet service,Yes,No,No internet service,Yes,Yes,one year,No,credit_card,98.46,1969.13,No
CUST-03857,Female,0,Yes,No,66,Yes,No,Fiber optic,Yes,Yes,No,No,Yes,No,month-to-month,No,bank_transfer,81.33,5367.87,No
CUST-03858,Male,1,Yes,No,69,No,No phone service,Fiber optic,No,No,No,Yes,No,No,month-to-month,Yes,electronic_check,118.94,8206.71,No
CUST-03859,Male,0,Yes,Yes,0,Yes,No,No,No internet service,No internet service,No internet service,No,Yes,Yes,two year,Yes,credit_card,25.73,25.73,No
CUST-03860,Female,0,Yes,No,56,Yes,Yes,DSL,Yes,No internet service,No internet service,Yes,Yes,No internet service,month-to-month,No,bank_transfer,43.12,2414.73,No
CUST-03861,Male,0,No,No,47,Yes,Yes,DSL,No,No internet service,No,Yes,No,Yes,month-to-month,Yes,bank_transfer,53.55,2517.04,No
CUST-03862,Female,0,No,No,31,Yes,No,Fiber optic,No,Yes,No internet service,No internet service,No,No internet service,two year,Yes,mailed_check,80.91,2508.32,No
CUST-03863,Male,1,No,No,24,Yes,Yes,Fiber optic,No internet service,Yes,No internet service,No internet service,No,No,one year,Yes,electronic_check,108.22,2597.35,No
CUST-03864,Female,1,Yes,No,47,Yes,Yes,No,Yes,No,No,No,No,Yes,two year,Yes,credit_card,45.09,2119.14,No
CUST-03865,Male,1,No,No,23,Yes,No,DSL,No internet service,Yes,No,No,No,No,one year,Yes,credit_card,31.79,731.24,No
CUST-03866,Male,0,No,No,22,Yes,No,Fiber optic,No,No,Yes,No,No internet service,Yes,month-to-month,Yes,bank_transfer,71.06,1563.26,Yes
CUST-03867,Female,1,Yes,Yes,67,Yes,No,Fiber optic,No internet service,No,Yes,Yes,No,Yes,month-to-month,Yes,mailed_check,83.27,5579.36,No
CUST-03868,Female,1,Yes,No,35,Yes,No,Fiber optic,No internet service,No,No internet service,No,Yes,Yes,month-to-month,Yes,credit_card,101.87,3565.56,No
CUST-03869,Male,1,No,Yes,32,No,No phone service,No,No,No,No internet service,No,Yes,Yes,month-to-month,Yes,credit_card,21.91,700.96,No
CUST-03870,Male,0,No,No,18,Yes,Yes,Fiber optic,No internet service,Yes,No,No,No,No internet service,month-to-month,Yes,bank_transfer,108.02,1944.36,Yes
CUST-03871,Male,0,Yes,No,34,Yes,No,Fiber optic,No internet service,No,No internet service,No internet service,No,No internet service,one year,Yes,credit_card,104.39,3549.25,No
CUST-03872,Female,0,No,Yes,16,Yes,No,DSL,No,No,No,No,No internet service,No,two year,No,electronic_check,64.91,1038.58,Yes
CUST-03873,Male,0,Yes,No,20,Yes,Yes,DSL,Yes,Yes,No,Yes,Yes,No internet service,two year,Yes,electronic_check,73.74,1474.78,No
CUST-03874,Female,0,No,Yes,61,Yes,No,DSL,No,Yes,No,No internet service,No,No,month-to-month,Yes,electronic_check,63.67,3883.91,No
CUST-03875,Male,1,Yes,Yes,26,Yes,No,Fiber optic,No,No internet service,Yes,No internet service,No,Yes,month-to-month,Yes,credit_card,92.69,2409.95,No
CUST-03876,Male,0,Yes,No,16,Yes,No,No,No internet service,No internet service,Yes,No internet service,No,No internet service,month-to-month,No,credit_card,34.54,552.62,Yes
CUST-03877,Male,0,Yes,Yes,42,Yes,Yes,Fiber optic,Yes,No,No,No internet service,No,Yes,month-to-month,Yes,electronic_check,91.54,3844.79,Yes
CUST-03878,Female,1,Yes,Yes,11,Yes,Yes,Fiber optic,Yes,No,Yes,No,No,Yes,month-to-month,No,credit_card,99.57,1095.23,Yes
CUST-03879,Female,1,No,Yes,63,Yes,No,No,No,No,No internet service,No internet service,No internet service,No,two year,Yes,electronic_check,11.49,723.85,No
CUST-03880,Female,1,Yes,No,38,Yes,Yes,DSL,No,Yes,No,Yes,Yes,No,two year,Yes,credit_card,75.43,2866.31,No
CUST-03881,Male,0,Yes,Yes,49,Yes,No,No,No,No,No,No,No,Yes,month-to-month,No,mailed_check,31.17,1527.1,No
CUST-03882,Male,0,Yes,No,34,Yes,Yes,Fiber optic,No,Yes,Yes,No,Yes,No,month-to-month,No,credit_card,110.34,3751.51,No
CUST-03883,Female,0,No,No,28,Yes,No,DSL,Yes,No,No,Yes,No,Yes,month-to-month,Yes,electronic_check,82.12,2299.46,No
CUST-03884,Female,0,No,No,35,Yes,No,Fiber optic,Yes,No internet service,Yes,No,No internet service,Yes,month-to-month,Yes,credit_card,98.43,3445.12,No
CUST-03885,Female,1,No,No,55,Yes,No,Fiber optic,No,Yes,No,No,No,Yes,month-to-month,No,credit_card,80.78,4442.81,No
CUST-03886,Female,1,No,No,60,Yes,Yes,DSL,Yes,No internet service,No,No internet service,Yes,No,two year,Yes,mailed_check,85.95,5156.83,No
CUST-03887,Male,1,No,No,30,Yes,Yes,DSL,No,Yes,Yes,Yes,No,Yes,two year,Yes,bank_transfer,64.51,1935.33,No
CUST-03888,Male,1,No,Yes,16,Yes,No,DSL,Yes,No,No,No internet service,No,No,month-to-month,Yes,electronic_check,48.36,773.79,No
CUST-03889,Male,1,Yes,Yes,7,Yes,Yes,DSL,Yes,No internet service,No,No,No,No,one year,No,credit_card,56.79,397.54,No
CUST-03890,Female,0,Yes,No,31,Yes,No,DSL,No,No internet service,No internet service,No,No internet service,No,month-to-month,Yes,electronic_check,45.97,1425.03,Yes
CUST-03891,Male,0,No,No,59,Yes,No,DSL,No,No internet service,No,No,Yes,Yes,one year,Yes,electronic_check,70.49,4158.92,No
CUST-03892,Male,1,No,No,33,Yes,No,Fiber optic,Yes,Yes,Yes,Yes,No,Yes,two year,Yes,bank_transfer,89.46,2952.28,No
CUST-03893,Female,1,No,Yes,27,Yes,No,DSL,No internet service,Yes,No,No internet service,No internet service,Yes,one year,Yes,mailed_check,43.94,1186.3,No
CUST-03894,Female,1,Yes,Yes,48,Yes,Yes,No,No,No internet service,Yes,Yes,Yes,Yes,one year,Yes,bank_transfer,31.52,1513.09,No
CUST-03895,Male,1,No,No,26,Yes,No,DSL,No,No,Yes,No,No,No,two year,Yes,bank_transfer,35.08,912.15,No
CUST-03896,Female,1,No,No,6,Yes,Yes,Fiber optic,No,Yes,No,No,No,No,month-to-month,No,electronic_check,120.74,724.46,No
CUST-03897,Female,0,Yes,No,17,Yes,Yes,Fiber optic,No,No internet service,No internet service,No,No,Yes,two year,Yes,bank_transfer,120.33,2045.67,No
CUST-03898,Male,1,Yes,No,46,Yes,Yes,DSL,No internet service,No internet service,Yes,No internet service,No,No,one year,Yes,electronic_check,73.39,3375.9,No
CUST-03899,Female,1,No,Yes,1,Yes,Yes,DSL,Yes,Yes,No internet service,No internet service,Yes,Yes,month-to-month,No,bank_transfer,51.07,51.07,No
CUST-03900,Male,0,Yes,No,26,Yes,No,DSL,Yes,No,No,No,Yes,No internet service,two year,Yes,bank_transfer,47.54,1236.09,No
CUST-03901,Male,1,Yes,Yes,30,Yes,No,DSL,Yes,No internet service,Yes,No,No,No internet service,two year,Yes,electronic_check,69.99,2099.85,No
CUST-03902,Female,1,No,No,46,Yes,No,DSL,Yes,Yes,No internet service,No internet service,Yes,No internet service,one year,Yes,credit_card,59.94,2757.13,No
CUST-03903,Female,1,Yes,Yes,53,Yes,Yes,Fiber optic,No,No,No,No internet service,No internet service,No internet service,month-to-month,Yes,mailed_check,99.43,5269.97,No
CUST-03904,Male,1,Yes,Yes,45,Yes,No,No,No,Yes,No,No,Yes,No internet service,one year,Yes,electronic_check,38.91,1750.94,No
CUST-03905,Female,0,No,No,65,Yes,No,DSL,No,No internet service,No internet service,No internet service,No,Yes,month-to-month,No,electronic_check,45.9,2983.59,No
CUST-03906,Male,0,Yes,No,59,Yes,No,DSL,No internet service,No internet service,No,No internet service,No,Yes,month-to-month,Yes,electronic_check,48.06,2835.33,No
CUST-03907,Female,1,No,No,31,Yes,Yes,Fiber optic,No,Yes,No internet service,No,No,No internet service,two year,Yes,credit_card,91.5,2836.61,No
CUST-03908,Female,0,Yes,Yes,26,Yes,No,Fiber optic,Yes,Yes,No,No,Yes,No,month-to-month,No,credit_card,93.85,2440.01,Yes
CUST-03909,Female,0,Yes,No,38,Yes,No,Fiber optic,No internet service,Yes,No internet service,No internet service,No internet service,Yes,month-to-month,Yes,mailed_check,114.51,4351.35,No
CUST-03910,Male,1,Yes,Yes,49,Yes,Yes,Fiber optic,Yes,Yes,No,No,No internet service,Yes,month-to-month,Yes,electronic_check,121.26,5941.58,No
CUST-03911,Female,1,Yes,No,54,Yes,No,No,Yes,No,No internet service,No,No internet service,No,month-to-month,No,electronic_check,27.73,1497.61,No
CUST-03912,Female,1,No,No,2,Yes,Yes,Fiber optic,Yes,No internet service,No,No internet service,No,No internet service,month-to-month,No,electronic_check,95.28,190.56,No
CUST-03913,Female,0,Yes,No,6,Yes,No,Fiber optic,No,No,No internet service,No internet service,Yes,Yes,month-to-month,Yes,credit_card,102.85,617.08,Yes
CUST-03914,Female,1,Yes,No,49,Yes,No,DSL,No,No,No,No,No,No,two year,No,electronic_check,75.96,3722.07,No
CUST-03915,Male,0,No,Yes,23,Yes,Yes,DSL,No,No,No,No,No,No internet service,month-to-month,Yes,mailed_check,60.54,1392.32,No
CUST-03916,Male,0,No,No,15,Yes,Yes,Fiber optic,Yes,No,No,No,No internet service,No,month-to-month,No,mailed_check,95.07,1426.0,No
CUST-03917,Male,0,No,No,15,Yes,No,DSL,No internet service,No,Yes,No,Yes,Yes,month-to-month,Yes,bank_transfer,30.74,461.03,No
CUST-03918,Female,0,No,Yes,72,Yes,No,No,No,No,No internet service,Yes,No,No,month-to-month,No,bank_transfer,14.23,1024.21,No
CUST-03919,Female,1,No,Yes,39,No,No phone service,DSL,Yes,Yes,No,No,No,No,two year,No,electronic_check,65.79,2565.63,No
CUST-03920,Male,1,No,No,4,Yes,Yes,No,Yes,No internet service,No,No,Yes,No internet service,month-to-month,No,mailed_check,14.85,59.41,Yes
CUST-03921,Female,1,No,No,39,Yes,Yes,Fiber optic,Yes,Yes,Yes,No,No,No internet service,month-to-month,No,mailed_check,79.22,3089.54,No
CUST-03922,Female,0,No,No,33,Yes,No,Fiber optic,No,No internet service,No,No,No internet service,Yes,month-to-month,Yes,bank_transfer,132.16,4361.24,No
CUST-03923,Male,1,No,No,11,Yes,No,No,No,No internet service,No internet service,No,Yes,Yes,month-to-month,Yes,mailed_check,2.15,23.68,No
CUST-03924,Female,1,Yes,No,22,Yes,No,DSL,No,No,No,No,No internet service,Yes,two year,Yes,bank_transfer,102.26,2249.7,No
CUST-03925,Male,1,No,Yes,35,Yes,Yes,No,No internet service,No internet service,Yes,Yes,No internet service,No internet service,month-to-month,Yes,electronic_check,11.8,412.87,Yes
CUST-03926,Female,1,Yes,No,21,Yes,No,DSL,No internet service,No internet service,No internet service,No internet service,Yes,Yes,month-to-month,No,electronic_check,70.68,1484.37,No
CUST-03927,Male,1,Yes,No,62,Yes,No,DSL,No internet service,No internet service,No,No,Yes,No,two year,Yes,credit_card,63.13,3914.06,No
CUST-03928,Female,0,No,No,35,No,No phone service,Fiber optic,No,No internet service,Yes,No,No internet service,No,two year,Yes,bank_transfer,116.09,4063.03,No
CUST-03929,Female,0,Yes,No,24,Yes,No,DSL,No internet service,No internet service,No internet service,Yes,Yes,No,one year,No,bank_transfer,46.05,1105.12,Yes
CUST-03930,Male,1,Yes,No,25,Yes,No,No,No internet service,Yes,No internet service,No internet service,No,No,month-to-month,No,credit_card,28.61,715.37,No
CUST-03931,Female,0,No,Yes,30,Yes,No,DSL,Yes,Yes,No,No internet service,No internet service,Yes,one year,Yes,credit_card,81.7,2450.93,No
CUST-03932,Male,0,No,No,32,Yes,No,DSL,Yes,No,No internet service,No,No,No internet service,month-to-month,No,electronic_check,56.74,1815.62,Yes
CUST-03933,Male,1,Yes,No,62,Yes,No,DSL,Yes,No,No internet service,No,No,Yes,month-to-month,No,bank_transfer,46.98,2912.6,No
CUST-03934,Female,1,No,Yes,31,Yes,Yes,Fiber optic,Yes,No,No,No,No,No internet service,month-to-month,Yes,electronic_check,86.64,2685.87,Yes
CUST-03935,Female,0,Yes,No,45,Yes,Yes,DSL,No,No,No internet service,Yes,Yes,Yes,two year,Yes,bank_transfer,51.04,2296.76,No
CUST-03936,Female,1,Yes,No,64,Yes,Yes,DSL,No,No,No,No,No,Yes,two year,Yes,credit_card,41.1,2630.5,No
CUST-03937,Female,1,Yes,Yes,36,Yes,Yes,No,No,No,No internet service,Yes,Yes,Yes,month-to-month,No,mailed_check,21.51,774.54,No
CUST-03938,Male,0,No,No,25,Yes,No,Fiber optic,No,No internet service,No internet service,No,No internet service,No internet service,two year,No,credit_card,116.44,2910.98,No
CUST-03939,Female,0,No,Yes,69,Yes,No,Fiber optic,No internet service,No,Yes,No,No internet service,No,one year,Yes,electronic_check,112.29,7748.15,No
CUST-03940,Male,1,No,No,69,Yes,Yes,Fiber optic,Yes,Yes,Yes,Yes,Yes,Yes,month-to-month,Yes,electronic_check,67.22,4638.51,No
CUST-03941,Male,0,No,No,35,Yes,Yes,DSL,No,Yes,No internet service,No internet service,No internet service,No internet service,two year,Yes,bank_transfer,72.47,2536.52,No
CUST-03942,Male,1,No,No,49,Yes,Yes,DSL,No,Yes,No,No,No internet service,No internet service,month-to-month,No,bank_transfer,86.64,4245.16,No
CUST-03943,Female,0,Yes,No,70,Yes,Yes,Fiber optic,No internet service,No,No,No internet service,Yes,No,month-to-month,Yes,electronic_check,119.84,8388.56,No
CUST-03944,Female,0,No,No,38,No,No phone service,Fiber optic,No,Yes,Yes,No internet service,No,No,month-to-month,Yes,bank_transfer,80.14,3045.31,No
CUST-03945,Female,1,No,No,72,Yes,Yes,DSL,No,No internet service,Yes,No internet service,Yes,No,month-to-month,No,electronic_check,54.66,3935.4,No
CUST-03946,Female,0,No,Yes,9,Yes,Yes,Fiber optic,No,No,Yes,No internet service,No,No,two year,Yes,credit_card,100.12,901.1,Yes
CUST-03947,Male,0,Yes,No,46,No,No phone service,Fiber optic,No internet service,No,No internet service,Yes,No,No,month-to-month,Yes,mailed_check,101.3,4659.81,No
CUST-03948,Male,1,Yes,No,61,Yes,No,DSL,Yes,No,Yes,No,No internet service,No,month-to-month,Yes,bank_transfer,61.76,3767.49,No
CUST-03949,Female,0,No,No,72,Yes,No,DSL,No,No,No,No internet service,No,No internet service,two year,No,electronic_check,61.42,4422.39,No
CUST-03950,Male,1,No,No,26,Yes,No,Fiber optic,No internet service,Yes,Yes,No,No,Yes,one year,Yes,electronic_check,118.39,3078.13,No
CUST-03951,Male,0,No,No,70,Yes,No,DSL,No,No internet service,Yes,No,No,No,one year,Yes,electronic_check,52.06,3644.04,No
CUST-03952,Female,1,Yes,No,72,Yes,Yes,DSL,No,Yes,No,No,No,Yes,two year,Yes,electronic_check,60.75,4374.35,No
CUST-03953,Male,0,No,Yes,47,Yes,No,Fiber optic,No,No internet service,Yes,No,No,No,one year,No,electronic_check,99.99,4699.52,No
CUST-03954,Male,1,Yes,No,31,Yes,No,DSL,Yes,No internet service,Yes,No,Yes,Yes,two year,No,bank_transfer,74.36,2305.2,No
CUST-03955,Male,0,No,No,68,Yes,No,Fiber optic,No internet service,Yes,No,No,No,No internet service,two year,No,credit_card,121.79,8281.85,No
CUST-03956,Male,1,No,Yes,54,Yes,Yes,Fiber optic,No,No,No internet service,Yes,No internet service,No internet service,month-to-month,Yes,credit_card,93.19,5032.03,No
CUST-03957,Female,0,Yes,Yes,59,Yes,Yes,No,No internet service,No internet service,No,No internet service,Yes,No internet service,month-to-month,No,electronic_check,28.47,1679.65,No
CUST-03958,Male,1,Yes,No,43,Yes,No,DSL,Yes,No internet service,No internet service,No internet service,No internet service,Yes,one year,Yes,credit_card,43.08,1852.27,No
CUST-03959,Female,1,Yes,No,49,Yes,No,DSL,No,No,No,Yes,No,Yes,one year,Yes,credit_card,71.65,3510.66,No
CUST-03960,Female,0,No,Yes,22,Yes,Yes,DSL,No internet service,Yes,No internet service,No internet service,Yes,Yes,month-to-month,Yes,electronic_check,62.52,1375.48,No
CUST-03961,Female,0,Yes,Yes,69,Yes,No,DSL,No internet service,No internet service,No internet service,No,Yes,No,month-to-month,Yes,credit_card,57.45,3964.16,No
CUST-03962,Male,1,Yes,No,62,No,No phone service,DSL,No,No internet service,Yes,No,Yes,No internet service,one year,Yes,credit_card,86.13,5340.26,No
CUST-03963,Male,1,No,No,10,Yes,Yes,DSL,No internet service,Yes,No,No,No internet service,No,month-to-month,Yes,electronic_check,46.95,469.49,No
CUST-03964,Male,0,Yes,Yes,34,Yes,Yes,Fiber optic,No internet service,No,No,No internet service,No internet service,Yes,month-to-month,Yes,credit_card,114.85,3904.77,No
CUST-03965,Female,0,Yes,No,32,Yes,Yes,DSL,No internet service,No internet service,No,No internet service,Yes,No internet service,month-to-month,No,electronic_check,51.01,1632.3,No
CUST-03966,Male,0,No,No,46,Yes,No,Fiber optic,Yes,No,No,No internet service,No,No internet service,one year,Yes,mailed_check,63.21,2907.45,No
CUST-03967,Male,1,No,No,23,Yes,Yes,Fiber optic,No internet service,No,Yes,Yes,Yes,No,month-to-month,Yes,bank_transfer,129.4,2976.13,No
CUST-03968,Female,1,Yes,No,43,Yes,Yes,Fiber optic,No,Yes,No,No,No internet service,No internet service,month-to-month,No,mailed_check,56.37,2423.8,No
CUST-03969,Male,0,Yes,Yes,15,Yes,Yes,Fiber optic,No,No internet service,Yes,No,No internet service,No,month-to-month,No,mailed_check,138.85,2082.68,Yes
CUST-03970,Male,0,Yes,No,72,Yes,Yes,DSL,Yes,No,Yes,No,No,No,two year,Yes,electronic_check,78.51,5653.0,No
CUST-03971,Female,0,Yes,No,4,Yes,No,DSL,No,Yes,No internet service,No internet service,Yes,No,month-to-month,No,mailed_check,48.8,195.19,No
CUST-03972,Male,1,No,Yes,44,Yes,Yes,DSL,No,No,Yes,No internet service,No internet service,Yes,month-to-month,Yes,credit_card,37.86,1665.84,No
CUST-03973,Female,1,Yes,Yes,45,Yes,No,Fiber optic,No,No internet service,No,No,No,Yes,month-to-month,Yes,bank_transfer,115.13,5181.01,No
CUST-03974,Female,0,Yes,No,2,Yes,No,Fiber optic,No,No internet service,No internet service,No,No internet service,No internet service,month-to-month,Yes,mailed_check,64.24,128.48,Yes
CUST-03975,Male,1,Yes,Yes,21,Yes,No,DSL,No,Yes,No,No,Yes,No,month-to-month,Yes,electronic_check,63.08,1324.69,No
CUST-03976,Female,1,No,No,17,No,No phone service,DSL,No,No,No,Yes,No,No internet service,two year,Yes,mailed_check,36.92,627.67,No
CUST-03977,Male,1,No,No,3,Yes,Yes,DSL,No internet service,Yes,Yes,Yes,Yes,No internet service,one year,Yes,mailed_check,38.9,116.7,No
CUST-03978,Female,0,Yes,No,2,Yes,No,Fiber optic,Yes,Yes,No internet service,No internet service,Yes,No,month-to-month,No,mailed_check,118.01,236.02,Yes
CUST-03979,Female,0,Yes,No,31,Yes,Yes,Fiber optic,No,Yes,Yes,No,Yes,No,month-to-month,Yes,bank_transfer,105.47,3269.55,No
CUST-03980,Female,0,No,No,16,Yes,Yes,DSL,Yes,No internet service,No internet service,Yes,No internet service,No,month-to-month,Yes,credit_card,57.57,921.06,No
CUST-03981,Female,0,No,No,67,Yes,No,Fiber optic,No internet service,No,No,No internet service,No,Yes,month-to-month,Yes,electronic_check,92.64,6206.78,No
CUST-03982,Male,1,No,Yes,12,Yes,No,DSL,No,Yes,No,Yes,Yes,Yes,month-to-month,Yes,mailed_check,24.49,293.85,No
CUST-03983,Female,1,No,No,49,Yes,No,DSL,No internet service,No,No,No internet service,Yes,No internet service,one year,Yes,bank_transfer,40.87,2002.5,No
CUST-03984,Female,0,Yes,No,14,Yes,Yes,DSL,No internet service,Yes,No internet service,No,No,No internet service,month-to-month,Yes,bank_transfer,49.08,687.09,Yes
CUST-03985,Male,1,No,No,20,Yes,Yes,Fiber optic,No,No,Yes,Yes,Yes,No internet service,one year,No,mailed_check,90.08,1801.56,No
CUST-03986,Male,1,Yes,Yes,69,Yes,No,DSL,No,No,No,No,No,No internet service,two year,Yes,credit_card,56.37,3889.48,No
CUST-03987,Female,1,Yes,No,56,Yes,No,Fiber optic,No,No internet service,No,No,No,No internet service,two year,No,mailed_check,93.18,5218.06,No
CUST-03988,Male,0,No,No,55,No,No phone service,DSL,No,No,Yes,No,No internet service,Yes,month-to-month,Yes,electronic_check,49.94,2746.6,No
CUST-03989,Female,1,No,No,59,Yes,No,DSL,No,No,No,No internet service,No,No,month-to-month,Yes,mailed_check,50.65,2988.2,No
CUST-03990,Female,1,No,No,21,Yes,No,DSL,No internet service,No internet service,No,No,No internet service,No,one year,No,bank_transfer,67.96,1427.09,No
CUST-03991,Female,1,Yes,Yes,55,Yes,No,Fiber optic,Yes,No,Yes,No internet service,Yes,No internet service,one year,No,bank_transfer,111.05,6107.99,No
CUST-03992,Male,1,No,No,48,Yes,Yes,DSL,Yes,No,No,Yes,No internet service,Yes,two year,No,credit_card,75.75,3636.19,No
CUST-03993,Female,0,Yes,Yes,69,Yes,No,DSL,Yes,No,No internet service,Yes,No,No internet service,month-to-month,Yes,credit_card,52.61,3630.06,No
CUST-03994,Male,1,No,No,3,Yes,No,DSL,No,No,Yes,No,Yes,No internet service,two year,No,bank_transfer,47.29,141.87,No
CUST-03995,Male,0,No,No,31,Yes,No,DSL,No,No internet service,Yes,No,No internet service,No,month-to-month,Yes,electronic_check,75.73,2347.63,No
CUST-03996,Female,1,Yes,No,50,Yes,No,DSL,No internet service,Yes,Yes,Yes,Yes,No internet service,one year,Yes,bank_transfer,81.59,4079.7,No
CUST-03997,Female,1,No,No,48,Yes,No,DSL,No,No,Yes,No internet service,No internet service,No,month-to-month,No,credit_card,42.07,2019.21,No
CUST-03998,Male,0,No,No,51,Yes,Yes,DSL,No internet service,No,No,Yes,No,No,month-to-month,No,mailed_check,40.92,2086.78,No
CUST-03999,Male,1,No,No,67,Yes,Yes,DSL,No internet service,Yes,No,No,No,No,one year,Yes,electronic_check,52.35,3507.7,No
CUST-04000,Female,1,No,No,3,Yes,No,Fiber optic,No,No,No,No,Yes,No,month-to-month,No,electronic_check,120.15,360.44,No
CUST-04001,Female,1,No,Yes,13,Yes,Yes,DSL,No internet service,No internet service,Yes,Yes,No,No,one year,Yes,mailed_check,55.45,720.87,No
CUST-04002,Female,0,Yes,No,32,Yes,Yes,Fiber optic,No internet service,Yes,No,No,No internet service,No internet service,one year,Yes,bank_transfer,103.6,3315.3,No
CUST-04003,Female,1,Yes,No,31,No,No phone service,No,No,No internet service,No,No internet service,No internet service,No,month-to-month,Yes,credit_card,11.87,367.89,No
CUST-04004,Male,0,Yes,No,24,Yes,No,Fiber optic,No,No internet service,No internet service,No,Yes,No,month-to-month,No,bank_transfer,91.08,2185.94,No
CUST-04005,Female,0,Yes,No,10,Yes,No,DSL,No,Yes,No internet service,No internet service,No,No,two year,Yes,mailed_check,87.14,871.35,No
CUST-04006,Male,1,No,No,33,Yes,Yes,DSL,No internet service,Yes,No internet service,No internet service,Yes,No internet service,month-to-month,No,mailed_check,50.15,1654.85,No
CUST-04007,Female,0,Yes,No,62,Yes,No,No,Yes,No internet service,No,No,No internet service,No internet service,one year,Yes,credit_card,27.37,1696.79,No
CUST-04008,Male,1,No,No,39,Yes,Yes,No,No,No internet service,Yes,Yes,Yes,No internet service,two year,No,electronic_check,28.84,1124.8,No
CUST-04009,Female,1,No,Yes,38,Yes,No,DSL,No,Yes,No,Yes,No,No,month-to-month,No,mailed_check,70.43,2676.49,No
CUST-04010,Male,1,No,Yes,28,Yes,No,Fiber optic,No internet service,Yes,No internet service,Yes,No internet service,Yes,month-to-month,Yes,electronic_check,105.6,2956.68,Yes
CUST-04011,Male,0,Yes,Yes,30,Yes,No,Fiber optic,No internet service,Yes,No internet service,No internet service,Yes,Yes,month-to-month,Yes,electronic_check,109.49,3284.68,No
CUST-04012,Female,0,Yes,Yes,11,Yes,No,DSL,Yes,Yes,No,No internet service,No,No internet service,two year,No,mailed_check,67.17,738.82,No
CUST-04013,Female,0,No,Yes,68,Yes,No,Fiber optic,Yes,No,Yes,No,Yes,No internet service,one year,No,credit_card,105.68,7186.43,No
CUST-04014,Male,1,Yes,No,36,Yes,No,DSL,No internet service,Yes,No,No,No,Yes,month-to-month,No,bank_transfer,64.24,2312.75,No
CUST-04015,Female,0,No,Yes,9,Yes,No,DSL,No,Yes,Yes,Yes,Yes,No,month-to-month,No,bank_transfer,55.34,498.06,No
CUST-04016,Female,1,Yes,Yes,18,Yes,No,Fiber optic,No internet service,Yes,Yes,No internet service,No,No internet service,two year,No,mailed_check,123.57,2224.19,No
CUST-04017,Male,0,No,Yes,62,No,No phone service,DSL,Yes,Yes,No,No internet service,No internet service,Yes,month-to-month,Yes,credit_card,31.1,1928.1,No
CUST-04018,Female,0,Yes,No,29,Yes,Yes,DSL,No internet service,Yes,Yes,Yes,Yes,Yes,month-to-month,No,credit_card,65.12,1888.57,No
CUST-04019,Female,1,Yes,No,71,Yes,Yes,Fiber optic,Yes,No,No internet service,No,Yes,No,month-to-month,Yes,credit_card,94.93,6740.32,No
CUST-04020,Female,0,Yes,Yes,38,Yes,Yes,DSL,No internet service,Yes,No,No internet service,No internet service,Yes,two year,No,credit_card,62.71,2383.02,No
CUST-04021,Male,1,No,Yes,64,No,No phone service,DSL,Yes,No,No,No,No,No internet service,month-to-month,No,electronic_check,41.76,2672.46,No
CUST-04022,Male,1,Yes,No,24,Yes,Yes,Fiber optic,No,No,Yes,No internet service,No,Yes,one year,Yes,bank_transfer,87.22,2093.18,No
CUST-04023,Male,1,Yes,No,44,No,No phone service,Fiber optic,No,No,No internet service,No,No internet service,No,month-to-month,Yes,electronic_check,100.11,4405.05,Yes
CUST-04024,Male,0,Yes,Yes,13,No,No phone service,No,No,No,No internet service,No internet service,Yes,No internet service,month-to-month,Yes,electronic_check,17.86,232.21,Yes
CUST-04025,Male,1,Yes,No,3,Yes,Yes,Fiber optic,No,No internet service,No,No,No internet service,No,one year,Yes,electronic_check,94.28,282.83,No
CUST-04026,Male,0,No,No,15,Yes,No,DSL,Yes,No,No,No internet service,No internet service,No internet service,two year,Yes,electronic_check,71.35,1070.27,No
CUST-04027,Female,1,No,No,70,Yes,Yes,Fiber optic,Yes,No internet service,No internet service,Yes,No internet service,No,month-to-month,No,electronic_check,98.57,6899.71,No
CUST-04028,Female,1,Yes,No,11,Yes,Yes,DSL,No internet service,No,No internet service,No internet service,No internet service,Yes,one year,No,credit_card,78.13,859.39,No
CUST-04029,Female,1,Yes,No,6,Yes,No,DSL,No,No,No internet service,No internet service,Yes,No internet service,month-to-month,No,credit_card,48.74,292.44,No
CUST-04030,Female,0,Yes,No,49,Yes,Yes,Fiber optic,No,No,Yes,No internet service,No,No internet service,month-to-month,No,mailed_check,113.64,5568.38,No
CUST-04031,Female,0,Yes,No,12,Yes,No,DSL,No internet service,No internet service,No internet service,No,Yes,Yes,one year,No,bank_transfer,36.14,433.67,No
CUST-04032,Male,0,Yes,No,4,Yes,No,DSL,Yes,Yes,No internet service,No internet service,Yes,No internet service,one year,No,electronic_check,63.21,252.82,No
CUST-04033,Male,1,Yes,Yes,21,Yes,Yes,DSL,No,No,Yes,No internet service,Yes,Yes,month-to-month,Yes,bank_transfer,66.66,1399.88,No
CUST-04034,Male,1,No,Yes,45,Yes,No,Fiber optic,Yes,Yes,No,No,No,Yes,month-to-month,No,bank_transfer,99.52,4478.45,No
CUST-04035,Female,0,No,No,50,No,No phone service,DSL,No internet service,Yes,No internet service,No,Yes,No internet service,one year,No,mailed_check,62.25,3112.38,No
CUST-04036,Male,1,No,No,19,Yes,Yes,Fiber optic,No,Yes,Yes,Yes,No internet service,No,month-to-month,Yes,bank_transfer,73.53,1397.03,Yes
CUST-04037,Female,1,Yes,No,47,Yes,No,DSL,Yes,No internet service,No,No,No internet service,Yes,month-to-month,Yes,electronic_check,56.09,2636.03,No
CUST-04038,Female,1,No,No,46,Yes,No,DSL,Yes,No,No internet service,Yes,Yes,No,month-to-month,Yes,mailed_check,45.42,2089.12,No
CUST-04039,Male,0,Yes,Yes,30,No,No phone service,Fiber optic,No,Yes,No internet service,Yes,No,No,one year,No,electronic_check,98.39,2951.72,No
CUST-04040,Female,0,Yes,Yes,4,Yes,Yes,DSL,Yes,Yes,No,No,No internet service,No,two year,Yes,credit_card,89.49,357.95,No
CUST-04041,Male,0,No,No,70,Yes,No,Fiber optic,Yes,No,Yes,No,No internet service,Yes,one year,Yes,credit_card,96.02,6721.44,No
CUST-04042,Male,0,No,No,60,Yes,No,Fiber optic,No,No,No,Yes,Yes,No,one year,Yes,electronic_check,68.92,4135.24,No
CUST-04043,Female,0,Yes,No,34,Yes,No,DSL,Yes,Yes,Yes,No,No,Yes,one year,No,electronic_check,62.15,2113.17,No
CUST-04044,Female,1,No,No,3,Yes,Yes,Fiber optic,Yes,Yes,Yes,Yes,No internet service,Yes,month-to-month,No,mailed_check,88.64,265.93,No
CUST-04045,Female,0,No,Yes,63,Yes,No,Fiber optic,Yes,Yes,No,Yes,No,Yes,month-to-month,Yes,bank_transfer,97.43,6138.29,No
CUST-04046,Male,0,No,No,39,Yes,Yes,Fiber optic,No,No internet service,No,No,No,No,month-to-month,Yes,electronic_check,76.14,2969.57,Yes
CUST-04047,Male,1,No,No,25,No,No phone service,Fiber optic,No,No internet service,No,No internet service,No,Yes,month-to-month,Yes,electronic_check,100.46,2511.5,No
CUST-04048,Female,1,Yes,No,6,Yes,No,Fiber optic,No internet service,Yes,No internet service,No,No internet service,Yes,two year,No,credit_card,105.24,631.41,No
CUST-04049,Female,0,No,No,57,Yes,Yes,Fiber optic,No internet service,No internet service,No internet service,No,Yes,No internet service,two year,Yes,electronic_check,70.91,4041.86,No
CUST-04050,Female,1,Yes,Yes,68,Yes,Yes,Fiber optic,Yes,No,Yes,No,No,No,month-to-month,Yes,bank_transfer,122.24,8312.61,No
CUST-04051,Female,1,No,No,48,No,No phone service,Fiber optic,No,No internet service,No,No,No internet service,No internet service,two year,No,mailed_check,79.44,3812.92,No
CUST-04052,Male,1,No,No,3,Yes,Yes,Fiber optic,No internet service,No internet service,No,No,No internet service,No internet service,month-to-month,Yes,credit_card,105.69,317.08,No
CUST-04053,Female,1,No,Yes,59,Yes,Yes,DSL,No,No,Yes,No,No,No,month-to-month,Yes,bank_transfer,56.04,3306.23,No
CUST-04054,Female,0,Yes,Yes,14,Yes,No,Fiber optic,Yes,Yes,No internet service,No internet service,No,Yes,month-to-month,No,bank_transfer,110.93,1553.07,No
CUST-04055,Female,0,Yes,No,20,Yes,Yes,DSL,Yes,No,No,No,No,No internet service,two year,No,credit_card,51.86,1037.13,No
CUST-04056,Male,1,No,No,66,Yes,No,Fiber optic,Yes,No,Yes,Yes,No,No,two year,Yes,electronic_check,83.5,5510.87,No
CUST-04057,Male,0,Yes,No,46,Yes,Yes,DSL,No,Yes,Yes,No internet service,No internet service,Yes,month-to-month,Yes,electronic_check,32.75,1506.46,No
CUST-04058,Male,1,No,No,3,Yes,Yes,Fiber optic,No,No internet service,Yes,No,No internet service,No,one year,Yes,mailed_check,117.91,353.73,No
CUST-04059,Male,0,Yes,No,49,Yes,No,Fiber optic,No internet service,No,No internet service,No internet service,No,Yes,month-to-month,Yes,mailed_check,109.9,5385.06,No
CUST-04060,Male,0,Yes,Yes,27,Yes,No,DSL,Yes,No internet service,No,No,No,No,month-to-month,Yes,credit_card,66.45,1794.23,No
CUST-04061,Female,0,Yes,Yes,27,Yes,No,Fiber optic,No,No,No internet service,No,Yes,No,month-to-month,No,mailed_check,115.61,3121.56,No
CUST-04062,Male,0,No,No,67,Yes,No,Fiber optic,No,Yes,No,Yes,No,No internet service,month-to-month,No,credit_card,69.99,4689.3,No
CUST-04063,Female,1,Yes,No,43,No,No phone service,DSL,Yes,No,No,No internet service,No,No,month-to-month,No,bank_transfer,75.2,3233.52,No
CUST-04064,Female,1,No,Yes,41,Yes,Yes,Fiber optic,No,Yes,No internet service,Yes,No,Yes,month-to-month,Yes,bank_transfer,91.56,3754.09,No
CUST-04065,Female,1,Yes,Yes,47,Yes,Yes,DSL,No,Yes,Yes,No,Yes,No,month-to-month,No,credit_card,72.62,3413.37,No
CUST-04066,Male,1,No,Yes,16,Yes,No,Fiber optic,No,No,No,Yes,No,No,month-to-month,Yes,bank_transfer,81.6,1305.55,No
CUST-04067,Male,1,Yes,No,7,Yes,No,Fiber optic,No internet service,Yes,Yes,Yes,Yes,No,month-to-month,Yes,electronic_check,112.32,786.26,Yes
CUST-04068,Female,0,Yes,Yes,70,Yes,No,DSL,No,Yes,No internet service,No,Yes,No internet service,one year,Yes,credit_card,44.15,3090.49,No
CUST-04069,Male,0,Yes,No,39,Yes,No,Fiber optic,No,No,Yes,Yes,Yes,No internet service,one year,No,electronic_check,77.53,3023.54,No
CUST-04070,Male,0,No,Yes,30,Yes,Yes,DSL,Yes,No,No,Yes,No internet service,Yes,one year,Yes,credit_card,53.16,1594.73,No
CUST-04071,Male,0,No,No,62,No,No phone service,Fiber optic,No,No,No,No internet service,No,No internet service,two year,No,mailed_check,109.4,6782.59,No
CUST-04072,Male,0,No,No,51,No,No phone service,Fiber optic,Yes,No internet service,Yes,No internet service,No internet service,No,month-to-month,Yes,bank_transfer,72.45,3694.82,No
CUST-04073,Male,1,No,No,30,Yes,No,Fiber optic,Yes,No,No internet service,Yes,No,No internet service,month-to-month,Yes,electronic_check,93.9,2817.06,No
CUST-04074,Female,1,Yes,No,32,Yes,Yes,DSL,No internet service,No,No,Yes,No,Yes,one year,Yes,bank_transfer,56.4,1804.7,No
CUST-04075,Male,1,Yes,Yes,13,Yes,No,Fiber optic,No internet service,No,No,No internet service,No internet service,No,two year,No,credit_card,104.31,1356.06,No
CUST-04076,Female,1,No,No,51,Yes,Yes,No,No internet service,No internet service,No internet service,No internet service,No,No internet service,month-to-month,Yes,credit_card,5.75,293.49,No
CUST-04077,Female,1,No,No,61,Yes,No,DSL,No internet service,No,No internet service,No internet service,No,No internet service,two year,Yes,mailed_check,85.82,5234.75,No
CUST-04078,Male,0,Yes,Yes,14,Yes,No,Fiber optic,No,No,No internet service,No,No internet service,No,month-to-month,Yes,electronic_check,89.59,1254.29,Yes
CUST-04079,Male,1,Yes,No,19,Yes,Yes,DSL,No internet service,No,No,No internet service,Yes,No,month-to-month,Yes,electronic_check,57.71,1096.47,No
CUST-04080,Female,0,Yes,No,57,Yes,No,Fiber optic,No,No,Yes,No internet service,No,Yes,one year,No,electronic_check,115.19,6565.6,No
CUST-04081,Male,0,Yes,No,37,Yes,No,Fiber optic,No,Yes,Yes,No,No,Yes,two year,No,bank_transfer,101.97,3773.07,No
CUST-04082,Female,1,No,No,67,Yes,No,DSL,No,No,No internet service,Yes,No internet service,No internet service,month-to-month,Yes,mailed_check,52.65,3527.57,No
CUST-04083,Male,1,Yes,Yes,33,Yes,No,Fiber optic,No internet service,Yes,No,Yes,Yes,No,month-to-month,Yes,mailed_check,115.98,3827.26,No
CUST-04084,Female,0,Yes,No,27,Yes,No,No,No internet service,No,No,Yes,No internet service,No internet service,one year,Yes,mailed_check,25.02,675.46,No
CUST-04085,Female,0,Yes,No,2,Yes,Yes,DSL,Yes,No,Yes,No internet service,No internet service,No,one year,Yes,electronic_check,54.43,108.86,No
CUST-04086,Male,1,Yes,Yes,43,Yes,No,DSL,No,Yes,No internet service,No,Yes,Yes,two year,No,mailed_check,67.57,2905.39,No
CUST-04087,Male,0,No,No,58,Yes,No,Fiber optic,No internet service,No internet service,No,No,No,Yes,month-to-month,Yes,bank_transfer,85.49,4958.64,No
CUST-04088,Female,0,Yes,No,47,Yes,Yes,Fiber optic,No internet service,No,No,No,No,Yes,one year,No,electronic_check,98.16,4613.66,No
CUST-04089,Female,0,No,No,67,Yes,No,DSL,Yes,No,No internet service,No,No,No,one year,Yes,bank_transfer,69.02,4624.67,No
CUST-04090,Male,1,Yes,No,7,Yes,Yes,DSL,No internet service,No,No internet service,Yes,Yes,No,two year,No,credit_card,51.85,362.93,No
CUST-04091,Female,0,No,No,5,Yes,Yes,DSL,Yes,No,Yes,No,Yes,No,month-to-month,No,mailed_check,47.28,236.38,Yes
CUST-04092,Female,1,Yes,No,47,Yes,Yes,DSL,No,Yes,Yes,No,No internet service,No internet service,month-to-month,Yes,credit_card,64.85,3047.88,No
CUST-04093,Male,1,Yes,Yes,35,Yes,No,Fiber optic,No internet service,No,No internet service,Yes,No internet service,Yes,two year,Yes,bank_transfer,149.37,5227.93,No
CUST-04094,Female,1,Yes,No,53,Yes,No,DSL,No internet service,Yes,No internet service,No,No,No internet service,month-to-month,No,electronic_check,59.78,3168.43,No
CUST-04095,Female,1,No,No,32,Yes,Yes,DSL,No,No,Yes,No,No,No,two year,Yes,credit_card,87.77,2808.48,No
CUST-04096,Male,0,No,Yes,52,Yes,No,No,Yes,Yes,No,No internet service,No internet service,Yes,one year,No,electronic_check,17.6,915.37,No
CUST-04097,Female,1,Yes,No,53,Yes,No,DSL,Yes,No internet service,No,No internet service,No,No internet service,one year,Yes,bank_transfer,51.59,2734.4,No
CUST-04098,Male,0,No,Yes,21,Yes,No,Fiber optic,No,No internet service,Yes,No,Yes,Yes,two year,Yes,bank_transfer,94.5,1984.48,No
CUST-04099,Male,1,Yes,No,65,Yes,Yes,Fiber optic,No internet service,Yes,Yes,No internet service,Yes,No,month-to-month,Yes,mailed_check,57.43,3733.01,No
CUST-04100,Female,0,No,No,64,Yes,No,DSL,No,Yes,Yes,No,Yes,Yes,month-to-month,Yes,bank_transfer,64.66,4138.19,No
CUST-04101,Female,1,No,Yes,23,Yes,No,No,Yes,No,No internet service,No internet service,No internet service,No internet service,month-to-month,No,credit_card,28.89,664.47,Yes
CUST-04102,Male,1,No,No,30,Yes,Yes,Fiber optic,No internet service,No,No internet service,No internet service,No,No,month-to-month,Yes,electronic_check,109.48,3284.27,No
CUST-04103,Female,1,Yes,No,7,Yes,No,Fiber optic,No internet service,Yes,Yes,No,No internet service,No,month-to-month,Yes,credit_card,93.53,654.7,Yes
CUST-04104,Male,0,Yes,No,69,Yes,Yes,No,Yes,No internet service,No,Yes,No internet service,Yes,month-to-month,Yes,bank_transfer,19.53,1347.78,No
CUST-04105,Female,1,No,Yes,9,Yes,No,DSL,Yes,No,Yes,No internet service,Yes,No,month-to-month,No,mailed_check,58.4,525.63,No
CUST-04106,Male,0,Yes,Yes,1,Yes,Yes,No,No internet service,No internet service,No,Yes,No,No,one year,Yes,electronic_check,18.68,18.68,Yes
CUST-04107,Female,0,Yes,Yes,58,Yes,No,Fiber optic,Yes,No,No,No internet service,Yes,No internet service,month-to-month,Yes,bank_transfer,94.08,5456.84,No
CUST-04108,Male,0,No,No,41,Yes,No,Fiber optic,Yes,No internet service,No,No internet service,Yes,Yes,month-to-month,Yes,bank_transfer,89.02,3649.97,No
CUST-04109,Female,1,No,Yes,22,Yes,No,DSL,No internet service,Yes,Yes,Yes,Yes,Yes,month-to-month,No,bank_transfer,67.82,1492.05,No
CUST-04110,Female,0,No,Yes,23,Yes,No,DSL,No internet service,No internet service,No,Yes,No,No,one year,No,electronic_check,82.7,1902.04,No
CUST-04111,Male,1,No,No,62,Yes,No,Fiber optic,No internet service,No,Yes,No,No internet service,No internet service,one year,Yes,mailed_check,70.56,4374.48,No
CUST-04112,Male,0,Yes,No,25,Yes,No,Fiber optic,Yes,No internet service,No,No internet service,No,No internet service,month-to-month,Yes,mailed_check,109.97,2749.13,Yes
CUST-04113,Female,0,Yes,Yes,29,Yes,Yes,Fiber optic,No,No internet service,No,No,No,No,one year,No,mailed_check,78.86,2286.82,No
CUST-04114,Male,0,No,Yes,43,Yes,No,DSL,No,No,Yes,No,No internet service,Yes,one year,No,mailed_check,78.26,3365.37,No
CUST-04115,Male,1,Yes,Yes,13,Yes,Yes,DSL,No,No internet service,No internet service,No,Yes,No internet service,two year,No,mailed_check,81.56,1060.25,No
CUST-04116,Female,1,No,No,46,Yes,Yes,Fiber optic,No,Yes,No internet service,No,No internet service,No,one year,No,credit_card,95.45,4390.64,No
CUST-04117,Female,0,No,Yes,18,Yes,No,DSL,No,No internet service,No,No internet service,No,Yes,month-to-month,No,electronic_check,63.71,1146.72,No
CUST-04118,Male,1,No,No,37,Yes,No,DSL,No,No internet service,No,No internet service,No,No,month-to-month,Yes,bank_transfer,48.49,1794.12,No
CUST-04119,Female,0,Yes,No,23,Yes,No,Fiber optic,No,No internet service,No internet service,Yes,No,No internet service,one year,Yes,mailed_check,68.72,1580.45,No
CUST-04120,Female,1,No,No,64,Yes,No,Fiber optic,No internet service,No internet service,No,No internet service,Yes,No,one year,No,electronic_check,79.74,5103.24,No
CUST-04121,Female,1,Yes,Yes,40,Yes,No,DSL,No,Yes,No internet service,Yes,Yes,No,month-to-month,No,electronic_check,63.88,2555.35,No
CUST-04122,Male,1,No,Yes,52,Yes,No,Fiber optic,No,Yes,No internet service,No,No,Yes,month-to-month,No,bank_transfer,70.66,3674.23,No
CUST-04123,Female,0,No,Yes,9,Yes,No,DSL,No internet service,No,No internet service,No,No internet service,Yes,two year,Yes,electronic_check,36.93,332.33,No
CUST-04124,Female,1,Yes,Yes,37,Yes,No,DSL,No internet service,No internet service,No internet service,No internet service,Yes,No,month-to-month,No,bank_transfer,47.36,1752.22,No
CUST-04125,Male,1,Yes,No,56,Yes,Yes,DSL,No internet service,No internet service,No internet service,No,No,No,one year,Yes,bank_transfer,76.16,4264.69,No
CUST-04126,Male,1,Yes,No,54,Yes,Yes,DSL,Yes,Yes,No internet service,No internet service,No,No,month-to-month,Yes,electronic_check,84.1,4541.51,No
CUST-04127,Female,0,Yes,No,61,Yes,No,Fiber optic,No,No,No,Yes,Yes,No,two year,Yes,electronic_check,141.24,8615.69,No
CUST-04128,Female,0,Yes,No,19,Yes,No,DSL,Yes,Yes,No,Yes,No internet service,No,month-to-month,Yes,electronic_check,57.11,1085.06,No
CUST-04129,Male,0,Yes,No,15,No,No phone service,DSL,No,No internet service,No,No,No,No,month-to-month,Yes,electronic_check,42.13,631.92,No
CUST-04130,Female,1,No,No,33,Yes,Yes,No,No,No,No internet service,No internet service,No internet service,Yes,two year,Yes,electronic_check,12.0,396.12,No
CUST-04131,Male,1,No,Yes,38,Yes,No,Fiber optic,Yes,No internet service,No,Yes,No,No,two year,Yes,credit_card,86.73,3295.68,No
CUST-04132,Female,1,No,No,36,Yes,No,DSL,No internet service,Yes,Yes,No internet service,No internet service,Yes,two year,Yes,electronic_check,60.65,2183.54,No
CUST-04133,Male,0,Yes,Yes,17,Yes,No,Fiber optic,Yes,No internet service,No internet service,Yes,No internet service,No internet service,month-to-month,Yes,credit_card,129.46,2200.85,Yes
CUST-04134,Female,1,Yes,No,8,Yes,No,DSL,No,No internet service,No,No,Yes,No,month-to-month,Yes,bank_transfer,52.58,420.68,No
CUST-04135,Male,1,No,No,33,Yes,Yes,Fiber optic,No internet service,Yes,No,No internet service,No internet service,No,two year,Yes,bank_transfer,102.93,3396.79,No
CUST-04136,Female,1,Yes,No,54,Yes,No,Fiber optic,No,Yes,No internet service,No,No internet service,No internet service,month-to-month,No,mailed_check,105.42,5692.76,No
CUST-04137,Female,0,Yes,No,62,Yes,Yes,DSL,No internet service,No,No,No,Yes,Yes,one year,Yes,electronic_check,87.89,5449.08,No
CUST-04138,Male,0,No,Yes,59,Yes,Yes,No,No,No internet service,Yes,No internet service,No internet service,No,one year,Yes,mailed_check,11.9,701.93,No
CUST-04139,Male,1,No,Yes,68,No,No phone service,Fiber optic,No internet service,No,Yes,No internet service,No,No internet service,one year,No,credit_card,68.63,4667.18,No
CUST-04140,Male,0,Yes,Yes,26,Yes,Yes,Fiber optic,Yes,No,No,No,No internet service,Yes,two year,No,mailed_check,138.32,3596.3,No
CUST-04141,Female,0,Yes,No,42,Yes,No,DSL,No internet service,Yes,No internet service,No,No,No internet service,month-to-month,Yes,mailed_check,67.53,2836.35,No
CUST-04142,Female,0,No,No,11,Yes,No,DSL,Yes,Yes,Yes,No,Yes,No,month-to-month,Yes,mailed_check,62.66,689.27,No
CUST-04143,Female,0,No,No,69,Yes,No,DSL,No,Yes,No internet service,No internet service,No,No,two year,No,electronic_check,60.22,4155.42,No
CUST-04144,Female,0,Yes,No,36,Yes,No,No,No internet service,No,No internet service,No,No,Yes,two year,No,bank_transfer,14.32,515.4,No
CUST-04145,Male,1,No,Yes,59,Yes,No,No,Yes,No,No,No,Yes,No,one year,Yes,mailed_check,15.51,914.97,No
CUST-04146,Male,0,Yes,No,72,Yes,No,No,No,Yes,No internet service,No,No internet service,No,month-to-month,Yes,mailed_check,27.91,2009.82,No
CUST-04147,Male,1,Yes,No,22,Yes,No,Fiber optic,No,No internet service,No,Yes,No,No internet service,month-to-month,No,bank_transfer,76.65,1686.22,No
CUST-04148,Female,0,No,Yes,14,Yes,No,DSL,Yes,No internet service,No,No,No internet service,No internet service,one year,Yes,electronic_check,68.47,958.52,No
CUST-04149,Female,1,No,Yes,59,Yes,No,Fiber optic,No,Yes,No,No,No internet service,No internet service,one year,No,bank_transfer,92.56,5460.78,No
CUST-04150,Male,1,Yes,No,60,Yes,No,DSL,No internet service,No,No,No,Yes,No,month-to-month,Yes,electronic_check,51.1,3065.9,No
CUST-04151,Female,1,Yes,No,22,Yes,No,No,No internet service,No,No,No,No,No,one year,No,bank_transfer,7.93,174.53,No
CUST-04152,Male,1,No,No,2,Yes,Yes,DSL,Yes,Yes,Yes,No,Yes,No internet service,month-to-month,No,electronic_check,48.06,96.13,Yes
CUST-04153,Male,1,No,No,2,Yes,No,Fiber optic,No,No,No internet service,No internet service,Yes,No internet service,two year,Yes,electronic_check,135.08,270.17,Yes
CUST-04154,Female,1,Yes,No,38,Yes,Yes,DSL,No internet service,No,Yes,No internet service,Yes,No internet service,two year,Yes,electronic_check,74.03,2813.19,No
CUST-04155,Female,0,No,No,65,Yes,Yes,Fiber optic,No internet service,Yes,No,No internet service,No internet service,No internet service,one year,No,electronic_check,99.15,6444.74,No
CUST-04156,Male,0,Yes,No,67,Yes,No,DSL,Yes,No,No internet service,No,No,No internet service,month-to-month,Yes,electronic_check,52.76,3535.13,No
CUST-04157,Male,1,Yes,No,44,Yes,Yes,DSL,No,No,No internet service,No,No,Yes,month-to-month,Yes,mailed_check,60.83,2676.73,No
CUST-04158,Male,0,Yes,No,35,No,No phone service,Fiber optic,No internet service,No,No,No internet service,Yes,No,month-to-month,No,mailed_check,71.28,2494.81,No
CUST-04159,Female,0,Yes,No,2,Yes,No,DSL,No internet service,Yes,No,No internet service,No,No,month-to-month,Yes,bank_transfer,29.48,58.97,No
CUST-04160,Female,0,Yes,No,58,No,No phone service,DSL,No,No,Yes,No,Yes,No,month-to-month,No,credit_card,38.14,2211.97,No
CUST-04161,Female,0,No,No,11,Yes,No,DSL,Yes,Yes,No,No,No,Yes,two year,Yes,mailed_check,65.08,715.89,No
CUST-04162,Male,1,Yes,Yes,46,Yes,No,Fiber optic,No internet service,Yes,No,No,Yes,No,month-to-month,Yes,electronic_check,76.49,3518.66,No
CUST-04163,Female,0,No,Yes,18,No,No phone service,Fiber optic,No,No,No,Yes,No internet service,Yes,one year,No,credit_card,65.7,1182.61,No
CUST-04164,Female,1,No,No,8,Yes,No,DSL,No internet service,No internet service,No internet service,No,No,No,month-to-month,Yes,credit_card,44.32,354.57,No
CUST-04165,Male,1,Yes,No,16,Yes,Yes,DSL,No,Yes,No,No internet service,No,Yes,one year,No,credit_card,37.49,599.83,No
CUST-04166,Male,0,No,No,55,Yes,No,Fiber optic,No internet service,No internet service,Yes,Yes,Yes,No,month-to-month,Yes,bank_transfer,100.3,5516.53,No
CUST-04167,Male,0,Yes,No,53,Yes,Yes,DSL,No internet service,No internet service,Yes,Yes,No,No internet service,two year,Yes,electronic_check,37.7,1998.25,No
CUST-04168,Female,1,Yes,No,43,Yes,Yes,Fiber optic,No internet service,No,Yes,No internet service,Yes,Yes,one year,No,bank_transfer,123.48,5309.75,No
CUST-04169,Male,1,Yes,No,31,Yes,No,Fiber optic,No,Yes,No,No,Yes,No internet service,two year,Yes,bank_transfer,98.22,3044.91,No
CUST-04170,Female,1,No,No,28,Yes,No,Fiber optic,No,No,No,No internet service,No internet service,Yes,two year,No,credit_card,97.25,2722.98,No
CUST-04171,Female,1,Yes,Yes,32,Yes,Yes,DSL,No,No,Yes,Yes,No,No,two year,No,mailed_check,99.5,3183.98,No
CUST-04172,Male,1,Yes,Yes,13,Yes,Yes,No,No internet service,No,No,No,No,Yes,month-to-month,Yes,mailed_check,31.33,407.27,No
CUST-04173,Female,0,Yes,Yes,45,Yes,No,DSL,Yes,No internet service,Yes,No,Yes,No,month-to-month,Yes,electronic_check,41.96,1888.35,No
CUST-04174,Male,1,Yes,No,68,Yes,No,Fiber optic,No,No,No internet service,No,Yes,No internet service,two year,No,mailed_check,108.4,7371.11,No
CUST-04175,Female,1,Yes,No,37,Yes,No,DSL,Yes,Yes,No internet service,No,No internet service,No internet service,month-to-month,No,bank_transfer,64.71,2394.39,No
CUST-04176,Female,1,Yes,No,30,Yes,Yes,Fiber optic,No internet service,Yes,No,No internet service,No internet service,No internet service,two year,No,credit_card,130.53,3915.98,No
CUST-04177,Female,1,No,No,50,Yes,Yes,DSL,Yes,No,No internet service,Yes,No,No internet service,one year,No,electronic_check,60.01,3000.27,No
CUST-04178,Male,0,No,Yes,47,Yes,Yes,DSL,No internet service,No,No,No,No,No internet service,one year,Yes,bank_transfer,37.94,1783.19,No
CUST-04179,Female,1,No,Yes,51,Yes,No,DSL,No internet service,No,No,Yes,Yes,Yes,one year,Yes,bank_transfer,37.93,1934.56,No
CUST-04180,Male,1,Yes,Yes,25,Yes,Yes,DSL,Yes,Yes,No,No,No,No,month-to-month,Yes,bank_transfer,29.03,725.87,No
CUST-04181,Male,0,No,Yes,63,Yes,Yes,DSL,Yes,Yes,No,Yes,No,No internet service,month-to-month,Yes,bank_transfer,37.76,2378.67,No
CUST-04182,Female,0,No,No,13,Yes,Yes,Fiber optic,Yes,No,No internet service,No,No internet service,No,month-to-month,Yes,electronic_check,109.17,1419.23,Yes
CUST-04183,Female,0,Yes,Yes,24,Yes,No,Fiber optic,No internet service,No,Yes,No,Yes,No internet service,month-to-month,No,electronic_check,89.03,2136.68,No
CUST-04184,Female,1,Yes,Yes,58,Yes,No,No,No,No internet service,No,No,No,No internet service,month-to-month,Yes,bank_transfer,12.15,704.88,No
CUST-04185,Female,0,Yes,Yes,46,Yes,Yes,DSL,No internet service,No,No,No internet service,Yes,No,one year,No,bank_transfer,53.18,2446.37,No
CUST-04186,Male,0,Yes,Yes,57,Yes,No,DSL,No,No,Yes,No,No internet service,No,month-to-month,No,bank_transfer,55.53,3164.96,No
CUST-04187,Female,0,No,Yes,22,Yes,Yes,DSL,Yes,No internet service,No internet service,Yes,No,No,one year,No,credit_card,27.36,601.94,No
CUST-04188,Male,0,No,No,50,Yes,Yes,No,No internet service,No,No,No internet service,Yes,Yes,one year,Yes,bank_transfer,38.46,1923.17,No
CUST-04189,Male,1,Yes,No,46,Yes,No,Fiber optic,No,No,No internet service,Yes,No,No,month-to-month,No,credit_card,113.06,5200.54,No
CUST-04190,Male,1,No,No,21,Yes,No,DSL,No internet service,Yes,No internet service,No,No,No,month-to-month,Yes,bank_transfer,90.52,1901.02,No
CUST-04191,Male,1,No,No,9,Yes,No,Fiber optic,Yes,No,No internet service,No internet service,No internet service,No internet service,month-to-month,No,mailed_check,133.13,1198.18,Yes
CUST-04192,Male,1,No,Yes,53,Yes,Yes,No,No,No internet service,No,No internet service,No internet service,No internet service,two year,No,electronic_check,46.78,2479.56,No
CUST-04193,Male,1,No,No,60,Yes,Yes,Fiber optic,No,No internet service,Yes,No,No internet service,Yes,month-to-month,No,electronic_check,119.07,7144.01,No
CUST-04194,Male,1,Yes,Yes,71,No,No phone service,DSL,No internet service,No,No internet service,No internet service,No,Yes,one year,Yes,bank_transfer,47.35,3361.79,No
CUST-04195,Male,0,No,Yes,11,Yes,No,DSL,No,No internet service,Yes,Yes,No,No,one year,No,mailed_check,40.99,450.91,No
CUST-04196,Male,1,Yes,No,23,Yes,Yes,DSL,No,No,No,No,No,No,month-to-month,Yes,mailed_check,60.02,1380.45,Yes
CUST-04197,Female,0,Yes,No,55,Yes,Yes,DSL,Yes,Yes,No internet service,No internet service,Yes,No,month-to-month,No,credit_card,48.56,2670.67,No
CUST-04198,Female,0,Yes,No,67,Yes,No,DSL,No,No,No internet service,Yes,Yes,No,month-to-month,Yes,electronic_check,88.86,5953.41,No
CUST-04199,Female,0,No,No,45,Yes,No,Fiber optic,Yes,Yes,Yes,No,Yes,Yes,one year,Yes,bank_transfer,94.88,4269.45,No
CUST-04200,Female,1,Yes,No,69,Yes,No,DSL,Yes,Yes,No internet service,No internet service,Yes,No,two year,No,bank_transfer,65.29,4505.19,No
CUST-04201,Female,1,No,Yes,2,Yes,No,Fiber optic,No,No,Yes,No,No internet service,Yes,one year,Yes,bank_transfer,114.91,229.83,No
CUST-04202,Female,1,No,Yes,28,Yes,Yes,DSL,No,No,No internet service,No,No internet service,Yes,two year,Yes,electronic_check,64.63,1809.52,No
CUST-04203,Female,0,No,No,16,Yes,Yes,Fiber optic,No,No internet service,Yes,No,No internet service,No,month-to-month,Yes,electronic_check,66.6,1065.6,No
CUST-04204,Female,0,No,No,37,Yes,No,Fiber optic,No internet service,No internet service,No internet service,Yes,No internet service,Yes,month-to-month,No,credit_card,104.04,3849.49,No
CUST-04205,Female,0,No,No,6,Yes,Yes,Fiber optic,Yes,No,No,No,No,Yes,month-to-month,Yes,mailed_check,121.23,727.35,Yes
CUST-04206,Female,0,Yes,Yes,36,No,No phone service,DSL,Yes,Yes,No,No,Yes,No,month-to-month,Yes,credit_card,49.53,1783.11,No
CUST-04207,Female,1,Yes,Yes,61,No,No phone service,DSL,No,No internet service,Yes,No internet service,No,Yes,month-to-month,Yes,credit_card,32.69,1994.12,No
CUST-04208,Male,0,Yes,No,49,No,No phone service,Fiber optic,Yes,No internet service,No,No internet service,Yes,No,month-to-month,Yes,electronic_check,64.06,3138.85,No
CUST-04209,Male,0,No,No,41,No,No phone service,Fiber optic,Yes,No,No internet service,Yes,Yes,Yes,one year,Yes,credit_card,67.83,2780.88,No
CUST-04210,Male,0,Yes,No,40,Yes,Yes,Fiber optic,No internet service,No internet service,No,No,No internet service,Yes,month-to-month,Yes,electronic_check,106.36,4254.44,No
CUST-04211,Male,1,Yes,No,20,Yes,No,Fiber optic,No,No internet service,No,No,No,No,one year,No,electronic_check,121.11,2422.23,No
CUST-04212,Female,1,No,No,43,Yes,Yes,Fiber optic,No,No internet service,Yes,Yes,No internet service,No,month-to-month,No,electronic_check,59.33,2551.33,No
CUST-04213,Male,1,No,No,39,No,No phone service,Fiber optic,No,No internet service,No internet service,No,No,No,one year,No,credit_card,78.19,3049.32,No
CUST-04214,Female,0,Yes,Yes,39,Yes,Yes,DSL,No,No,No,No internet service,No internet service,Yes,month-to-month,Yes,credit_card,48.69,1898.94,No
CUST-04215,Female,1,No,No,16,Yes,No,No,Yes,No,Yes,No,Yes,No,month-to-month,Yes,electronic_check,11.82,189.05,Yes
CUST-04216,Female,1,Yes,No,41,Yes,No,Fiber optic,Yes,No,No internet service,No,No internet service,Yes,one year,No,electronic_check,85.27,3495.97,No
CUST-04217,Female,0,No,No,65,No,No phone service,DSL,No internet service,Yes,No,No,Yes,Yes,one year,Yes,credit_card,59.83,3888.79,No
CUST-04218,Female,1,Yes,Yes,70,Yes,Yes,Fiber optic,No internet service,Yes,No,No,No,No,month-to-month,Yes,electronic_check,126.16,8831.54,No
CUST-04219,Male,1,No,Yes,65,Yes,Yes,DSL,No internet service,No,Yes,No,No internet service,No internet service,month-to-month,Yes,bank_transfer,54.8,3562.18,No
CUST-04220,Male,1,Yes,No,71,Yes,No,Fiber optic,No internet service,Yes,No internet service,No,No,Yes,one year,No,electronic_check,95.69,6793.89,No
CUST-04221,Male,1,No,No,55,Yes,No,Fiber optic,Yes,Yes,Yes,Yes,No,Yes,month-to-month,Yes,electronic_check,73.65,4050.66,No
CUST-04222,Male,0,Yes,No,41,No,No phone service,DSL,Yes,Yes,Yes,No,No,No internet service,month-to-month,Yes,mailed_check,77.31,3169.89,No
CUST-04223,Male,1,No,No,47,Yes,No,Fiber optic,No internet service,No,Yes,No internet service,No,Yes,two year,Yes,electronic_check,116.08,5455.68,No
CUST-04224,Male,0,No,No,8,Yes,No,DSL,No internet service,No internet service,No internet service,No,Yes,No,month-to-month,Yes,mailed_check,61.04,488.32,Yes
CUST-04225,Female,1,No,No,42,Yes,Yes,Fiber optic,No internet service,No,No internet service,Yes,Yes,Yes,two year,Yes,mailed_check,95.16,3996.81,No
CUST-04226,Female,1,No,No,3,Yes,Yes,Fiber optic,No,Yes,No internet service,Yes,No,Yes,one year,No,mailed_check,129.41,388.23,Yes
CUST-04227,Female,0,Yes,Yes,70,Yes,Yes,DSL,No internet service,No internet service,No,No internet service,No internet service,No internet service,month-to-month,No,bank_transfer,41.31,2891.81,No
CUST-04228,Female,1,No,Yes,33,Yes,No,Fiber optic,No internet service,No internet service,No,No,No internet service,No internet service,month-to-month,Yes,electronic_check,77.28,2550.35,No
CUST-04229,Female,0,Yes,No,35,Yes,No,DSL,Yes,Yes,No,Yes,No internet service,Yes,month-to-month,Yes,electronic_check,45.9,1606.5,Yes
CUST-04230,Male,0,Yes,No,32,Yes,No,Fiber optic,No,No internet service,Yes,Yes,Yes,No internet service,one year,No,electronic_check,94.44,3022.13,No
CUST-04231,Female,0,No,No,24,Yes,Yes,No,No internet service,No,No internet service,No internet service,No internet service,No,one year,No,credit_card,32.17,772.16,No
CUST-04232,Male,1,Yes,No,51,Yes,Yes,DSL,No,Yes,No internet service,No,No,No internet service,month-to-month,No,bank_transfer,51.8,2642.01,No
CUST-04233,Male,0,No,No,10,No,No phone service,Fiber optic,Yes,No internet service,No internet service,No,Yes,No,one year,Yes,electronic_check,88.1,880.96,No
CUST-04234,Female,1,Yes,No,29,Yes,No,Fiber optic,No,Yes,No,No,No,No internet service,month-to-month,Yes,bank_transfer,78.77,2284.3,No
CUST-04235,Male,1,Yes,Yes,58,Yes,No,DSL,Yes,Yes,No,Yes,No,Yes,month-to-month,No,electronic_check,61.76,3582.27,No
CUST-04236,Male,0,Yes,No,6,Yes,Yes,Fiber optic,No,No,Yes,No internet service,No,No internet service,month-to-month,No,bank_transfer,71.77,430.61,Yes
CUST-04237,Male,0,Yes,No,71,Yes,No,DSL,No,Yes,No,No,No,No internet service,month-to-month,No,bank_transfer,57.76,4100.64,No
CUST-04238,Female,0,No,No,61,Yes,No,DSL,Yes,No internet service,Yes,No,No internet service,No,one year,Yes,electronic_check,57.36,3499.04,No
CUST-04239,Male,0,No,No,70,Yes,No,Fiber optic,No,No,Yes,Yes,No internet service,Yes,one year,No,bank_transfer,92.79,6495.02,No
CUST-04240,Female,0,No,Yes,57,Yes,No,DSL,Yes,No internet service,No internet service,No internet service,No,No internet service,month-to-month,Yes,credit_card,41.99,2393.39,No
CUST-04241,Female,1,Yes,No,28,Yes,No,Fiber optic,No,No,Yes,No internet service,No,No,month-to-month,Yes,credit_card,104.25,2918.94,No
CUST-04242,Male,1,Yes,No,69,Yes,Yes,DSL,No,No,Yes,No,No,Yes,two year,Yes,bank_transfer,80.7,5568.07,No
CUST-04243,Female,1,No,Yes,0,Yes,No,Fiber optic,No,No internet service,Yes,Yes,Yes,No internet service,month-to-month,No,electronic_check,75.85,75.85,Yes
CUST-04244,Male,0,No,No,55,Yes,No,DSL,No,Yes,Yes,Yes,No internet service,Yes,month-to-month,Yes,electronic_check,69.39,3816.49,No
CUST-04245,Male,1,No,Yes,31,Yes,No,Fiber optic,No internet service,No,Yes,Yes,Yes,No,two year,Yes,bank_transfer,93.76,2906.45,No
CUST-04246,Female,0,Yes,No,4,Yes,No,DSL,No,No internet service,No,No,No,Yes,one year,No,electronic_check,82.27,329.07,No
CUST-04247,Female,0,No,No,33,Yes,No,DSL,No,No,No internet service,No internet service,Yes,No internet service,month-to-month,Yes,mailed_check,90.47,2985.48,No
CUST-04248,Male,1,No,No,25,Yes,Yes,Fiber optic,No,Yes,Yes,Yes,No,Yes,month-to-month,Yes,bank_transfer,97.63,2440.71,No
CUST-04249,Female,1,No,No,48,Yes,No,Fiber optic,No internet service,No internet service,Yes,Yes,No,No,two year,No,bank_transfer,100.73,4834.98,No
CUST-04250,Male,0,Yes,No,69,Yes,Yes,DSL,No,Yes,No,No internet service,No internet service,No internet service,month-to-month,No,electronic_check,56.07,3868.95,No
CUST-04251,Female,0,No,Yes,5,Yes,Yes,Fiber optic,No,No internet service,Yes,No,No,No,month-to-month,Yes,bank_transfer,78.95,394.77,No
CUST-04252,Female,1,No,No,61,No,No phone service,Fiber optic,Yes,No internet service,Yes,Yes,Yes,No,month-to-month,Yes,credit_card,76.72,4679.91,No
CUST-04253,Female,1,Yes,Yes,19,Yes,Yes,Fiber optic,No,Yes,Yes,No,No,Yes,month-to-month,No,electronic_check,121.82,2314.6,Yes
CUST-04254,Female,1,No,Yes,3,Yes,No,Fiber optic,No,Yes,No,No,No,Yes,two year,Yes,mailed_check,94.53,283.58,No
CUST-04255,Female,0,Yes,Yes,36,Yes,No,DSL,No internet service,No internet service,Yes,Yes,No internet service,No,month-to-month,No,electronic_check,50.21,1807.48,No
CUST-04256,Female,1,No,No,61,No,No phone service,Fiber optic,No internet service,No,Yes,No,No,No internet service,month-to-month,Yes,mailed_check,73.42,4478.77,No
CUST-04257,Male,1,No,No,49,No,No phone service,DSL,No,Yes,No,Yes,No internet service,No internet service,month-to-month,Yes,mailed_check,46.92,2298.86,No
CUST-04258,Male,0,Yes,No,15,Yes,No,DSL,No,No,Yes,No internet service,No,No,two year,No,electronic_check,76.18,1142.77,No
CUST-04259,Female,1,No,No,24,Yes,Yes,No,Yes,No internet service,No,Yes,No,No,one year,No,mailed_check,5.94,142.65,No
CUST-04260,Male,0,No,Yes,67,Yes,Yes,No,No,Yes,Yes,No internet service,No internet service,No,month-to-month,Yes,electronic_check,32.14,2153.38,No
CUST-04261,Male,1,Yes,No,2,Yes,Yes,DSL,No,No,Yes,No internet service,Yes,Yes,month-to-month,No,mailed_check,65.18,130.37,Yes
CUST-04262,Female,0,Yes,Yes,24,Yes,Yes,Fiber optic,No internet service,No,Yes,No internet service,No,No,one year,Yes,electronic_check,132.29,3175.05,No
CUST-04263,Female,0,No,No,55,Yes,No,Fiber optic,No,No internet service,Yes,No internet service,No,Yes,month-to-month,No,electronic_check,74.43,4093.76,No
CUST-04264,Male,0,Yes,No,47,Yes,Yes,Fiber optic,No,No internet service,Yes,Yes,No internet service,No,two year,No,credit_card,134.77,6334.42,No
CUST-04265,Female,1,Yes,No,9,Yes,Yes,Fiber optic,Yes,Yes,Yes,No,Yes,No,one year,No,electronic_check,111.67,1005.04,No
CUST-04266,Female,1,Yes,No,63,Yes,Yes,DSL,No,No,No internet service,Yes,No,No,two year,Yes,credit_card,75.36,4747.67,No
CUST-04267,Female,0,Yes,Yes,56,Yes,Yes,Fiber optic,No internet service,No internet service,No,No internet service,No internet service,Yes,month-to-month,No,electronic_check,85.93,4812.02,No
CUST-04268,Female,1,Yes,No,50,Yes,Yes,DSL,No,No,No,No internet service,Yes,No internet service,month-to-month,Yes,electronic_check,51.31,2565.74,No
CUST-04269,Female,0,Yes,No,21,Yes,Yes,Fiber optic,No internet service,No,No,No,No internet service,Yes,one year,Yes,credit_card,122.92,2581.31,No
CUST-04270,Male,0,No,No,60,Yes,Yes,Fiber optic,Yes,No,No internet service,No,No internet service,Yes,month-to-month,No,mailed_check,72.83,4370.03,No
CUST-04271,Male,1,No,No,44,Yes,No,Fiber optic,No,Yes,No,No,No,No,one year,No,credit_card,107.27,4720.09,No
CUST-04272,Female,1,Yes,No,59,Yes,No,Fiber optic,No,No,No,No internet service,Yes,No,month-to-month,Yes,electronic_check,83.37,4919.06,No
CUST-04273,Male,0,No,No,4,Yes,No,DSL,No,Yes,Yes,No internet service,Yes,No,two year,No,electronic_check,67.08,268.3,No
CUST-04274,Female,0,Yes,No,33,Yes,Yes,Fiber optic,No,No,Yes,No internet service,Yes,Yes,month-to-month,No,bank_transfer,84.87,2800.58,Yes
CUST-04275,Male,1,No,No,9,Yes,Yes,DSL,Yes,No internet service,No internet service,No,No,No,two year,No,bank_transfer,57.37,516.29,No
CUST-04276,Female,0,Yes,No,54,Yes,Yes,DSL,Yes,Yes,No internet service,Yes,No,No internet service,two year,No,bank_transfer,67.12,3624.29,No
CUST-04277,Male,1,Yes,No,48,No,No phone service,DSL,No,No internet service,No internet service,No,Yes,No,month-to-month,No,bank_transfer,41.27,1981.1,No
CUST-04278,Male,1,No,No,64,Yes,Yes,Fiber optic,No internet service,No,No,No internet service,No internet service,No,month-to-month,Yes,bank_transfer,71.63,4584.14,No
CUST-04279,Female,0,Yes,No,61,Yes,No,Fiber optic,No internet service,No,No internet service,Yes,Yes,No,month-to-month,Yes,electronic_check,122.11,7448.5,No
CUST-04280,Female,1,Yes,No,38,Yes,No,DSL,No,Yes,No,No,Yes,No internet service,one year,Yes,electronic_check,41.34,1570.92,No
CUST-04281,Female,0,No,No,65,Yes,Yes,DSL,No,Yes,No,No internet service,Yes,Yes,two year,Yes,mailed_check,68.67,4463.66,No
CUST-04282,Male,0,Yes,No,14,Yes,No,DSL,No,Yes,No internet service,No internet service,No internet service,No internet service,one year,Yes,bank_transfer,48.71,681.98,No
CUST-04283,Female,0,Yes,Yes,15,Yes,Yes,Fiber optic,Yes,No,Yes,No,No internet service,No,month-to-month,Yes,electronic_check,115.91,1738.58,Yes
CUST-04284,Female,1,Yes,No,49,Yes,Yes,DSL,No,No,No internet service,No internet service,No,No,month-to-month,Yes,credit_card,36.37,1782.34,No
CUST-04285,Male,1,No,Yes,69,Yes,Yes,Fiber optic,No,Yes,No,No,Yes,No,month-to-month,Yes,electronic_check,119.83,8268.16,No
CUST-04286,Female,0,No,Yes,23,Yes,No,Fiber optic,Yes,No internet service,No internet service,No,No,Yes,month-to-month,Yes,electronic_check,95.31,2192.07,Yes
CUST-04287,Female,1,Yes,No,68,Yes,No,DSL,No internet service,No,No internet service,Yes,Yes,No,one year,Yes,mailed_check,44.06,2996.13,No
CUST-04288,Female,1,Yes,Yes,68,Yes,No,Fiber optic,No internet service,No internet service,No,Yes,No internet service,No internet service,two year,Yes,electronic_check,129.24,8788.54,No
CUST-04289,Female,0,No,No,17,Yes,Yes,Fiber optic,No internet service,No internet service,Yes,No,No internet service,No internet service,month-to-month,Yes,mailed_check,83.74,1423.53,Yes
CUST-04290,Male,1,No,No,16,Yes,No,Fiber optic,Yes,No,No,No,Yes,No internet service,month-to-month,No,mailed_check,121.99,1951.81,Yes
CUST-04291,Female,0,Yes,No,40,Yes,No,DSL,Yes,No,No internet service,No,No,No,two year,Yes,electronic_check,39.3,1571.96,Yes
CUST-04292,Male,0,No,No,18,Yes,No,Fiber optic,Yes,No,Yes,Yes,No,Yes,two year,No,electronic_check,122.04,2196.65,No
CUST-04293,Male,0,No,No,70,Yes,No,Fiber optic,Yes,No,No internet service,No internet service,No,No internet service,one year,Yes,mailed_check,106.59,7461.06,No
CUST-04294,Male,1,Yes,No,8,No,No phone service,No,No internet service,No,No internet service,Yes,No internet service,Yes,two year,Yes,mailed_check,17.58,140.65,No
CUST-04295,Female,0,No,Yes,51,Yes,Yes,Fiber optic,No,No internet service,Yes,Yes,No internet service,Yes,two year,Yes,bank_transfer,87.27,4450.73,No
CUST-04296,Male,1,Yes,No,14,Yes,No,Fiber optic,No,No,Yes,No internet service,No internet service,Yes,one year,No,mailed_check,85.43,1196.07,No
CUST-04297,Female,1,Yes,No,5,Yes,Yes,No,No internet service,Yes,Yes,No internet service,No,No,two year,Yes,electronic_check,37.54,187.7,No
CUST-04298,Male,1,No,No,6,Yes,No,Fiber optic,Yes,No internet service,No internet service,Yes,Yes,No internet service,one year,No,credit_card,88.23,529.35,No
CUST-04299,Male,0,Yes,Yes,70,Yes,No,DSL,No,Yes,Yes,No,No,No,month-to-month,Yes,electronic_check,64.8,4536.08,No
CUST-04300,Female,1,Yes,No,68,Yes,Yes,DSL,No,No internet service,No internet service,Yes,No internet service,No,two year,Yes,credit_card,72.5,4929.76,No
CUST-04301,Male,0,No,Yes,59,No,No phone service,No,No internet service,No,No,No,Yes,No,month-to-month,No,electronic_check,11.94,704.73,No
CUST-04302,Female,0,No,No,35,Yes,Yes,DSL,Yes,Yes,Yes,No,Yes,No internet service,month-to-month,Yes,bank_transfer,77.0,2695.06,No
CUST-04303,Male,1,Yes,No,40,Yes,No,Fiber optic,No,No,Yes,Yes,No,No,month-to-month,Yes,credit_card,108.05,4321.82,No
CUST-04304,Female,0,No,No,63,Yes,No,DSL,No internet service,Yes,No internet service,Yes,No internet service,No internet service,one year,Yes,mailed_check,61.93,3901.79,No
CUST-04305,Female,1,Yes,No,22,Yes,No,DSL,No internet service,No internet service,Yes,No internet service,Yes,Yes,one year,Yes,bank_transfer,37.89,833.57,No
CUST-04306,Male,0,No,Yes,29,Yes,Yes,Fiber optic,No internet service,No,No internet service,Yes,No,No internet service,two year,Yes,credit_card,108.18,3137.29,No
CUST-04307,Male,1,Yes,No,3,Yes,No,DSL,No internet service,No internet service,No internet service,No internet service,No,No,month-to-month,Yes,bank_transfer,74.7,224.09,Yes
CUST-04308,Female,0,No,Yes,38,Yes,No,DSL,No internet service,No,No internet service,No,No internet service,No,month-to-month,No,electronic_check,27.14,1031.24,No
CUST-04309,Male,0,Yes,No,33,Yes,Yes,Fiber optic,No,No internet service,Yes,No internet service,Yes,Yes,month-to-month,Yes,bank_transfer,73.68,2431.36,No
CUST-04310,Male,1,No,Yes,8,No,No phone service,Fiber optic,Yes,No,No internet service,No,Yes,No,month-to-month,Yes,electronic_check,135.31,1082.51,Yes
CUST-04311,Male,0,No,No,42,Yes,Yes,Fiber optic,No,Yes,No,No,Yes,No,month-to-month,Yes,mailed_check,63.18,2653.6,No
CUST-04312,Male,0,Yes,No,49,Yes,Yes,DSL,No,No,No,No internet service,No internet service,No,month-to-month,Yes,bank_transfer,54.39,2665.35,No
CUST-04313,Male,1,No,Yes,57,Yes,No,DSL,No,No internet service,No,No internet service,Yes,Yes,month-to-month,No,electronic_check,57.74,3291.1,No
CUST-04314,Female,0,Yes,No,36,Yes,No,Fiber optic,No,No,Yes,No,Yes,Yes,one year,Yes,credit_card,111.91,4028.9,No
CUST-04315,Male,0,Yes,No,24,No,No phone service,DSL,No,Yes,Yes,Yes,No internet service,No,month-to-month,Yes,credit_card,37.79,907.03,No
CUST-04316,Female,0,No,No,44,Yes,Yes,DSL,No internet service,Yes,No internet service,No,No internet service,Yes,one year,Yes,credit_card,72.37,3184.43,No
CUST-04317,Male,1,Yes,No,23,Yes,Yes,Fiber optic,No,No,No,Yes,No internet service,Yes,two year,Yes,electronic_check,118.52,2725.95,No
CUST-04318,Male,0,No,No,30,Yes,No,Fiber optic,No,Yes,No internet service,No,Yes,No internet service,two year,Yes,credit_card,114.72,3441.59,No
CUST-04319,Male,0,Yes,No,48,Yes,No,Fiber optic,Yes,No,Yes,Yes,No,No internet service,month-to-month,Yes,mailed_check,95.99,4607.74,No
CUST-04320,Female,0,No,Yes,6,No,No phone service,DSL,Yes,Yes,No,Yes,Yes,No,one year,Yes,bank_transfer,47.87,287.24,No
CUST-04321,Female,1,Yes,No,64,Yes,No,DSL,No internet service,No internet service,No,No,Yes,No,two year,Yes,bank_transfer,58.02,3713.18,No
CUST-04322,Female,1,No,No,22,Yes,Yes,No,Yes,Yes,No internet service,No,No,Yes,two year,Yes,bank_transfer,19.59,430.88,No
CUST-04323,Female,0,No,Yes,38,Yes,Yes,Fiber optic,No,No,No,No,No,Yes,month-to-month,Yes,electronic_check,109.58,4163.93,No
CUST-04324,Male,0,No,Yes,40,No,No phone service,DSL,No,No internet service,No internet service,No,No internet service,Yes,month-to-month,No,bank_transfer,53.69,2147.79,No
CUST-04325,Female,0,No,No,17,Yes,No,Fiber optic,Yes,No internet service,Yes,No,Yes,Yes,two year,Yes,mailed_check,110.09,1871.47,No
CUST-04326,Female,1,No,No,44,Yes,Yes,DSL,No,No,No,No,No,Yes,one year,Yes,electronic_check,59.64,2624.18,No
CUST-04327,Female,0,No,No,13,No,No phone service,No,Yes,No,Yes,No,No,Yes,month-to-month,Yes,bank_transfer,14.75,191.71,No
CUST-04328,Male,0,Yes,Yes,68,Yes,No,DSL,Yes,No,No,No,Yes,No,one year,No,credit_card,88.38,6009.74,No
CUST-04329,Female,1,No,Yes,22,Yes,No,DSL,No,No,Yes,No internet service,No,No,month-to-month,Yes,mailed_check,74.03,1628.69,Yes
CUST-04330,Female,1,No,No,50,No,No phone service,DSL,No internet service,No,No,No,No,No,two year,Yes,bank_transfer,102.88,5143.75,No
CUST-04331,Male,0,Yes,Yes,16,Yes,No,Fiber optic,No,Yes,No,No internet service,No,No internet service,two year,Yes,credit_card,89.58,1433.28,No
CUST-04332,Male,1,Yes,Yes,7,Yes,Yes,DSL,Yes,No internet service,No,No internet service,No,No internet service,month-to-month,No,mailed_check,76.28,533.93,No
CUST-04333,Male,1,No,No,20,Yes,Yes,Fiber optic,No internet service,No,No internet service,No internet service,No internet service,No internet service,two year,No,mailed_check,105.33,2106.7,No
CUST-04334,Male,0,No,No,6,Yes,Yes,Fiber optic,Yes,No internet service,No internet service,No,No internet service,No,month-to-month,Yes,credit_card,81.82,490.89,Yes
CUST-04335,Male,1,No,Yes,64,Yes,No,DSL,No internet service,No internet service,No internet service,Yes,Yes,No internet service,month-to-month,Yes,bank_transfer,57.61,3687.11,No
CUST-04336,Female,1,No,Yes,64,Yes,No,Fiber optic,No,No,Yes,No,Yes,Yes,two year,No,credit_card,99.83,6388.87,No
CUST-04337,Female,0,No,No,16,Yes,No,No,No,No,No,No internet service,No internet service,Yes,month-to-month,Yes,electronic_check,25.21,403.29,Yes
CUST-04338,Female,1,Yes,Yes,11,Yes,No,Fiber optic,No internet service,No,No internet service,Yes,No internet service,No,two year,Yes,bank_transfer,118.99,1308.85,No
CUST-04339,Male,1,No,No,49,No,No phone service,Fiber optic,No internet service,No,Yes,No,No,No,month-to-month,Yes,credit_card,112.69,5521.99,No
CUST-04340,Male,1,Yes,No,32,No,No phone service,Fiber optic,No internet service,No internet service,No,No internet service,Yes,Yes,month-to-month,No,electronic_check,98.16,3141.11,Yes
CUST-04341,Female,1,No,No,46,Yes,Yes,No,No internet service,No,No internet service,No,No,No internet service,two year,Yes,mailed_check,22.7,1044.4,No
CUST-04342,Male,1,Yes,Yes,55,Yes,No,DSL,No,No internet service,No internet service,Yes,Yes,Yes,one year,Yes,bank_transfer,81.78,4497.74,No
CUST-04343,Female,0,No,No,11,Yes,Yes,DSL,Yes,No,No,Yes,No internet service,Yes,one year,No,electronic_check,70.44,774.83,No
CUST-04344,Male,1,Yes,No,0,Yes,Yes,Fiber optic,Yes,No internet service,No internet service,No internet service,Yes,No,month-to-month,Yes,bank_transfer,95.69,95.69,Yes
CUST-04345,Male,1,Yes,No,63,Yes,Yes,No,No,Yes,Yes,No internet service,No internet service,Yes,two year,Yes,credit_card,17.3,1090.02,No
CUST-04346,Male,0,Yes,Yes,62,Yes,Yes,Fiber optic,No,No,No,No internet service,Yes,No,month-to-month,No,bank_transfer,105.98,6570.5,No
CUST-04347,Male,0,Yes,No,15,Yes,No,DSL,No internet service,Yes,No internet service,Yes,No,No internet service,two year,Yes,bank_transfer,73.77,1106.6,No
CUST-04348,Male,1,No,Yes,4,No,No phone service,Fiber optic,No,No internet service,No internet service,Yes,No internet service,No,one year,Yes,electronic_check,73.16,292.64,Yes
CUST-04349,Female,1,No,No,32,Yes,No,DSL,Yes,No internet service,No,Yes,Yes,No internet service,one year,No,mailed_check,44.06,1409.76,No
CUST-04350,Male,1,Yes,Yes,0,Yes,Yes,DSL,No,No,No,No internet service,Yes,Yes,one year,Yes,credit_card,88.23,88.23,No
CUST-04351,Male,1,Yes,Yes,15,Yes,No,DSL,Yes,No,Yes,No,No,Yes,two year,Yes,mailed_check,69.39,1040.92,No
CUST-04352,Male,1,No,No,35,Yes,No,Fiber optic,No internet service,No,No internet service,No,Yes,No internet service,month-to-month,Yes,credit_card,94.15,3295.14,No
CUST-04353,Female,0,No,No,62,Yes,Yes,Fiber optic,No internet service,No internet service,No internet service,No,No internet service,Yes,two year,No,mailed_check,94.98,5889.06,No
CUST-04354,Male,1,No,Yes,46,Yes,No,Fiber optic,No internet service,No,Yes,No,No,No internet service,month-to-month,Yes,mailed_check,116.34,5351.69,No
CUST-04355,Female,0,No,Yes,52,Yes,No,DSL,No,No internet service,No internet service,No internet service,No,No,two year,Yes,bank_transfer,85.7,4456.38,No
CUST-04356,Male,1,No,Yes,11,Yes,Yes,Fiber optic,No internet service,Yes,Yes,No,Yes,No internet service,one year,No,mailed_check,129.13,1420.46,No
CUST-04357,Male,1,No,No,52,Yes,No,DSL,No internet service,Yes,Yes,No internet service,No,No,month-to-month,No,mailed_check,48.39,2516.12,No
CUST-04358,Male,0,No,Yes,70,No,No phone service,Fiber optic,Yes,Yes,Yes,Yes,No internet service,Yes,month-to-month,Yes,bank_transfer,91.08,6375.29,No
CUST-04359,Male,1,No,Yes,64,Yes,No,DSL,No internet service,Yes,Yes,Yes,No internet service,No,two year,Yes,electronic_check,58.26,3728.49,No
CUST-04360,Female,1,No,No,72,Yes,Yes,No,No,No,No internet service,No,No,No internet service,two year,No,bank_transfer,35.99,2591.24,No
CUST-04361,Male,0,Yes,No,48,Yes,Yes,Fiber optic,No,No internet service,Yes,Yes,No internet service,No,one year,Yes,bank_transfer,78.49,3767.4,No
CUST-04362,Female,0,No,No,66,Yes,No,No,No,No internet service,Yes,No internet service,No,No,two year,Yes,credit_card,29.26,1930.89,No
CUST-04363,Male,0,No,No,0,Yes,No,Fiber optic,Yes,No,No,No,No,No internet service,month-to-month,No,credit_card,102.21,102.21,No
CUST-04364,Female,1,No,No,8,No,No phone service,DSL,No,No,Yes,Yes,No,No internet service,one year,Yes,mailed_check,39.2,313.57,No
CUST-04365,Female,1,No,No,26,Yes,Yes,DSL,No internet service,No,Yes,No internet service,Yes,No,two year,Yes,bank_transfer,80.43,2091.26,No
CUST-04366,Female,1,No,Yes,16,Yes,Yes,DSL,No,No,Yes,Yes,No,Yes,month-to-month,Yes,mailed_check,55.3,884.81,No
CUST-04367,Female,0,Yes,No,17,Yes,Yes,Fiber optic,Yes,No,No,No internet service,No internet service,No,month-to-month,Yes,mailed_check,104.2,1771.44,No
CUST-04368,Male,0,No,No,61,Yes,Yes,No,No,No internet service,No,Yes,No,Yes,month-to-month,No,bank_transfer,5.11,311.41,No
CUST-04369,Male,1,No,No,44,Yes,No,Fiber optic,No internet service,Yes,No internet service,No internet service,No,No internet service,two year,Yes,credit_card,104.4,4593.47,No
CUST-04370,Male,0,No,No,66,No,No phone service,No,Yes,No internet service,Yes,No internet service,No internet service,No internet service,month-to-month,Yes,electronic_check,7.03,464.05,No
CUST-04371,Female,0,Yes,No,23,Yes,Yes,DSL,No internet service,No,No,No,Yes,No,month-to-month,No,electronic_check,47.96,1103.06,No
CUST-04372,Female,0,No,No,56,Yes,Yes,Fiber optic,No internet service,No,No,No,No,Yes,month-to-month,Yes,mailed_check,87.56,4903.1,No
CUST-04373,Female,1,No,No,41,Yes,No,No,No,No,No internet service,No,Yes,No internet service,month-to-month,Yes,bank_transfer,18.49,758.17,No
CUST-04374,Male,1,Yes,Yes,32,No,No phone service,Fiber optic,No,No,No,No internet service,Yes,Yes,month-to-month,No,bank_transfer,101.27,3240.59,No
CUST-04375,Female,1,No,No,28,Yes,No,DSL,No,Yes,Yes,No,Yes,Yes,month-to-month,No,credit_card,65.49,1833.63,No
CUST-04376,Male,0,Yes,No,28,Yes,No,No,Yes,No internet service,Yes,No,No,No internet service,two year,Yes,credit_card,14.16,396.4,No
CUST-04377,Male,1,No,Yes,56,Yes,No,No,Yes,No,No internet service,No,No,No internet service,month-to-month,Yes,credit_card,11.23,629.12,No
CUST-04378,Female,0,No,Yes,8,Yes,No,DSL,No,No internet service,Yes,No,No,No,month-to-month,Yes,bank_transfer,73.2,585.57,No
CUST-04379,Male,0,No,No,7,Yes,Yes,DSL,No internet service,Yes,Yes,No internet service,No,No internet service,month-to-month,Yes,electronic_check,85.37,597.59,Yes
CUST-04380,Female,0,Yes,No,41,Yes,No,Fiber optic,No,No,No internet service,No,No,Yes,two year,No,credit_card,105.97,4344.85,No
CUST-04381,Female,1,Yes,No,66,Yes,No,Fiber optic,No,No,No internet service,Yes,Yes,Yes,one year,No,bank_transfer,113.33,7479.72,No
CUST-04382,Male,0,Yes,No,57,Yes,Yes,DSL,No internet service,No,Yes,Yes,Yes,No,one year,No,bank_transfer,58.46,3332.21,No
CUST-04383,Female,0,No,Yes,62,Yes,No,Fiber optic,No,No internet service,No internet service,No internet service,No internet service,No,one year,No,mailed_check,64.6,4004.99,No
CUST-04384,Female,1,No,No,72,Yes,Yes,DSL,Yes,No,Yes,No,No internet service,Yes,one year,No,electronic_check,71.9,5177.16,No
CUST-04385,Male,0,Yes,No,34,Yes,No,Fiber optic,Yes,Yes,No,No,Yes,No internet service,month-to-month,No,bank_transfer,124.96,4248.63,No
CUST-04386,Male,1,No,Yes,70,Yes,No,Fiber optic,Yes,Yes,No internet service,No internet service,No,Yes,month-to-month,Yes,electronic_check,66.65,4665.32,No
CUST-04387,Female,0,Yes,No,46,Yes,No,DSL,No,Yes,No internet service,No,No internet service,No internet service,month-to-month,Yes,bank_transfer,49.02,2254.92,No
CUST-04388,Male,1,No,No,22,Yes,Yes,DSL,No,No internet service,Yes,No internet service,No,No,month-to-month,No,bank_transfer,65.38,1438.28,No
CUST-04389,Female,1,Yes,Yes,59,Yes,Yes,Fiber optic,No,No,No,No,Yes,Yes,one year,No,mailed_check,105.71,6236.79,No
CUST-04390,Female,1,No,No,35,Yes,Yes,DSL,No,No,Yes,Yes,No,No,month-to-month,Yes,electronic_check,35.11,1229.01,No
CUST-04391,Male,0,No,No,40,Yes,No,Fiber optic,No,No internet service,No,No,No,No,month-to-month,Yes,mailed_check,107.62,4304.68,Yes
CUST-04392,Male,0,No,No,16,Yes,No,DSL,No,No internet service,No internet service,No internet service,Yes,No,month-to-month,Yes,mailed_check,56.3,900.77,No
CUST-04393,Male,0,Yes,Yes,17,Yes,Yes,DSL,No internet service,No,No internet service,Yes,Yes,No,one year,Yes,electronic_check,88.41,1503.05,No
CUST-04394,Male,0,Yes,Yes,41,Yes,No,DSL,No,No,No internet service,No,No internet service,Yes,two year,No,credit_card,83.83,3437.17,No
CUST-04395,Male,0,Yes,Yes,66,Yes,No,Fiber optic,No internet service,Yes,No,No,No,No internet service,month-to-month,No,electronic_check,75.53,4985.19,No
CUST-04396,Male,1,Yes,No,64,Yes,Yes,Fiber optic,No,No,Yes,No internet service,No,No,one year,Yes,electronic_check,82.32,5268.2,No
CUST-04397,Female,1,Yes,No,12,Yes,No,Fiber optic,Yes,Yes,No,No,No internet service,Yes,one year,No,mailed_check,80.76,969.13,No
CUST-04398,Female,0,Yes,No,19,No,No phone service,Fiber optic,No internet service,No,No internet service,No,No internet service,No,one year,Yes,credit_card,120.58,2290.95,No
CUST-04399,Female,0,No,No,69,No,No phone service,Fiber optic,Yes,No internet service,No internet service,Yes,Yes,No,two year,No,credit_card,108.57,7491.17,No
CUST-04400,Male,0,No,Yes,65,No,No phone service,Fiber optic,No internet service,No,No,No,Yes,No internet service,month-to-month,Yes,mailed_check,98.7,6415.69,No
CUST-04401,Female,0,Yes,No,22,Yes,No,DSL,No,Yes,Yes,No internet service,No,No internet service,one year,No,credit_card,39.23,863.02,No
CUST-04402,Female,1,No,No,34,Yes,No,DSL,Yes,Yes,No internet service,No internet service,Yes,No,one year,Yes,electronic_check,56.44,1919.05,No
CUST-04403,Male,0,No,Yes,6,Yes,No,DSL,No,No,No,No internet service,Yes,No,two year,Yes,credit_card,61.53,369.19,No
CUST-04404,Male,1,Yes,No,67,Yes,Yes,DSL,No internet service,No,No,No internet service,No internet service,No internet service,one year,Yes,bank_transfer,38.15,2555.83,No
CUST-04405,Male,0,Yes,No,56,Yes,No,Fiber optic,Yes,Yes,No,No,No,No internet service,month-to-month,Yes,bank_transfer,123.51,6916.4,No
CUST-04406,Male,0,No,No,67,Yes,No,Fiber optic,No,Yes,No,No internet service,No,No internet service,one year,Yes,credit_card,109.82,7357.97,No
CUST-04407,Female,1,No,Yes,23,Yes,Yes,Fiber optic,No,No,Yes,No,Yes,No internet service,month-to-month,Yes,electronic_check,93.59,2152.57,Yes
CUST-04408,Female,1,No,No,16,No,No phone service,Fiber optic,No internet service,Yes,No internet service,Yes,Yes,No,month-to-month,No,credit_card,109.67,1754.73,Yes
CUST-04409,Male,1,Yes,Yes,10,Yes,No,Fiber optic,No internet service,Yes,No,No internet service,No internet service,No internet service,two year,Yes,electronic_check,108.64,1086.45,No
CUST-04410,Male,1,Yes,No,39,Yes,No,No,No,No,No internet service,Yes,Yes,No,month-to-month,No,mailed_check,7.75,302.23,No
CUST-04411,Female,0,Yes,No,58,No,No phone service,Fiber optic,Yes,No internet service,No internet service,No,Yes,No,month-to-month,No,bank_transfer,93.13,5401.39,No
CUST-04412,Female,0,No,No,39,Yes,No,No,No,No,No internet service,No,No,No,month-to-month,Yes,electronic_check,7.85,306.15,No
CUST-04413,Male,0,Yes,No,11,Yes,No,No,No internet service,No,No,No,Yes,No internet service,month-to-month,Yes,electronic_check,27.47,302.18,Yes
CUST-04414,Male,1,Yes,No,27,Yes,Yes,DSL,No,No internet service,No internet service,No,No internet service,No,one year,Yes,mailed_check,87.86,2372.24,No
CUST-04415,Female,0,No,No,26,Yes,Yes,DSL,Yes,No,No,Yes,No,Yes,one year,Yes,electronic_check,72.46,1883.99,No
CUST-04416,Male,1,No,No,23,Yes,No,DSL,No internet service,No internet service,Yes,No,No internet service,Yes,two year,Yes,electronic_check,56.83,1307.17,No
CUST-04417,Male,1,No,No,62,Yes,No,Fiber optic,Yes,No internet service,No,Yes,No internet service,No,one year,Yes,bank_transfer,80.48,4989.69,No
CUST-04418,Female,1,No,No,15,Yes,No,Fiber optic,No,No internet service,No,No internet service,Yes,No,month-to-month,Yes,mailed_check,84.44,1266.63,Yes
CUST-04419,Female,1,Yes,No,24,Yes,Yes,DSL,No,Yes,No internet service,No,No internet service,No,two year,Yes,bank_transfer,54.6,1310.52,No
CUST-04420,Female,1,Yes,No,23,Yes,No,Fiber optic,No,No internet service,No,No internet service,No internet service,Yes,month-to-month,No,credit_card,89.73,2063.82,Yes
CUST-04421,Female,1,No,Yes,17,Yes,No,No,No internet service,No internet service,Yes,No,Yes,No internet service,one year,Yes,electronic_check,16.53,281.09,No
CUST-04422,Female,1,Yes,No,54,Yes,No,Fiber optic,No,No internet service,No,Yes,No internet service,No internet service,month-to-month,Yes,electronic_check,114.01,6156.77,No
CUST-04423,Female,1,Yes,Yes,72,Yes,Yes,DSL,Yes,No internet service,Yes,Yes,No,No,month-to-month,Yes,electronic_check,42.06,3028.35,No
CUST-04424,Male,0,No,Yes,30,Yes,Yes,DSL,No,No internet service,No internet service,Yes,No internet service,No internet service,one year,Yes,electronic_check,72.49,2174.81,No
CUST-04425,Female,0,No,Yes,45,Yes,No,DSL,No internet service,No,Yes,No,No,No internet service,month-to-month,No,electronic_check,65.76,2959.2,No
CUST-04426,Male,0,Yes,No,64,Yes,Yes,Fiber optic,Yes,No,No,No internet service,Yes,Yes,one year,No,electronic_check,78.71,5037.25,No
CUST-04427,Female,1,Yes,Yes,56,Yes,Yes,DSL,No internet service,Yes,No internet service,No,Yes,Yes,one year,Yes,mailed_check,71.19,3986.45,No
CUST-04428,Female,0,Yes,Yes,34,Yes,Yes,Fiber optic,No internet service,No,Yes,Yes,Yes,No internet service,month-to-month,No,electronic_check,59.35,2018.06,No
CUST-04429,Female,0,Yes,No,1,Yes,No,Fiber optic,No internet service,No,No internet service,No internet service,Yes,Yes,month-to-month,No,electronic_check,132.11,132.11,No
CUST-04430,Male,0,No,Yes,25,Yes,Yes,DSL,No internet service,No internet service,Yes,No,Yes,No internet service,month-to-month,Yes,bank_transfer,53.2,1329.9,No
CUST-04431,Female,0,Yes,Yes,70,Yes,No,Fiber optic,No internet service,Yes,Yes,No internet service,No internet service,No internet service,month-to-month,No,credit_card,104.0,7279.65,No
CUST-04432,Male,0,Yes,No,11,Yes,Yes,Fiber optic,No,No internet service,No,No,No,No,month-to-month,Yes,electronic_check,138.58,1524.34,Yes
CUST-04433,Male,1,No,No,1,Yes,Yes,DSL,Yes,Yes,No,Yes,Yes,Yes,month-to-month,Yes,mailed_check,72.3,72.3,No
CUST-04434,Male,0,Yes,No,53,Yes,No,DSL,No internet service,No,No internet service,No internet service,No internet service,Yes,two year,Yes,credit_card,60.91,3228.21,No
CUST-04435,Female,0,No,No,63,Yes,Yes,DSL,No internet service,Yes,No,No,No,No,month-to-month,Yes,electronic_check,28.69,1807.43,No
CUST-04436,Male,0,No,No,22,Yes,No,DSL,No,No,No,No,No internet service,No internet service,month-to-month,No,mailed_check,51.41,1131.12,No
CUST-04437,Male,1,Yes,Yes,24,Yes,No,Fiber optic,No,No,Yes,No internet service,No,No,month-to-month,Yes,electronic_check,87.7,2104.7,No
CUST-04438,Female,0,No,No,62,Yes,Yes,DSL,No internet service,No,No,No,No,Yes,month-to-month,No,electronic_check,74.46,4616.28,No
CUST-04439,Female,1,No,No,49,Yes,No,Fiber optic,No internet service,Yes,No,No internet service,No internet service,Yes,two year,Yes,bank_transfer,130.19,6379.35,No
CUST-04440,Female,1,No,Yes,22,Yes,Yes,Fiber optic,No internet service,Yes,No,Yes,No,No internet service,month-to-month,Yes,electronic_check,138.5,3046.98,No
CUST-04441,Male,0,Yes,No,40,Yes,No,Fiber optic,Yes,No,Yes,Yes,No,No internet service,month-to-month,No,mailed_check,95.75,3830.0,No
CUST-04442,Female,1,No,No,34,Yes,No,DSL,Yes,No,Yes,No internet service,No,No internet service,month-to-month,Yes,mailed_check,55.62,1891.09,No
CUST-04443,Female,0,No,No,48,Yes,No,Fiber optic,No,Yes,Yes,No internet service,No internet service,Yes,month-to-month,Yes,electronic_check,112.09,5380.3,No
CUST-04444,Female,1,No,No,13,Yes,No,DSL,Yes,Yes,No internet service,No,No,No internet service,month-to-month,Yes,electronic_check,37.27,484.48,Yes
CUST-04445,Female,1,No,No,67,Yes,Yes,No,No internet service,Yes,No,No,Yes,No,month-to-month,Yes,mailed_check,28.01,1876.38,No
CUST-04446,Female,1,Yes,No,57,Yes,Yes,Fiber optic,No,Yes,No,No internet service,No,Yes,month-to-month,No,bank_transfer,87.49,4986.74,No
CUST-04447,Male,1,No,No,43,Yes,Yes,DSL,No internet service,No,No internet service,No,No internet service,No internet service,month-to-month,Yes,electronic_check,55.24,2375.33,No
CUST-04448,Female,0,No,No,5,Yes,No,DSL,No,No internet service,Yes,No internet service,No internet service,No internet service,one year,No,mailed_check,62.2,310.99,No
CUST-04449,Female,1,Yes,No,63,Yes,Yes,DSL,Yes,Yes,No internet service,No internet service,Yes,Yes,month-to-month,Yes,electronic_check,63.36,3991.88,No
CUST-04450,Male,1,Yes,No,3,Yes,No,Fiber optic,No,No internet service,No,No,Yes,Yes,month-to-month,Yes,bank_transfer,57.04,171.11,Yes
CUST-04451,Male,0,No,No,63,Yes,Yes,DSL,No,No,No internet service,No internet service,Yes,Yes,month-to-month,No,electronic_check,76.5,4819.69,No
CUST-04452,Female,1,Yes,Yes,67,Yes,No,DSL,No,Yes,Yes,No,No internet service,No,one year,Yes,electronic_check,58.1,3892.99,No
CUST-04453,Male,1,No,Yes,58,Yes,Yes,DSL,Yes,Yes,Yes,No,No,No internet service,two year,No,mailed_check,53.97,3130.49,No
CUST-04454,Male,1,No,No,49,No,No phone service,DSL,No,No,Yes,Yes,No,No internet service,month-to-month,No,credit_card,61.9,3032.97,No
CUST-04455,Female,1,Yes,No,69,Yes,Yes,DSL,No internet service,No internet service,No internet service,No internet service,No internet service,Yes,month-to-month,No,bank_transfer,63.99,4415.48,No
CUST-04456,Male,0,Yes,No,55,Yes,No,Fiber optic,No,No internet service,Yes,No,No,No,two year,Yes,bank_transfer,142.99,7864.45,No
CUST-04457,Female,0,No,No,25,Yes,Yes,No,Yes,No internet service,No,No,No,Yes,month-to-month,Yes,mailed_check,22.06,551.38,No
CUST-04458,Female,0,Yes,No,52,Yes,No,Fiber optic,No,No,No,No,No,No internet service,month-to-month,Yes,credit_card,98.67,5130.91,No
CUST-04459,Female,1,No,Yes,40,No,No phone service,Fiber optic,No internet service,Yes,No internet service,No internet service,No internet service,Yes,month-to-month,Yes,bank_transfer,82.89,3315.48,No
CUST-04460,Female,0,Yes,No,62,Yes,Yes,DSL,No,No,No,Yes,No,Yes,month-to-month,Yes,mailed_check,72.87,4517.69,No
CUST-04461,Male,1,No,Yes,19,No,No phone service,Fiber optic,Yes,No internet service,Yes,No,No internet service,No,two year,Yes,mailed_check,83.21,1581.01,No
CUST-04462,Male,0,No,No,27,Yes,No,DSL,Yes,No internet service,No internet service,No,Yes,No internet service,month-to-month,Yes,electronic_check,77.84,2101.77,No
CUST-04463,Male,1,Yes,No,66,Yes,No,DSL,No internet service,No internet service,No internet service,No,Yes,No,one year,Yes,credit_card,84.16,5554.85,No
CUST-04464,Female,0,No,Yes,15,Yes,Yes,DSL,Yes,No,No internet service,No,No,No internet service,month-to-month,No,electronic_check,56.89,853.39,Yes
CUST-04465,Female,1,Yes,Yes,2,Yes,Yes,Fiber optic,No,Yes,No,Yes,No,No,month-to-month,No,electronic_check,135.72,271.43,Yes
CUST-04466,Female,0,Yes,Yes,30,Yes,No,Fiber optic,No internet service,No internet service,Yes,No,Yes,Yes,month-to-month,Yes,credit_card,124.8,3744.01,No
CUST-04467,Female,1,No,No,49,Yes,No,Fiber optic,Yes,No internet service,Yes,No internet service,No,No internet service,two year,No,electronic_check,123.54,6053.47,No
CUST-04468,Female,1,Yes,No,68,Yes,Yes,DSL,Yes,Yes,No,No internet service,No,No internet service,month-to-month,No,bank_transfer,51.65,3512.38,No
CUST-04469,Male,1,Yes,Yes,61,Yes,Yes,Fiber optic,No,Yes,No internet service,Yes,Yes,Yes,one year,Yes,credit_card,95.56,5829.08,No
CUST-04470,Female,0,No,No,5,No,No phone service,Fiber optic,No,Yes,No,No,No,Yes,month-to-month,Yes,electronic_check,127.68,638.39,No
CUST-04471,Male,1,Yes,Yes,66,Yes,Yes,Fiber optic,Yes,Yes,No,No internet service,No,No,two year,No,electronic_check,76.68,5060.64,No
CUST-04472,Female,0,Yes,Yes,60,Yes,No,Fiber optic,No internet service,No,Yes,No,Yes,No,month-to-month,No,credit_card,88.08,5285.06,No
CUST-04473,Female,0,No,Yes,57,Yes,Yes,DSL,No internet service,No internet service,No,Yes,No,No,two year,Yes,electronic_check,48.22,2748.72,No
CUST-04474,Male,1,Yes,No,22,Yes,Yes,DSL,Yes,No internet service,No internet service,No,No internet service,No,month-to-month,Yes,credit_card,76.66,1686.62,No
CUST-04475,Male,0,No,No,40,Yes,No,Fiber optic,No,Yes,No,No,No internet service,No internet service,month-to-month,No,mailed_check,70.04,2801.66,No
CUST-04476,Female,1,Yes,No,22,Yes,No,No,No,Yes,No,No internet service,No,Yes,month-to-month,Yes,electronic_check,3.01,66.25,Yes
CUST-04477,Female,1,No,Yes,61,Yes,Yes,DSL,Yes,No,Yes,Yes,No internet service,No,month-to-month,Yes,electronic_check,54.84,3345.29,No
CUST-04478,Female,0,No,No,40,Yes,No,Fiber optic,No internet service,Yes,No,No,Yes,No,two year,Yes,bank_transfer,113.8,4552.14,No
CUST-04479,Female,0,Yes,No,57,Yes,Yes,Fiber optic,No,No,No,No internet service,Yes,No,month-to-month,Yes,electronic_check,101.33,5776.04,No
CUST-04480,Male,0,Yes,No,67,Yes,Yes,DSL,No,Yes,No,Yes,Yes,No internet service,one year,No,electronic_check,44.36,2971.97,No
CUST-04481,Male,0,Yes,No,1,Yes,Yes,DSL,No,No,No,Yes,No,Yes,month-to-month,Yes,bank_transfer,68.05,68.05,No
CUST-04482,Female,1,No,No,13,No,No phone service,DSL,No internet service,Yes,No internet service,No,No internet service,No internet service,two year,No,bank_transfer,60.31,784.02,No
CUST-04483,Female,1,No,Yes,37,Yes,No,DSL,No,No,No internet service,Yes,No,No internet service,month-to-month,No,bank_transfer,31.26,1156.65,No
CUST-04484,Female,1,Yes,No,0,Yes,No,Fiber optic,No internet service,Yes,Yes,No internet service,No,Yes,two year,Yes,mailed_check,147.63,147.63,No
CUST-04485,Female,1,Yes,Yes,21,Yes,Yes,DSL,Yes,No,No,No,No internet service,No,month-to-month,Yes,bank_transfer,55.77,1171.17,No
CUST-04486,Female,1,Yes,No,3,Yes,No,Fiber optic,No internet service,Yes,No internet service,No internet service,No,Yes,two year,Yes,electronic_check,127.56,382.67,No
CUST-04487,Male,0,No,No,23,No,No phone service,Fiber optic,Yes,No internet service,Yes,No,No,No,month-to-month,Yes,bank_transfer,98.74,2271.04,Yes
CUST-04488,Male,1,No,No,72,Yes,Yes,DSL,No,No,Yes,No,Yes,Yes,month-to-month,No,mailed_check,37.06,2668.17,No
CUST-04489,Female,1,No,Yes,33,Yes,No,Fiber optic,No,No internet service,No,No internet service,Yes,No,month-to-month,No,electronic_check,126.97,4190.17,No
CUST-04490,Female,1,Yes,No,43,Yes,No,DSL,No,No internet service,No internet service,Yes,No internet service,Yes,one year,No,credit_card,81.29,3495.37,No
CUST-04491,Male,0,No,No,7,Yes,No,Fiber optic,No internet service,No,Yes,No internet service,No,No,month-to-month,Yes,credit_card,92.9,650.33,Yes
CUST-04492,Male,1,Yes,Yes,12,Yes,Yes,DSL,No,No internet service,No,Yes,No internet service,No,one year,No,electronic_check,55.68,668.1,No
CUST-04493,Male,1,Yes,No,43,Yes,No,DSL,No,Yes,No,No internet service,Yes,No internet service,two year,Yes,credit_card,74.7,3211.95,No
CUST-04494,Female,1,Yes,No,47,Yes,No,Fiber optic,No internet service,No,No internet service,Yes,No,No internet service,one year,Yes,mailed_check,114.13,5363.95,No
CUST-04495,Female,0,Yes,No,49,No,No phone service,Fiber optic,No,No,No,Yes,No,No internet service,month-to-month,Yes,bank_transfer,94.7,4640.51,No
CUST-04496,Female,1,No,No,65,No,No phone service,DSL,No,Yes,Yes,Yes,No,No,month-to-month,No,mailed_check,51.3,3334.78,No
CUST-04497,Male,1,Yes,No,48,Yes,No,DSL,No internet service,No internet service,No internet service,No,Yes,No,one year,No,bank_transfer,46.59,2236.45,No
CUST-04498,Male,0,No,No,56,Yes,No,Fiber optic,Yes,No internet service,No internet service,No,Yes,Yes,one year,Yes,mailed_check,73.08,4092.71,No
CUST-04499,Female,1,No,No,20,Yes,No,Fiber optic,No internet service,No,No,Yes,No internet service,No,two year,Yes,bank_transfer,77.94,1558.88,No
CUST-04500,Male,0,Yes,No,32,Yes,No,DSL,No internet service,No internet service,Yes,No,Yes,Yes,month-to-month,No,credit_card,46.29,1481.33,No
CUST-04501,Female,1,Yes,No,19,Yes,No,Fiber optic,Yes,Yes,No,Yes,Yes,No,one year,Yes,mailed_check,89.49,1700.31,No
CUST-04502,Female,1,Yes,Yes,20,Yes,Yes,DSL,No,Yes,No,No,Yes,No,month-to-month,Yes,electronic_check,67.07,1341.33,Yes
CUST-04503,Female,0,Yes,No,1,Yes,No,DSL,No internet service,No,No,No internet service,No,No internet service,month-to-month,No,electronic_check,87.22,87.22,Yes
CUST-04504,Female,0,No,No,28,Yes,Yes,Fiber optic,Yes,No,No internet service,Yes,No,Yes,one year,Yes,electronic_check,98.89,2769.01,No
CUST-04505,Male,0,Yes,No,15,Yes,Yes,DSL,No internet service,No internet service,No,No,No internet service,No,month-to-month,Yes,electronic_check,41.52,622.77,No
CUST-04506,Male,1,No,No,66,Yes,No,No,No internet service,No internet service,No,No,No,No,month-to-month,Yes,bank_transfer,38.32,2529.38,Yes
CUST-04507,Female,1,No,Yes,10,Yes,Yes,DSL,Yes,No,No,No,No,No,month-to-month,No,electronic_check,60.06,600.59,No
CUST-04508,Female,0,Yes,No,10,Yes,No,DSL,No internet service,Yes,No,No internet service,Yes,No internet service,month-to-month,Yes,electronic_check,80.77,807.73,No
CUST-04509,Male,1,Yes,Yes,69,Yes,Yes,DSL,No,Yes,Yes,No,No,No internet service,one year,Yes,mailed_check,64.15,4426.03,No
CUST-04510,Female,1,No,No,25,Yes,No,Fiber optic,Yes,Yes,Yes,No,Yes,No,one year,No,bank_transfer,86.38,2159.42,No
CUST-04511,Female,0,Yes,Yes,64,Yes,Yes,DSL,Yes,No,Yes,No,No,No,month-to-month,Yes,electronic_check,37.01,2368.38,No
CUST-04512,Female,1,No,Yes,63,Yes,Yes,DSL,No,No,No,No internet service,Yes,No,two year,Yes,electronic_check,60.31,3799.53,No
CUST-04513,Male,0,No,No,21,Yes,No,DSL,No internet service,Yes,Yes,No,No internet service,No,month-to-month,Yes,mailed_check,40.09,841.93,No
CUST-04514,Female,1,No,No,35,Yes,Yes,Fiber optic,No,Yes,No internet service,No internet service,Yes,No,month-to-month,Yes,electronic_check,98.88,3460.92,No
CUST-04515,Male,1,No,No,32,No,No phone service,Fiber optic,No internet service,No internet service,No,Yes,No,No internet service,month-to-month,Yes,electronic_check,119.29,3817.31,Yes
CUST-04516,Female,1,Yes,Yes,29,Yes,No,DSL,No internet service,Yes,Yes,Yes,No internet service,Yes,two year,Yes,electronic_check,64.75,1877.89,No
CUST-04517,Male,1,No,Yes,5,Yes,No,Fiber optic,Yes,No internet service,No,No,No internet service,No,one year,Yes,credit_card,76.09,380.46,No
CUST-04518,Male,1,Yes,Yes,23,No,No phone service,Fiber optic,Yes,No internet service,Yes,No,Yes,No,month-to-month,Yes,electronic_check,114.36,2630.17,No
CUST-04519,Male,1,Yes,No,43,No,No phone service,Fiber optic,No,No internet service,No,No,No internet service,No,one year,Yes,electronic_check,114.06,4904.58,No
CUST-04520,Female,0,No,No,20,Yes,Yes,DSL,No,No,No internet service,No,No internet service,Yes,month-to-month,No,credit_card,82.16,1643.22,Yes
CUST-04521,Female,0,No,Yes,55,Yes,Yes,Fiber optic,No internet service,No internet service,No internet service,No,Yes,No,month-to-month,No,credit_card,98.92,5440.58,No
CUST-04522,Female,1,No,No,56,Yes,No,Fiber optic,No,No internet service,No,No internet service,No internet service,No internet service,month-to-month,Yes,bank_transfer,101.19,5666.42,No
CUST-04523,Male,0,No,No,1,Yes,Yes,DSL,No,Yes,No,Yes,No,No,two year,No,credit_card,66.27,66.27,No
CUST-04524,Female,0,No,No,63,Yes,No,No,Yes,Yes,Yes,No,Yes,Yes,month-to-month,No,mailed_check,22.77,1434.66,No
CUST-04525,Female,1,Yes,No,15,Yes,Yes,Fiber optic,No internet service,No internet service,No,No internet service,No internet service,Yes,month-to-month,Yes,electronic_check,114.19,1712.89,No
CUST-04526,Male,0,Yes,No,29,Yes,Yes,DSL,No,No,No internet service,No,No,No,two year,Yes,mailed_check,81.05,2350.53,No
CUST-04527,Male,0,Yes,No,25,Yes,Yes,Fiber optic,No,Yes,No internet service,Yes,No internet service,No,one year,Yes,credit_card,76.45,1911.32,No
CUST-04528,Male,0,Yes,No,53,Yes,No,Fiber optic,Yes,No,Yes,No,No internet service,Yes,two year,No,credit_card,109.96,5827.68,No
CUST-04529,Female,0,No,Yes,23,Yes,Yes,Fiber optic,No internet service,No internet service,No internet service,No,No internet service,No internet service,month-to-month,Yes,credit_card,111.05,2554.18,Yes
CUST-04530,Male,1,No,Yes,2,Yes,Yes,DSL,Yes,No internet service,Yes,No,No,Yes,month-to-month,No,electronic_check,72.24,144.49,Yes
CUST-04531,Female,1,Yes,No,68,Yes,No,Fiber optic,Yes,No,No internet service,No,Yes,No internet service,month-to-month,Yes,credit_card,91.67,6233.54,No
CUST-04532,Female,1,No,No,61,No,No phone service,Fiber optic,No internet service,No internet service,Yes,No internet service,No internet service,No,month-to-month,Yes,electronic_check,92.07,5616.37,No
CUST-04533,Female,1,Yes,No,54,Yes,No,DSL,Yes,No,No internet service,No,Yes,No internet service,one year,Yes,bank_transfer,47.87,2584.75,No
CUST-04534,Male,0,Yes,No,35,Yes,Yes,DSL,No,No,Yes,No,No,No,month-to-month,No,bank_transfer,60.92,2132.16,No
CUST-04535,Male,0,No,No,65,Yes,Yes,No,Yes,No internet service,No,No,No,No,two year,No,bank_transfer,26.08,1695.29,No
CUST-04536,Female,0,No,No,64,No,No phone service,DSL,Yes,No,No,No,No internet service,No internet service,month-to-month,Yes,electronic_check,48.97,3133.89,No
CUST-04537,Male,1,Yes,No,44,Yes,Yes,DSL,No,No internet service,No,No,No,No internet service,two year,Yes,electronic_check,50.48,2221.27,No
CUST-04538,Male,0,Yes,No,18,Yes,No,DSL,Yes,Yes,No,No internet service,No,No,month-to-month,No,electronic_check,72.71,1308.76,No
CUST-04539,Male,0,Yes,No,14,Yes,Yes,Fiber optic,No,No,No,Yes,No,No,month-to-month,No,mailed_check,62.87,880.19,Yes
CUST-04540,Female,0,No,No,63,Yes,No,Fiber optic,Yes,Yes,No internet service,No,No,Yes,month-to-month,No,mailed_check,55.81,3516.25,No
CUST-04541,Female,0,Yes,Yes,66,Yes,Yes,Fiber optic,No,No,No internet service,No internet service,No,Yes,one year,No,credit_card,101.96,6729.06,No
CUST-04542,Female,0,No,No,3,Yes,No,Fiber optic,No internet service,Yes,No,No,No,No,two year,No,mailed_check,94.5,283.49,No
CUST-04543,Male,1,Yes,No,13,Yes,Yes,No,No,No,No internet service,No internet service,No,No internet service,month-to-month,Yes,electronic_check,24.28,315.63,Yes
CUST-04544,Female,0,No,Yes,24,Yes,Yes,No,Yes,No internet service,No,No,No,Yes,two year,No,credit_card,36.95,886.85,No
CUST-04545,Female,0,Yes,Yes,61,Yes,No,Fiber optic,No,No internet service,No internet service,No,No,No internet service,month-to-month,Yes,electronic_check,122.54,7474.7,No
CUST-04546,Female,1,No,No,67,Yes,No,Fiber optic,Yes,Yes,No,No,No,Yes,month-to-month,Yes,credit_card,84.09,5634.14,No
CUST-04547,Male,0,Yes,Yes,10,Yes,Yes,Fiber optic,No,Yes,No,Yes,Yes,No internet service,month-to-month,No,electronic_check,88.98,889.82,Yes
CUST-04548,Female,0,Yes,No,44,Yes,No,Fiber optic,No internet service,Yes,No internet service,No,No,Yes,month-to-month,No,mailed_check,107.57,4732.9,No
CUST-04549,Female,1,Yes,Yes,3,Yes,No,No,Yes,No,Yes,No internet service,No,No internet service,month-to-month,Yes,bank_transfer,13.08,39.24,Yes
CUST-04550,Male,1,Yes,No,35,Yes,Yes,Fiber optic,Yes,No,Yes,No,Yes,No internet service,one year,No,mailed_check,81.86,2864.95,No
CUST-04551,Male,0,No,Yes,4,Yes,Yes,Fiber optic,Yes,No,No internet service,No,No,No internet service,month-to-month,No,bank_transfer,123.44,493.76,No
CUST-04552,Male,1,No,Yes,56,Yes,Yes,DSL,No internet service,Yes,Yes,No internet service,No internet service,Yes,month-to-month,Yes,mailed_check,30.71,1719.99,No
CUST-04553,Male,1,No,No,51,Yes,Yes,Fiber optic,Yes,No,No,Yes,No,No,month-to-month,No,electronic_check,119.06,6072.07,No
CUST-04554,Female,1,Yes,No,15,Yes,No,Fiber optic,Yes,Yes,Yes,No,No internet service,No internet service,one year,No,electronic_check,64.71,970.6,No
CUST-04555,Male,0,No,No,53,Yes,No,Fiber optic,No internet service,No,No internet service,No,No internet service,Yes,month-to-month,No,electronic_check,89.29,4732.21,No
CUST-04556,Male,0,No,No,2,Yes,Yes,DSL,No internet service,Yes,No internet service,No,Yes,No,month-to-month,No,bank_transfer,63.22,126.44,No
CUST-04557,Male,0,Yes,Yes,62,Yes,No,DSL,No,No internet service,Yes,No internet service,No internet service,Yes,month-to-month,Yes,electronic_check,51.63,3201.35,No
CUST-04558,Female,1,No,No,52,Yes,No,DSL,No,No internet service,No,No internet service,Yes,Yes,two year,No,mailed_check,40.38,2099.73,No
CUST-04559,Male,0,No,No,28,Yes,Yes,DSL,No internet service,Yes,No,No,No,No,two year,Yes,bank_transfer,69.07,1934.0,No
CUST-04560,Female,0,Yes,No,46,Yes,Yes,Fiber optic,No,Yes,No,No,Yes,No,one year,Yes,mailed_check,122.16,5619.5,No
CUST-04561,Male,0,No,No,29,No,No phone service,DSL,No,No,Yes,No,Yes,No,month-to-month,No,bank_transfer,64.3,1864.57,No
CUST-04562,Female,1,No,No,51,Yes,Yes,DSL,No,No,No internet service,No,No internet service,No,month-to-month,Yes,credit_card,85.37,4353.84,No
CUST-04563,Male,1,Yes,Yes,16,Yes,Yes,Fiber optic,No,No internet service,No,Yes,No,Yes,two year,No,credit_card,95.58,1529.21,No
CUST-04564,Male,1,No,No,1,Yes,Yes,Fiber optic,No internet service,No internet service,No,Yes,No internet service,Yes,one year,No,mailed_check,118.99,118.99,No
CUST-04565,Female,0,No,No,7,Yes,No,DSL,No,No,No internet service,Yes,No,Yes,month-to-month,Yes,electronic_check,43.64,305.45,Yes
CUST-04566,Female,1,Yes,Yes,0,Yes,Yes,DSL,Yes,No,No,Yes,No,No internet service,two year,Yes,credit_card,79.09,79.09,Yes
CUST-04567,Female,1,Yes,No,6,Yes,Yes,DSL,No,Yes,No internet service,No internet service,Yes,Yes,month-to-month,No,bank_transfer,47.58,285.47,No
CUST-04568,Male,0,Yes,No,28,Yes,Yes,DSL,Yes,No,No,No,No internet service,No internet service,month-to-month,Yes,electronic_check,55.88,1564.7,No
CUST-04569,Female,0,No,No,11,Yes,Yes,DSL,No,No internet service,No internet service,Yes,No,No internet service,two year,Yes,electronic_check,85.89,944.75,No
CUST-04570,Male,0,No,No,62,Yes,No,DSL,No internet service,Yes,Yes,No,Yes,No,month-to-month,Yes,bank_transfer,58.29,3614.03,No
CUST-04571,Female,0,Yes,Yes,61,Yes,No,Fiber optic,No,No,No internet service,No,No,Yes,two year,No,credit_card,107.79,6575.32,No
CUST-04572,Male,0,Yes,No,33,Yes,No,Fiber optic,Yes,No,Yes,No internet service,No,No,month-to-month,Yes,bank_transfer,69.82,2304.19,No
CUST-04573,Female,1,No,No,0,Yes,No,DSL,No,No,No,No internet service,Yes,No internet service,month-to-month,Yes,electronic_check,65.09,65.09,No
CUST-04574,Female,0,Yes,No,17,Yes,Yes,Fiber optic,No internet service,No internet service,No,No,Yes,No,one year,Yes,bank_transfer,131.53,2236.03,No
CUST-04575,Male,1,No,No,61,Yes,No,DSL,No,No internet service,No internet service,Yes,No internet service,No,one year,No,electronic_check,61.58,3756.56,No
CUST-04576,Male,0,No,No,41,Yes,No,DSL,No internet service,No,No internet service,Yes,No internet service,Yes,one year,Yes,mailed_check,89.34,3663.03,No
CUST-04577,Female,0,Yes,No,4,Yes,Yes,DSL,No internet service,No internet service,Yes,Yes,No,No,month-to-month,Yes,credit_card,48.01,192.06,No
CUST-04578,Male,0,Yes,Yes,48,Yes,Yes,Fiber optic,Yes,Yes,No internet service,Yes,No internet service,No internet service,two year,Yes,bank_transfer,112.01,5376.42,No
CUST-04579,Male,0,No,Yes,59,No,No phone service,Fiber optic,No internet service,Yes,No internet service,Yes,Yes,Yes,month-to-month,Yes,mailed_check,120.01,7080.56,No
CUST-04580,Male,0,No,No,49,Yes,No,Fiber optic,Yes,No internet service,No,Yes,No internet service,No internet service,two year,Yes,electronic_check,115.67,5668.07,No
CUST-04581,Male,1,No,No,11,No,No phone service,DSL,No,No,No,No,Yes,Yes,month-to-month,Yes,bank_transfer,49.35,542.8,No
CUST-04582,Male,0,Yes,Yes,3,Yes,No,DSL,Yes,Yes,No,Yes,Yes,No,month-to-month,Yes,mailed_check,24.38,73.13,Yes
CUST-04583,Female,0,No,No,1,Yes,Yes,No,Yes,No internet service,Yes,No internet service,No internet service,No,month-to-month,Yes,electronic_check,9.16,9.16,No
CUST-04584,Female,0,Yes,No,43,Yes,No,Fiber optic,No internet service,No internet service,Yes,No internet service,Yes,No internet service,month-to-month,Yes,credit_card,86.04,3699.7,No
CUST-04585,Female,0,Yes,No,30,Yes,No,Fiber optic,No,No,No,No,No internet service,No internet service,month-to-month,No,mailed_check,118.94,3568.12,Yes
CUST-04586,Female,0,Yes,Yes,11,Yes,No,DSL,No,No internet service,No internet service,No internet service,No internet service,No internet service,month-to-month,Yes,mailed_check,44.71,491.82,No
CUST-04587,Female,1,Yes,No,41,Yes,No,DSL,No internet service,No internet service,No,No,No,Yes,two year,No,bank_transfer,68.23,2797.27,No
CUST-04588,Female,1,No,No,39,Yes,Yes,Fiber optic,Yes,No,Yes,No,No internet service,No internet service,month-to-month,No,mailed_check,70.74,2758.87,No
CUST-04589,Female,1,No,No,72,Yes,No,Fiber optic,No internet service,No internet service,No,Yes,No internet service,No,one year,Yes,bank_transfer,107.58,7745.68,No
CUST-04590,Female,0,No,No,27,Yes,No,Fiber optic,Yes,Yes,No,No,Yes,Yes,month-to-month,No,credit_card,93.29,2518.84,No
CUST-04591,Male,1,Yes,No,45,Yes,No,DSL,No internet service,No,No,No,No,Yes,month-to-month,Yes,electronic_check,32.54,1464.49,No
CUST-04592,Female,1,No,No,67,Yes,Yes,DSL,No,No internet service,No,Yes,Yes,No internet service,month-to-month,No,electronic_check,48.25,3232.86,No
CUST-04593,Female,0,No,No,65,Yes,No,DSL,No,No,No internet service,No,Yes,No,two year,Yes,electronic_check,77.79,5056.35,No
CUST-04594,Female,0,No,No,29,Yes,No,DSL,No,No internet service,Yes,No internet service,Yes,Yes,two year,Yes,electronic_check,74.09,2148.73,No
CUST-04595,Female,0,Yes,No,13,Yes,No,DSL,No,Yes,Yes,No internet service,Yes,Yes,two year,No,electronic_check,71.09,924.23,No
CUST-04596,Female,0,Yes,Yes,21,Yes,Yes,Fiber optic,Yes,No internet service,No,No internet service,No,Yes,two year,No,bank_transfer,94.56,1985.85,No
CUST-04597,Male,0,Yes,Yes,18,Yes,No,DSL,No,No,Yes,No internet service,No,Yes,two year,Yes,credit_card,77.04,1386.8,No
CUST-04598,Female,0,No,No,59,Yes,No,Fiber optic,No,No internet service,No internet service,No,No,Yes,month-to-month,Yes,mailed_check,129.7,7652.2,No
CUST-04599,Female,1,No,Yes,24,Yes,Yes,DSL,No internet service,Yes,No internet service,No internet service,No internet service,No,month-to-month,Yes,bank_transfer,58.7,1408.81,No
CUST-04600,Male,1,Yes,No,51,Yes,Yes,DSL,No,Yes,No internet service,No internet service,No,No internet service,month-to-month,No,electronic_check,60.49,3085.2,No
CUST-04601,Male,1,Yes,No,68,Yes,Yes,Fiber optic,Yes,No internet service,No internet service,No,Yes,No internet service,one year,Yes,bank_transfer,106.83,7264.67,Yes
CUST-04602,Female,0,No,No,55,Yes,No,DSL,No,No internet service,Yes,Yes,No,No internet service,one year,No,mailed_check,85.6,4708.23,No
CUST-04603,Female,0,No,Yes,27,No,No phone service,DSL,Yes,No,No,Yes,Yes,Yes,month-to-month,No,electronic_check,86.35,2331.35,Yes
CUST-04604,Female,1,Yes,No,22,Yes,No,Fiber optic,No internet service,No,No,No internet service,No,No internet service,two year,Yes,bank_transfer,137.84,3032.48,No
CUST-04605,Male,1,Yes,No,4,Yes,No,Fiber optic,No,No,Yes,No,Yes,Yes,two year,No,bank_transfer,80.12,320.49,No
CUST-04606,Male,0,Yes,Yes,14,Yes,Yes,DSL,Yes,No,No internet service,No,No,No internet service,month-to-month,Yes,mailed_check,69.69,975.65,No
CUST-04607,Male,0,Yes,No,3,Yes,Yes,DSL,Yes,No,Yes,No internet service,No,No,month-to-month,No,mailed_check,41.43,124.3,Yes
CUST-04608,Female,1,No,No,18,Yes,No,Fiber optic,No,No,Yes,No,No internet service,Yes,one year,Yes,electronic_check,120.25,2164.48,No
CUST-04609,Female,0,Yes,Yes,17,Yes,No,DSL,No,Yes,No internet service,Yes,No internet service,No internet service,one year,No,electronic_check,60.56,1029.57,No
CUST-04610,Female,0,No,Yes,5,Yes,No,No,Yes,No,No,Yes,Yes,Yes,one year,No,credit_card,10.61,53.03,No
CUST-04611,Male,1,No,No,61,Yes,No,DSL,No,No internet service,No internet service,Yes,Yes,Yes,one year,Yes,electronic_check,33.77,2060.05,No
CUST-04612,Female,1,No,Yes,57,Yes,No,Fiber optic,No internet service,No internet service,No,No,Yes,No internet service,month-to-month,Yes,mailed_check,70.47,4016.56,No
CUST-04613,Male,1,No,No,25,Yes,No,Fiber optic,Yes,No,No internet service,Yes,No internet service,No internet service,one year,Yes,electronic_check,117.24,2930.93,No
CUST-04614,Female,1,Yes,No,47,Yes,Yes,DSL,No,Yes,No,No,No,No,month-to-month,No,credit_card,56.63,2661.46,No
CUST-04615,Female,1,No,No,20,Yes,Yes,DSL,No,No internet service,Yes,Yes,Yes,No internet service,month-to-month,Yes,bank_transfer,36.22,724.47,No
CUST-04616,Male,1,Yes,Yes,72,Yes,Yes,Fiber optic,No internet service,No,Yes,No,No,No,two year,Yes,bank_transfer,136.03,9794.16,No
CUST-04617,Male,1,No,Yes,32,Yes,Yes,Fiber optic,No internet service,No internet service,No,No,Yes,No,month-to-month,No,bank_transfer,103.94,3326.15,No
CUST-04618,Female,1,No,No,46,Yes,Yes,Fiber optic,No,No,Yes,No,Yes,No,two year,Yes,electronic_check,139.46,6415.35,No
CUST-04619,Male,0,Yes,No,7,No,No phone service,No,No,No,No,No internet service,No internet service,No,month-to-month,Yes,bank_transfer,34.21,239.49,No
CUST-04620,Female,0,Yes,No,23,Yes,No,DSL,No internet service,Yes,No,No internet service,No internet service,No,one year,Yes,credit_card,61.92,1424.24,No
CUST-04621,Male,0,No,Yes,5,Yes,Yes,DSL,No,No internet service,Yes,No,No internet service,Yes,month-to-month,No,electronic_check,76.98,384.89,No
CUST-04622,Male,0,Yes,No,8,Yes,No,Fiber optic,No,No internet service,No,Yes,No,No,one year,Yes,mailed_check,111.62,892.97,No
CUST-04623,Male,0,Yes,No,11,No,No phone service,DSL,No internet service,No,No internet service,No,No,Yes,two year,No,electronic_check,68.61,754.74,No
CUST-04624,Female,1,No,No,47,Yes,Yes,Fiber optic,No,Yes,No,Yes,No internet service,Yes,one year,No,credit_card,99.43,4673.23,No
CUST-04625,Female,0,Yes,No,15,Yes,Yes,DSL,No,No,Yes,Yes,No internet service,Yes,one year,Yes,bank_transfer,58.17,872.58,No
CUST-04626,Male,0,No,No,65,Yes,No,DSL,Yes,No,Yes,No,No,No,two year,Yes,mailed_check,74.19,4822.51,No
CUST-04627,Female,1,No,No,54,Yes,Yes,Fiber optic,No,No,Yes,Yes,No,No internet service,month-to-month,Yes,mailed_check,109.6,5918.14,No
CUST-04628,Male,1,No,Yes,28,Yes,Yes,Fiber optic,No internet service,No,No internet service,No,No,No internet service,month-to-month,Yes,mailed_check,111.2,3113.58,No
CUST-04629,Male,0,No,No,2,Yes,No,DSL,No,Yes,No,No,Yes,No,two year,No,mailed_check,73.66,147.32,No
CUST-04630,Female,0,No,No,34,No,No phone service,Fiber optic,No,Yes,No,No internet service,No,No internet service,one year,No,electronic_check,84.03,2857.19,No
CUST-04631,Male,1,No,Yes,28,Yes,Yes,DSL,No internet service,No internet service,No,No,No internet service,Yes,two year,No,credit_card,66.75,1868.97,No
CUST-04632,Female,1,Yes,Yes,22,Yes,No,Fiber optic,Yes,No,Yes,Yes,Yes,No,month-to-month,Yes,electronic_check,102.43,2253.44,No
CUST-04633,Female,1,Yes,Yes,32,Yes,No,DSL,No,No internet service,No internet service,No,No,No internet service,two year,No,bank_transfer,39.31,1257.84,No
CUST-04634,Male,1,No,No,61,No,No phone service,Fiber optic,No internet service,No,No internet service,No internet service,No internet service,No internet service,month-to-month,Yes,bank_transfer,89.61,5466.05,No
CUST-04635,Female,1,Yes,No,42,Yes,No,Fiber optic,No internet service,No,No,No,Yes,Yes,month-to-month,Yes,mailed_check,56.52,2373.91,Yes
CUST-04636,Female,1,No,No,24,Yes,No,Fiber optic,No,No,No internet service,No internet service,Yes,No,two year,No,credit_card,110.15,2643.49,No
CUST-04637,Female,0,No,No,16,Yes,Yes,Fiber optic,No,No internet service,Yes,Yes,Yes,Yes,one year,No,electronic_check,100.18,1602.92,No
CUST-04638,Female,1,No,No,34,Yes,No,Fiber optic,No,No,Yes,No,No,Yes,one year,Yes,bank_transfer,113.11,3845.73,No
CUST-04639,Male,0,No,No,23,Yes,No,DSL,No internet service,No internet service,Yes,No,No,No,two year,No,bank_transfer,57.79,1329.11,No
CUST-04640,Female,1,Yes,No,71,Yes,Yes,Fiber optic,Yes,No internet service,No,No internet service,Yes,Yes,one year,Yes,bank_transfer,139.5,9904.85,No
CUST-04641,Male,0,No,No,24,Yes,Yes,Fiber optic,Yes,No,No internet service,No,No internet service,No internet service,two year,Yes,electronic_check,107.83,2587.91,Yes
CUST-04642,Male,1,Yes,Yes,31,Yes,No,DSL,No,No,No internet service,No,Yes,No,month-to-month,Yes,mailed_check,65.5,2030.6,Yes
CUST-04643,Female,1,Yes,No,14,Yes,Yes,No,Yes,Yes,No,No,No,No internet service,two year,No,electronic_check,31.36,439.1,No
CUST-04644,Female,0,Yes,Yes,26,Yes,No,Fiber optic,No internet service,No,No,No internet service,No,Yes,two year,No,credit_card,92.53,2405.8,No
CUST-04645,Male,1,Yes,No,19,Yes,No,Fiber optic,No,No internet service,Yes,No,No internet service,No internet service,month-to-month,No,electronic_check,120.25,2284.73,Yes
CUST-04646,Male,1,No,No,34,Yes,Yes,Fiber optic,No internet service,No internet service,No internet service,No internet service,No internet service,No internet service,month-to-month,Yes,electronic_check,104.28,3545.6,No
CUST-04647,Male,0,No,No,11,Yes,Yes,DSL,No,No internet service,No internet service,No internet service,No,No internet service,month-to-month,Yes,credit_card,51.13,562.38,No
CUST-04648,Male,1,No,No,33,Yes,Yes,No,Yes,No internet service,No,Yes,No internet service,No internet service,month-to-month,No,mailed_check,27.88,920.16,No
CUST-04649,Male,1,No,No,65,Yes,Yes,Fiber optic,No,No,No internet service,No,No,No,one year,No,credit_card,106.44,6918.47,No
CUST-04650,Female,0,No,No,13,Yes,No,Fiber optic,No,No,No internet service,Yes,No internet service,Yes,one year,No,credit_card,111.24,1446.18,No
CUST-04651,Female,0,Yes,No,1,Yes,No,No,No,No,Yes,No,No,No internet service,month-to-month,No,credit_card,29.82,29.82,Yes
CUST-04652,Female,1,Yes,No,51,Yes,Yes,Fiber optic,No internet service,Yes,No internet service,No,No internet service,No,month-to-month,Yes,bank_transfer,64.31,3279.98,No
CUST-04653,Female,1,No,Yes,34,Yes,Yes,DSL,No internet service,No internet service,No,No,No internet service,No internet service,one year,Yes,electronic_check,54.17,1841.68,No
CUST-04654,Male,0,Yes,No,39,Yes,Yes,DSL,No internet service,Yes,Yes,No internet service,No internet service,No internet service,month-to-month,Yes,bank_transfer,36.72,1432.15,No
CUST-04655,Female,1,Yes,No,36,Yes,Yes,DSL,No,No,Yes,No,No internet service,No internet service,month-to-month,No,bank_transfer,62.92,2265.09,No
CUST-04656,Female,0,No,No,71,Yes,No,DSL,No,No,No,Yes,No,No internet service,two year,No,bank_transfer,54.53,3871.35,No
CUST-04657,Male,0,No,Yes,0,Yes,No,Fiber optic,No,No,No internet service,No,Yes,No,month-to-month,No,electronic_check,116.57,116.57,No
CUST-04658,Female,0,Yes,No,40,Yes,Yes,Fiber optic,No internet service,No,Yes,No,Yes,No internet service,two year,Yes,mailed_check,123.71,4948.4,No
CUST-04659,Female,1,Yes,No,5,Yes,Yes,No,No,No internet service,No,No,Yes,Yes,one year,Yes,bank_transfer,38.91,194.57,No
CUST-04660,Female,1,No,No,41,Yes,Yes,DSL,No,Yes,No,No internet service,No,Yes,month-to-month,No,mailed_check,61.16,2507.46,No
CUST-04661,Female,0,No,No,22,Yes,Yes,DSL,No,Yes,Yes,No,No,No,month-to-month,No,bank_transfer,72.56,1596.25,Yes
CUST-04662,Male,0,No,Yes,51,Yes,No,DSL,No internet service,No,No,No,Yes,No,month-to-month,Yes,credit_card,40.54,2067.37,No
CUST-04663,Male,1,Yes,Yes,25,Yes,Yes,DSL,Yes,No,No internet service,No internet service,Yes,No,two year,No,electronic_check,84.84,2121.02,No
CUST-04664,Male,1,Yes,No,66,Yes,No,Fiber optic,No internet service,Yes,No,Yes,No,No internet service,month-to-month,No,electronic_check,93.26,6155.45,No
CUST-04665,Male,1,No,No,23,Yes,Yes,Fiber optic,Yes,Yes,Yes,No,Yes,Yes,two year,Yes,electronic_check,119.31,2744.23,No
CUST-04666,Female,0,Yes,No,57,Yes,Yes,DSL,No internet service,No internet service,No internet service,No,Yes,No,month-to-month,Yes,mailed_check,58.3,3323.23,No
CUST-04667,Female,0,Yes,Yes,43,Yes,No,Fiber optic,Yes,No,No internet service,No,Yes,No internet service,month-to-month,Yes,credit_card,82.45,3545.15,No
CUST-04668,Female,0,No,No,51,Yes,Yes,No,No,No,No internet service,No,No,No,two year,No,electronic_check,45.6,2325.51,No
CUST-04669,Male,1,No,No,30,Yes,Yes,DSL,No,Yes,No,No internet service,No internet service,Yes,one year,Yes,mailed_check,33.47,1004.14,No
CUST-04670,Male,1,Yes,Yes,49,Yes,No,Fiber optic,No internet service,No internet service,Yes,Yes,No,No,two year,Yes,credit_card,83.06,4069.89,No
CUST-04671,Male,1,No,Yes,36,No,No phone service,DSL,Yes,Yes,Yes,No,Yes,No,month-to-month,Yes,electronic_check,37.62,1354.23,No
CUST-04672,Male,0,Yes,No,20,Yes,No,DSL,No,No internet service,No,No internet service,No internet service,No internet service,one year,No,credit_card,81.51,1630.24,No
CUST-04673,Female,1,No,No,15,No,No phone service,DSL,No internet service,No internet service,No,No internet service,Yes,Yes,one year,No,electronic_check,37.74,566.08,No
CUST-04674,Male,1,Yes,No,5,Yes,Yes,Fiber optic,No,No,No,No,No internet service,Yes,month-to-month,No,bank_transfer,119.86,599.3,Yes
CUST-04675,Male,1,Yes,No,59,No,No phone service,Fiber optic,Yes,Yes,No internet service,No internet service,No internet service,Yes,two year,Yes,mailed_check,92.47,5455.49,No
CUST-04676,Male,0,Yes,No,21,Yes,Yes,DSL,No,No,No,No,No internet service,No,one year,Yes,credit_card,50.63,1063.15,No
CUST-04677,Female,0,Yes,No,8,Yes,Yes,DSL,No internet service,No,No internet service,No,No,No internet service,month-to-month,Yes,bank_transfer,50.08,400.64,No
CUST-04678,Male,0,No,No,10,Yes,No,DSL,No,Yes,No,Yes,No internet service,Yes,month-to-month,Yes,mailed_check,48.9,489.01,Yes
CUST-04679,Male,1,Yes,Yes,13,Yes,No,Fiber optic,No,No,No,No,No internet service,No,one year,Yes,bank_transfer,140.01,1820.18,No
CUST-04680,Female,0,Yes,No,72,Yes,No,Fiber optic,No internet service,Yes,No internet service,No internet service,No,No,month-to-month,No,mailed_check,104.46,7521.4,No
CUST-04681,Female,0,No,No,63,Yes,Yes,DSL,No internet service,No,Yes,No,No internet service,No internet service,two year,No,bank_transfer,65.4,4119.9,No
CUST-04682,Female,0,Yes,Yes,46,Yes,Yes,DSL,No,No,No internet service,No,No,Yes,one year,No,electronic_check,60.0,2760.06,No
CUST-04683,Female,0,No,No,44,Yes,Yes,DSL,No,No,No internet service,Yes,Yes,Yes,month-to-month,Yes,mailed_check,82.38,3624.74,No
CUST-04684,Female,1,Yes,Yes,19,Yes,No,DSL,Yes,No,No,No internet service,No internet service,No,two year,Yes,bank_transfer,68.78,1306.76,No
CUST-04685,Female,1,Yes,No,28,Yes,No,Fiber optic,No internet service,No,No internet service,No,Yes,No,one year,Yes,credit_card,91.84,2571.4,No
CUST-04686,Male,0,No,Yes,43,Yes,No,Fiber optic,No,Yes,No,No internet service,No internet service,No,one year,No,bank_transfer,96.88,4165.74,No
CUST-04687,Male,0,No,No,46,Yes,No,Fiber optic,No,No,Yes,Yes,No internet service,Yes,month-to-month,Yes,electronic_check,82.28,3784.73,No
CUST-04688,Male,1,Yes,No,28,Yes,No,Fiber optic,No internet service,No internet service,Yes,Yes,No,No,two year,Yes,credit_card,139.35,3901.76,No
CUST-04689,Female,1,No,No,40,Yes,No,DSL,No internet service,No internet service,No,No,No,No,month-to-month,Yes,mailed_check,60.78,2431.37,No
CUST-04690,Male,1,No,Yes,0,Yes,Yes,DSL,Yes,Yes,No internet service,No internet service,No internet service,No internet service,month-to-month,Yes,mailed_check,71.03,71.03,Yes
CUST-04691,Female,1,Yes,No,63,Yes,No,DSL,No internet service,No internet service,No,No internet service,No internet service,No,month-to-month,Yes,mailed_check,61.64,3883.19,No
CUST-04692,Female,1,Yes,No,31,Yes,No,DSL,No,No,No,Yes,No,Yes,two year,No,bank_transfer,64.1,1987.21,No
CUST-04693,Male,1,No,No,66,Yes,Yes,DSL,Yes,Yes,Yes,No,No,No,month-to-month,Yes,credit_card,50.65,3342.89,No
CUST-04694,Male,1,Yes,No,72,No,No phone service,Fiber optic,Yes,No internet service,No internet service,No internet service,No,Yes,two year,No,electronic_check,88.41,6365.37,No
CUST-04695,Male,0,No,No,30,Yes,Yes,Fiber optic,Yes,No internet service,Yes,Yes,No internet service,No internet service,month-to-month,Yes,credit_card,100.46,3013.87,Yes
CUST-04696,Female,1,No,No,34,Yes,No,DSL,No internet service,Yes,No,No internet service,No internet service,No internet service,two year,Yes,electronic_check,62.92,2139.15,No
CUST-04697,Male,1,No,Yes,70,Yes,No,Fiber optic,No,No,Yes,Yes,No internet service,Yes,one year,No,mailed_check,115.27,8069.19,No
CUST-04698,Female,0,No,No,66,Yes,No,DSL,No,No,No,No internet service,Yes,No internet service,two year,No,credit_card,66.52,4390.25,No
CUST-04699,Female,0,Yes,No,5,Yes,Yes,Fiber optic,No internet service,No internet service,No internet service,No,Yes,Yes,month-to-month,Yes,electronic_check,59.58,297.91,No
CUST-04700,Female,1,No,Yes,6,Yes,No,DSL,No,Yes,Yes,No,No,Yes,month-to-month,Yes,electronic_check,90.36,542.16,No
CUST-04701,Female,0,Yes,No,36,Yes,No,DSL,No,No internet service,No internet service,No,No,Yes,two year,Yes,electronic_check,78.34,2820.23,No
CUST-04702,Female,1,No,Yes,56,Yes,Yes,No,No,Yes,Yes,No,Yes,Yes,one year,Yes,bank_transfer,13.44,752.65,No
CUST-04703,Female,0,No,No,59,Yes,No,Fiber optic,Yes,Yes,Yes,No internet service,No,No,two year,Yes,credit_card,103.64,6114.77,No
CUST-04704,Male,1,No,Yes,53,Yes,Yes,Fiber optic,Yes,No,No internet service,No,Yes,No,month-to-month,Yes,electronic_check,70.71,3747.53,No
CUST-04705,Male,0,No,No,0,Yes,Yes,DSL,No internet service,Yes,No internet service,No,No,No internet service,month-to-month,No,mailed_check,72.83,72.83,No
CUST-04706,Male,0,No,Yes,62,Yes,No,DSL,Yes,No,Yes,Yes,No,No,one year,Yes,credit_card,68.68,4258.01,No
CUST-04707,Male,1,No,Yes,50,Yes,No,Fiber optic,No,Yes,No internet service,Yes,No internet service,No,two year,Yes,credit_card,67.87,3393.58,No
CUST-04708,Female,0,No,No,71,Yes,No,Fiber optic,Yes,No internet service,No,No,No internet service,No internet service,one year,Yes,electronic_check,92.6,6574.76,No
CUST-04709,Male,1,No,No,68,No,No phone service,Fiber optic,No,No internet service,Yes,Yes,Yes,No,one year,Yes,bank_transfer,98.54,6700.88,No
CUST-04710,Female,1,Yes,Yes,1,Yes,Yes,Fiber optic,No internet service,No,No,No internet service,No internet service,Yes,two year,No,electronic_check,77.22,77.22,No
CUST-04711,Female,1,No,Yes,33,No,No phone service,DSL,No internet service,No internet service,No,No,No,Yes,one year,Yes,electronic_check,45.87,1513.8,No
CUST-04712,Male,1,No,Yes,7,Yes,Yes,No,No internet service,Yes,Yes,No internet service,Yes,No internet service,month-to-month,Yes,credit_card,10.81,75.67,No
CUST-04713,Male,0,No,Yes,61,Yes,No,DSL,Yes,No,No,No,Yes,No internet service,month-to-month,Yes,mailed_check,25.08,1529.99,No
CUST-04714,Female,0,Yes,No,32,Yes,Yes,Fiber optic,No internet service,No internet service,No,No internet service,No,Yes,one year,Yes,credit_card,106.85,3419.29,No
CUST-04715,Female,1,Yes,No,18,No,No phone service,DSL,Yes,No internet service,No,No,No internet service,No,one year,Yes,bank_transfer,58.78,1058.08,No
CUST-04716,Male,0,No,No,19,Yes,Yes,Fiber optic,No internet service,No internet service,No,No,No,Yes,one year,Yes,electronic_check,86.77,1648.58,No
CUST-04717,Female,1,No,Yes,29,Yes,No,No,Yes,No,Yes,Yes,No internet service,No internet service,month-to-month,Yes,bank_transfer,33.03,957.88,Yes
CUST-04718,Male,0,Yes,No,48,Yes,No,DSL,Yes,No internet service,No,No internet service,Yes,No internet service,month-to-month,No,credit_card,59.22,2842.41,No
CUST-04719,Female,1,No,No,41,Yes,Yes,Fiber optic,Yes,Yes,Yes,Yes,Yes,Yes,one year,Yes,credit_card,79.45,3257.45,No
CUST-04720,Male,0,No,No,29,Yes,Yes,No,Yes,No,Yes,No,Yes,Yes,two year,Yes,mailed_check,19.62,568.97,No
CUST-04721,Male,1,No,Yes,23,Yes,No,Fiber optic,Yes,No internet service,No internet service,Yes,Yes,Yes,month-to-month,No,credit_card,89.17,2050.8,Yes
CUST-04722,Female,0,Yes,Yes,45,Yes,Yes,Fiber optic,No,No,No,No,No,Yes,month-to-month,Yes,electronic_check,77.7,3496.64,No
CUST-04723,Male,1,No,No,17,Yes,Yes,DSL,Yes,No,No internet service,No,No,No,month-to-month,Yes,mailed_check,56.14,954.41,Yes
CUST-04724,Male,0,No,No,1,Yes,No,Fiber optic,No,Yes,No internet service,Yes,Yes,No,month-to-month,Yes,mailed_check,116.04,116.04,No
CUST-04725,Female,1,Yes,No,43,Yes,Yes,Fiber optic,No,Yes,Yes,No internet service,Yes,No internet service,one year,Yes,credit_card,127.21,5469.86,No
CUST-04726,Male,1,Yes,No,61,Yes,No,Fiber optic,No internet service,Yes,Yes,Yes,No,No,month-to-month,Yes,bank_transfer,82.48,5031.34,No
CUST-04727,Female,0,No,No,25,Yes,No,Fiber optic,No,Yes,No,No internet service,No,No,month-to-month,Yes,electronic_check,120.43,3010.64,No
CUST-04728,Male,0,No,Yes,3,Yes,No,DSL,Yes,Yes,No internet service,No,No internet service,No internet service,one year,Yes,bank_transfer,49.06,147.19,No
CUST-04729,Female,0,Yes,No,29,Yes,No,Fiber optic,No internet service,No internet service,No,No,Yes,No,month-to-month,Yes,electronic_check,123.15,3571.34,No
CUST-04730,Male,0,No,No,20,Yes,Yes,Fiber optic,Yes,No,No internet service,Yes,No,Yes,month-to-month,No,mailed_check,104.55,2091.05,Yes
CUST-04731,Female,0,No,No,35,Yes,Yes,Fiber optic,Yes,No,Yes,Yes,No internet service,No internet service,two year,Yes,bank_transfer,136.68,4783.85,No
CUST-04732,Female,1,Yes,No,16,Yes,Yes,DSL,No,No internet service,Yes,No,No,No,month-to-month,No,electronic_check,53.87,861.98,No
CUST-04733,Female,0,No,Yes,39,Yes,No,DSL,No,No internet service,No,Yes,Yes,No,two year,No,bank_transfer,77.35,3016.52,No
CUST-04734,Male,0,Yes,No,60,No,No phone service,DSL,Yes,No internet service,Yes,No internet service,No internet service,No,month-to-month,Yes,mailed_check,79.42,4765.29,No
CUST-04735,Female,1,No,No,40,Yes,No,Fiber optic,No,No internet service,Yes,No,No,Yes,month-to-month,Yes,credit_card,75.24,3009.76,Yes
CUST-04736,Male,0,Yes,Yes,41,Yes,No,Fiber optic,No,No,Yes,Yes,No internet service,No internet service,two year,Yes,electronic_check,78.03,3199.04,No
CUST-04737,Male,0,No,No,66,Yes,Yes,Fiber optic,No internet service,Yes,No,No,Yes,Yes,month-to-month,Yes,electronic_check,86.02,5677.48,No
CUST-04738,Female,0,Yes,No,56,No,No phone service,Fiber optic,Yes,No,No internet service,Yes,No,No internet service,one year,No,credit_card,94.43,5287.84,No
CUST-04739,Female,0,Yes,No,37,Yes,No,Fiber optic,No internet service,Yes,No internet service,No internet service,No,No internet service,two year,Yes,bank_transfer,111.24,4116.01,No
CUST-04740,Male,0,Yes,No,68,Yes,Yes,DSL,Yes,No,No internet service,Yes,No internet service,No,one year,Yes,mailed_check,52.96,3601.33,No
CUST-04741,Female,0,Yes,No,1,No,No phone service,Fiber optic,No,No internet service,No,Yes,Yes,Yes,two year,No,electronic_check,129.47,129.47,Yes
CUST-04742,Female,1,No,No,60,Yes,Yes,Fiber optic,No,No internet service,No,Yes,No internet service,No,one year,No,credit_card,114.6,6875.94,No
CUST-04743,Male,1,Yes,No,47,Yes,No,Fiber optic,No,Yes,No internet service,No,No,No,month-to-month,Yes,electronic_check,122.35,5750.68,No
CUST-04744,Male,1,Yes,No,12,No,No phone service,Fiber optic,No internet service,Yes,No internet service,Yes,No,Yes,month-to-month,Yes,bank_transfer,90.89,1090.64,No
CUST-04745,Female,0,No,Yes,4,Yes,Yes,Fiber optic,Yes,No internet service,No,No,No internet service,Yes,month-to-month,No,electronic_check,71.41,285.63,Yes
CUST-04746,Female,0,Yes,No,62,Yes,No,Fiber optic,No internet service,No internet service,Yes,Yes,No,No,two year,Yes,mailed_check,131.8,8171.87,No
CUST-04747,Male,1,Yes,No,25,Yes,No,DSL,No,No,Yes,Yes,No internet service,Yes,month-to-month,No,bank_transfer,56.02,1400.4,No
CUST-04748,Male,1,No,No,6,Yes,No,DSL,No internet service,No,No,Yes,Yes,No,one year,No,mailed_check,57.18,343.07,No
CUST-04749,Male,0,Yes,No,53,No,No phone service,Fiber optic,No,Yes,Yes,No,Yes,Yes,two year,Yes,bank_transfer,68.65,3638.48,No
CUST-04750,Male,0,No,No,38,Yes,No,Fiber optic,Yes,No internet service,Yes,No,Yes,No,two year,Yes,credit_card,132.56,5037.21,No
CUST-04751,Male,0,Yes,No,16,Yes,No,Fiber optic,No,No,Yes,Yes,No,No,one year,Yes,credit_card,74.34,1189.41,No
CUST-04752,Male,1,No,No,58,Yes,No,No,No internet service,No internet service,No,Yes,Yes,Yes,two year,Yes,mailed_check,27.68,1605.71,No
CUST-04753,Male,0,No,No,62,Yes,No,DSL,No internet service,Yes,No internet service,No,No,No internet service,month-to-month,Yes,bank_transfer,48.46,3004.27,No
CUST-04754,Female,0,No,No,53,Yes,Yes,No,No,No,No,No,Yes,No internet service,month-to-month,Yes,electronic_check,26.98,1430.08,No
CUST-04755,Male,1,No,Yes,2,Yes,No,Fiber optic,No,No,Yes,No,No internet service,Yes,month-to-month,No,electronic_check,97.58,195.16,No
CUST-04756,Female,0,No,No,59,Yes,No,DSL,No internet service,No,No internet service,No,No internet service,Yes,month-to-month,Yes,mailed_check,68.47,4039.67,No
CUST-04757,Male,0,Yes,No,50,Yes,No,DSL,No,No,No,No,Yes,Yes,month-to-month,No,mailed_check,65.82,3290.92,No
CUST-04758,Male,0,No,No,69,Yes,No,DSL,No,No internet service,No,No,No internet service,No internet service,one year,Yes,electronic_check,35.06,2419.08,No
CUST-04759,Female,1,No,Yes,66,Yes,Yes,DSL,No internet service,Yes,No internet service,No internet service,No,No internet service,month-to-month,No,electronic_check,50.91,3359.83,No
CUST-04760,Female,1,No,Yes,3,Yes,Yes,Fiber optic,No internet service,Yes,Yes,Yes,No internet service,Yes,month-to-month,Yes,electronic_check,108.67,326.02,Yes
CUST-04761,Male,0,No,Yes,71,Yes,No,DSL,No,No,No internet service,No internet service,Yes,Yes,month-to-month,Yes,electronic_check,34.79,2469.84,No
CUST-04762,Female,0,Yes,No,14,Yes,No,DSL,Yes,No internet service,No,No,No,Yes,month-to-month,Yes,credit_card,77.8,1089.25,No
CUST-04763,Male,1,No,No,43,Yes,Yes,DSL,No,No,No,No,Yes,Yes,month-to-month,Yes,credit_card,66.76,2870.55,No
CUST-04764,Male,1,Yes,No,69,Yes,Yes,Fiber optic,No internet service,No,Yes,Yes,No,No,month-to-month,No,credit_card,106.71,7363.07,No
CUST-04765,Male,1,No,No,41,Yes,No,DSL,Yes,Yes,Yes,Yes,No internet service,No,month-to-month,Yes,bank_transfer,75.12,3080.09,No
CUST-04766,Female,0,No,No,31,Yes,Yes,Fiber optic,No,No,No internet service,No,No,No internet service,month-to-month,No,mailed_check,125.07,3877.16,No
CUST-04767,Female,0,Yes,No,2,Yes,Yes,Fiber optic,No internet service,No,Yes,No,No,No internet service,two year,No,credit_card,123.89,247.78,No
CUST-04768,Male,0,Yes,No,46,Yes,Yes,DSL,No,No,No internet service,Yes,No internet service,Yes,one year,Yes,electronic_check,65.86,3029.61,No
CUST-04769,Male,0,No,No,7,Yes,Yes,Fiber optic,No internet service,No internet service,No internet service,No internet service,Yes,No internet service,month-to-month,No,credit_card,84.27,589.89,No
CUST-04770,Male,0,No,No,23,Yes,No,DSL,No internet service,No,No internet service,No,No internet service,No,one year,No,electronic_check,84.85,1951.57,No
CUST-04771,Male,0,Yes,No,28,Yes,Yes,Fiber optic,No,No internet service,No,No,No internet service,No,one year,No,credit_card,131.32,3676.84,No
CUST-04772,Female,0,No,No,30,Yes,No,No,No internet service,No internet service,Yes,No internet service,No internet service,No internet service,two year,No,credit_card,15.09,452.84,No
CUST-04773,Male,1,Yes,No,13,Yes,Yes,Fiber optic,No,No,No internet service,No internet service,Yes,No,month-to-month,No,mailed_check,94.85,1233.07,Yes
CUST-04774,Female,0,Yes,No,53,Yes,Yes,DSL,No internet service,No,No,No,No internet service,No internet service,month-to-month,No,bank_transfer,45.72,2423.09,No
CUST-04775,Female,1,No,Yes,2,Yes,Yes,Fiber optic,No,No,No internet service,No,No internet service,No internet service,month-to-month,No,bank_transfer,130.13,260.26,Yes
CUST-04776,Female,1,No,Yes,56,Yes,No,Fiber optic,No,Yes,No internet service,No,No,Yes,two year,Yes,credit_card,118.83,6654.23,No
CUST-04777,Male,1,Yes,No,63,Yes,No,Fiber optic,No,No internet service,No internet service,No,No,Yes,two year,Yes,credit_card,135.12,8512.27,No
CUST-04778,Female,0,Yes,Yes,61,Yes,No,Fiber optic,No,No,No,No internet service,No internet service,Yes,month-to-month,Yes,bank_transfer,60.12,3667.03,No
CUST-04779,Female,0,No,No,32,No,No phone service,DSL,No internet service,Yes,No internet service,Yes,No internet service,Yes,month-to-month,No,credit_card,71.53,2288.8,No
CUST-04780,Male,0,Yes,No,10,Yes,No,DSL,No,Yes,No,No,No,Yes,two year,No,mailed_check,71.88,718.78,No
CUST-04781,Female,1,Yes,No,0,Yes,No,No,No internet service,No internet service,No internet service,No internet service,No,Yes,month-to-month,Yes,mailed_check,37.21,37.21,No
CUST-04782,Female,0,No,No,32,Yes,No,DSL,No,No,No,No,No,No internet service,month-to-month,No,mailed_check,53.43,1709.64,No
CUST-04783,Male,1,No,No,62,Yes,Yes,DSL,Yes,No internet service,Yes,No,No,No internet service,two year,Yes,credit_card,41.53,2574.55,No
CUST-04784,Male,0,Yes,No,42,Yes,No,DSL,Yes,No internet service,No,No,Yes,Yes,month-to-month,Yes,mailed_check,27.77,1166.53,No
CUST-04785,Male,0,Yes,No,1,Yes,Yes,DSL,Yes,No,Yes,No,Yes,No internet service,month-to-month,No,mailed_check,33.85,33.85,No
CUST-04786,Male,0,Yes,No,29,No,No phone service,DSL,Yes,No,No internet service,No internet service,Yes,Yes,one year,Yes,mailed_check,46.83,1358.09,No
CUST-04787,Male,1,Yes,No,70,Yes,Yes,Fiber optic,No internet service,No,No internet service,No internet service,No,Yes,one year,Yes,bank_transfer,90.63,6344.35,No
CUST-04788,Male,1,No,No,62,Yes,No,DSL,Yes,No,No,No,No,No,month-to-month,Yes,mailed_check,49.42,3063.98,No
CUST-04789,Male,0,No,No,32,Yes,Yes,DSL,Yes,No,Yes,No internet service,No,No internet service,two year,Yes,bank_transfer,65.05,2081.59,No
CUST-04790,Female,0,No,No,63,No,No phone service,DSL,No,No,Yes,No,No,Yes,month-to-month,No,electronic_check,42.87,2700.92,No
CUST-04791,Male,0,Yes,Yes,9,Yes,No,No,No,Yes,Yes,No internet service,No,Yes,two year,Yes,electronic_check,39.36,354.24,No
CUST-04792,Male,0,No,No,67,Yes,No,Fiber optic,No internet service,No,Yes,No,No internet service,No internet service,month-to-month,Yes,credit_card,96.2,6445.22,No
CUST-04793,Female,0,No,No,8,No,No phone service,DSL,No,No internet service,No,Yes,Yes,No internet service,month-to-month,No,mailed_check,50.07,400.57,No
CUST-04794,Female,1,No,No,56,Yes,Yes,Fiber optic,No,No,Yes,No,Yes,No,two year,Yes,mailed_check,119.74,6705.25,No
CUST-04795,Female,0,No,No,69,Yes,Yes,DSL,No internet service,No internet service,No internet service,No internet service,No internet service,No,one year,Yes,electronic_check,58.64,4045.93,No
CUST-04796,Female,1,Yes,No,48,Yes,Yes,No,No,Yes,No,No,No,No,two year,Yes,electronic_check,42.72,2050.76,No
CUST-04797,Male,1,No,No,65,Yes,Yes,Fiber optic,No internet service,No,No internet service,No,No,Yes,one year,Yes,bank_transfer,109.69,7129.82,No
CUST-04798,Male,1,No,No,39,Yes,Yes,Fiber optic,No,No internet service,No,Yes,Yes,Yes,one year,Yes,electronic_check,134.07,5228.69,No
CUST-04799,Female,1,No,No,63,Yes,Yes,DSL,No,No internet service,Yes,No internet service,No,Yes,two year,No,electronic_check,80.97,5101.38,No
CUST-04800,Female,0,No,No,10,Yes,No,DSL,Yes,No,Yes,No,No internet service,No,one year,Yes,mailed_check,90.44,904.41,No
CUST-04801,Male,0,No,No,33,Yes,No,Fiber optic,No,No internet service,Yes,Yes,No,No,two year,No,credit_card,115.9,3824.65,No
CUST-04802,Female,0,No,No,60,Yes,Yes,Fiber optic,No internet service,Yes,Yes,No,Yes,No,one year,Yes,credit_card,83.33,5000.01,No
CUST-04803,Female,0,Yes,No,69,Yes,Yes,Fiber optic,No internet service,No,No internet service,No internet service,Yes,No internet service,month-to-month,Yes,credit_card,121.2,8362.84,No
CUST-04804,Male,1,Yes,Yes,2,Yes,No,DSL,No,Yes,Yes,No,No,Yes,two year,Yes,mailed_check,68.78,137.56,No
CUST-04805,Male,0,No,No,24,Yes,Yes,Fiber optic,No,No,No internet service,Yes,No internet service,No,month-to-month,No,electronic_check,76.49,1835.79,Yes
CUST-04806,Male,1,No,No,67,Yes,No,DSL,No,No internet service,No,No,No,No,two year,Yes,mailed_check,64.65,4331.42,No
CUST-04807,Female,0,No,Yes,49,No,No phone service,DSL,No internet service,No,No,No,No,No,two year,No,credit_card,58.97,2889.77,No
CUST-04808,Female,1,Yes,No,21,Yes,No,DSL,No,No internet service,Yes,No internet service,Yes,No,two year,No,mailed_check,71.36,1498.57,No
CUST-04809,Female,1,No,Yes,44,Yes,Yes,Fiber optic,No,No,No internet service,No,No internet service,Yes,two year,No,credit_card,75.29,3312.94,No
CUST-04810,Female,1,No,No,26,Yes,No,Fiber optic,No,No internet service,Yes,No internet service,No,Yes,month-to-month,No,bank_transfer,65.25,1696.54,No
CUST-04811,Male,1,No,No,50,Yes,Yes,DSL,No,No,Yes,No internet service,Yes,No internet service,one year,Yes,bank_transfer,87.11,4355.56,No
CUST-04812,Female,1,No,Yes,51,No,No phone service,Fiber optic,Yes,Yes,Yes,No,No internet service,No internet service,one year,Yes,electronic_check,127.92,6524.06,No
CUST-04813,Male,1,No,Yes,7,Yes,No,DSL,No,No internet service,No,No internet service,No,No internet service,one year,Yes,credit_card,70.51,493.57,No
CUST-04814,Female,0,No,No,16,Yes,No,Fiber optic,No,No,Yes,No,No,No internet service,month-to-month,No,electronic_check,107.16,1714.56,Yes
CUST-04815,Female,0,No,No,68,Yes,No,Fiber optic,No internet service,No,No internet service,Yes,No,No,two year,No,mailed_check,124.34,8455.13,No
CUST-04816,Male,1,Yes,No,56,No,No phone service,Fiber optic,No,Yes,No,No,No,No,month-to-month,Yes,credit_card,77.44,4336.49,No
CUST-04817,Female,0,No,Yes,40,Yes,No,Fiber optic,No,Yes,Yes,No,No internet service,No,one year,Yes,credit_card,85.27,3410.78,No
CUST-04818,Female,0,No,Yes,32,Yes,No,DSL,Yes,No internet service,No internet service,No internet service,No,No internet service,one year,Yes,mailed_check,72.55,2321.65,No
CUST-04819,Male,0,No,Yes,43,Yes,Yes,Fiber optic,No,No,No internet service,No,No,No internet service,two year,No,mailed_check,115.14,4951.04,No
CUST-04820,Female,1,Yes,No,31,Yes,No,DSL,No,No internet service,No,No internet service,No internet service,No internet service,month-to-month,Yes,electronic_check,78.7,2439.61,Yes
CUST-04821,Female,1,No,No,16,Yes,No,DSL,No internet service,No,No,Yes,No internet service,No internet service,one year,No,electronic_check,37.63,602.15,No
CUST-04822,Male,0,Yes,Yes,15,Yes,No,No,No,Yes,No internet service,No,No internet service,No,one year,Yes,electronic_check,26.99,404.9,No
CUST-04823,Male,1,Yes,Yes,17,Yes,Yes,No,Yes,No,Yes,No,No internet service,Yes,one year,Yes,electronic_check,38.16,648.74,No
CUST-04824,Male,0,No,No,46,No,No phone service,DSL,No,No,No internet service,No,No,Yes,month-to-month,No,mailed_check,58.74,2702.21,No
CUST-04825,Male,0,Yes,No,4,Yes,Yes,Fiber optic,No internet service,No,Yes,Yes,No internet service,Yes,month-to-month,Yes,credit_card,68.06,272.25,No
CUST-04826,Male,1,No,No,49,Yes,No,Fiber optic,No internet service,No internet service,No,Yes,No internet service,No,one year,No,electronic_check,106.92,5238.84,No
CUST-04827,Female,1,Yes,No,2,Yes,Yes,Fiber optic,No,Yes,No internet service,No,No internet service,Yes,month-to-month,Yes,electronic_check,115.58,231.17,Yes
CUST-04828,Female,1,Yes,Yes,18,No,No phone service,Fiber optic,No internet service,No,Yes,No,No,Yes,month-to-month,Yes,electronic_check,89.3,1607.38,No
CUST-04829,Female,0,No,No,4,Yes,No,Fiber optic,No internet service,Yes,No,No,Yes,No,month-to-month,Yes,mailed_check,96.23,384.92,Yes
CUST-04830,Male,1,No,No,5,Yes,No,Fiber optic,No internet service,No internet service,Yes,No,No,No,one year,Yes,mailed_check,99.57,497.87,No
CUST-04831,Male,1,No,No,26,Yes,Yes,DSL,Yes,Yes,No,No,Yes,No internet service,month-to-month,Yes,electronic_check,69.77,1814.1,No
CUST-04832,Female,1,No,No,23,Yes,Yes,Fiber optic,No,No internet service,No internet service,No,No,Yes,month-to-month,No,mailed_check,111.05,2554.1,No
CUST-04833,Male,1,No,No,24,Yes,No,DSL,No,No internet service,No internet service,No internet service,Yes,No,month-to-month,No,electronic_check,61.3,1471.22,No
CUST-04834,Male,0,Yes,Yes,68,Yes,No,DSL,Yes,Yes,No,No,No internet service,Yes,month-to-month,Yes,electronic_check,69.67,4737.89,No
CUST-04835,Male,0,Yes,No,54,Yes,Yes,DSL,No internet service,No,No,No,Yes,Yes,one year,Yes,credit_card,44.48,2401.78,No
CUST-04836,Male,1,No,Yes,11,Yes,No,No,Yes,No,No internet service,Yes,No,No internet service,month-to-month,Yes,bank_transfer,12.69,139.54,No
CUST-04837,Female,0,No,No,48,Yes,No,No,Yes,No,No internet service,No,Yes,Yes,one year,Yes,credit_card,11.3,542.56,No
CUST-04838,Female,1,Yes,No,57,Yes,Yes,DSL,No internet service,No,No,No internet service,No internet service,Yes,month-to-month,No,mailed_check,64.66,3685.59,No
CUST-04839,Female,1,No,No,47,Yes,No,DSL,Yes,No internet service,Yes,No,No,No,month-to-month,Yes,credit_card,65.61,3083.64,No
CUST-04840,Female,0,No,Yes,46,Yes,Yes,DSL,No,Yes,Yes,No internet service,No,Yes,one year,Yes,mailed_check,81.66,3756.22,No
CUST-04841,Female,1,No,Yes,21,Yes,Yes,DSL,No internet service,No internet service,No,No,No internet service,No,two year,Yes,electronic_check,87.73,1842.26,No
CUST-04842,Female,1,No,No,24,Yes,No,Fiber optic,No,Yes,No,No internet service,No,No internet service,month-to-month,No,bank_transfer,114.6,2750.29,Yes
CUST-04843,Female,0,Yes,No,72,Yes,No,Fiber optic,No,Yes,Yes,Yes,No internet service,No internet service,month-to-month,No,credit_card,127.36,9169.58,No
CUST-04844,Male,0,No,Yes,7,Yes,Yes,Fiber optic,No,Yes,Yes,No internet service,Yes,No,month-to-month,Yes,credit_card,53.27,372.88,Yes
CUST-04845,Male,0,No,No,26,Yes,No,DSL,No,No,Yes,No internet service,Yes,No,two year,No,credit_card,44.74,1163.16,No
CUST-04846,Female,0,Yes,No,71,Yes,No,DSL,No internet service,Yes,No internet service,No,No internet service,No,month-to-month,Yes,electronic_check,48.68,3455.98,No
CUST-04847,Female,0,No,Yes,6,Yes,Yes,Fiber optic,No,No,No,No internet service,No internet service,Yes,month-to-month,No,credit_card,119.0,713.97,No
CUST-04848,Male,1,Yes,Yes,66,No,No phone service,Fiber optic,No,No internet service,No internet service,No internet service,Yes,No,one year,Yes,credit_card,91.34,6028.5,No
CUST-04849,Male,0,Yes,No,60,Yes,No,Fiber optic,Yes,No,No,No,Yes,Yes,month-to-month,Yes,mailed_check,91.36,5481.39,No
CUST-04850,Female,1,Yes,No,41,Yes,Yes,Fiber optic,No internet service,No internet service,No internet service,No internet service,Yes,Yes,month-to-month,No,electronic_check,115.39,4731.19,No
CUST-04851,Male,1,Yes,Yes,20,Yes,No,Fiber optic,No internet service,No,No,No internet service,No,No,two year,No,electronic_check,142.11,2842.28,Yes
CUST-04852,Male,1,No,No,40,Yes,No,Fiber optic,No,Yes,No,Yes,No,Yes,two year,Yes,mailed_check,103.99,4159.71,No
CUST-04853,Male,0,Yes,Yes,33,Yes,Yes,Fiber optic,No,No,No internet service,No,No,Yes,two year,Yes,mailed_check,119.07,3929.24,No
CUST-04854,Female,0,Yes,Yes,20,Yes,No,DSL,No,No,No internet service,Yes,No,No,two year,Yes,electronic_check,92.15,1842.93,No
CUST-04855,Female,0,No,Yes,63,Yes,No,No,No internet service,No internet service,Yes,No internet service,No,Yes,month-to-month,Yes,electronic_check,6.29,396.4,Yes
CUST-04856,Female,1,Yes,Yes,3,Yes,No,DSL,No internet service,No,No,No,Yes,Yes,one year,Yes,credit_card,68.24,204.71,No
CUST-04857,Female,0,No,No,61,Yes,Yes,DSL,No internet service,No,No internet service,No,No,No internet service,one year,Yes,electronic_check,63.9,3898.19,No
CUST-04858,Female,1,Yes,No,24,Yes,Yes,Fiber optic,No,No,No internet service,No internet service,No internet service,No,one year,No,electronic_check,82.95,1990.78,No
CUST-04859,Male,0,No,Yes,48,Yes,No,Fiber optic,No,Yes,Yes,No,No internet service,No,month-to-month,No,bank_transfer,119.99,5759.68,No
CUST-04860,Female,1,No,No,63,Yes,Yes,Fiber optic,No,No,No,No,No internet service,Yes,month-to-month,Yes,credit_card,120.48,7590.17,No
CUST-04861,Male,1,Yes,No,37,Yes,Yes,DSL,No internet service,No internet service,No,No,No,No internet service,month-to-month,Yes,electronic_check,50.78,1878.76,No
CUST-04862,Male,0,No,No,17,Yes,No,Fiber optic,No,Yes,Yes,No,No internet service,Yes,one year,No,bank_transfer,64.14,1090.44,No
CUST-04863,Female,1,No,No,10,Yes,No,Fiber optic,Yes,No internet service,Yes,No,No,No,two year,Yes,credit_card,98.27,982.66,No
CUST-04864,Female,0,No,No,24,Yes,Yes,Fiber optic,No internet service,No internet service,Yes,No,No internet service,No internet service,one year,Yes,electronic_check,127.58,3061.89,No
CUST-04865,Male,1,Yes,No,2,Yes,Yes,DSL,No internet service,Yes,Yes,No internet service,No,No,month-to-month,Yes,electronic_check,63.76,127.52,Yes
CUST-04866,Male,0,Yes,No,71,Yes,Yes,DSL,No internet service,No internet service,Yes,No,No,Yes,one year,Yes,electronic_check,65.64,4660.37,No
CUST-04867,Male,1,No,No,67,Yes,No,Fiber optic,No internet service,No,Yes,No internet service,No,No internet service,month-to-month,No,mailed_check,65.77,4406.5,No
CUST-04868,Female,1,No,No,40,Yes,Yes,No,No,No internet service,No,Yes,No internet service,Yes,month-to-month,Yes,bank_transfer,23.75,949.98,No
CUST-04869,Male,1,No,Yes,56,No,No phone service,DSL,Yes,Yes,Yes,No,Yes,No internet service,one year,No,electronic_check,50.34,2818.78,No
CUST-04870,Male,0,No,No,5,Yes,Yes,DSL,No internet service,No internet service,Yes,No,No,No internet service,month-to-month,Yes,credit_card,34.92,174.61,No
CUST-04871,Female,0,No,No,30,No,No phone service,DSL,No,Yes,Yes,No,No,No internet service,month-to-month,Yes,electronic_check,46.19,1385.64,No
CUST-04872,Female,1,Yes,No,37,Yes,Yes,Fiber optic,No internet service,Yes,Yes,No,No,No,two year,No,bank_transfer,94.44,3494.34,No
CUST-04873,Female,1,Yes,No,32,No,No phone service,Fiber optic,Yes,No internet service,Yes,No internet service,No,No,two year,Yes,mailed_check,107.66,3445.08,No
CUST-04874,Female,0,No,No,61,Yes,No,Fiber optic,No internet service,No internet service,No internet service,Yes,No,Yes,month-to-month,Yes,bank_transfer,120.59,7356.07,No
CUST-04875,Female,0,Yes,Yes,14,No,No phone service,DSL,Yes,No,No,Yes,No internet service,No,month-to-month,Yes,electronic_check,25.85,361.91,No
CUST-04876,Female,0,No,No,14,Yes,No,Fiber optic,Yes,No internet service,No,No,No,No,two year,No,mailed_check,140.99,1973.92,No
CUST-04877,Female,1,Yes,No,39,Yes,No,DSL,No internet service,Yes,No internet service,No internet service,No,Yes,two year,No,bank_transfer,55.55,2166.41,No
CUST-04878,Male,0,No,Yes,30,Yes,No,DSL,No internet service,Yes,No,Yes,No internet service,Yes,two year,Yes,mailed_check,59.64,1789.07,No
CUST-04879,Male,1,No,Yes,43,No,No phone service,No,Yes,Yes,Yes,No internet service,No internet service,Yes,month-to-month,Yes,mailed_check,15.34,659.52,No
CUST-04880,Female,0,Yes,Yes,36,Yes,No,Fiber optic,Yes,Yes,No internet service,No internet service,Yes,No,one year,Yes,electronic_check,104.48,3761.41,No
CUST-04881,Male,1,No,No,23,Yes,Yes,DSL,No internet service,No internet service,No,No,No,No,one year,Yes,credit_card,56.25,1293.7,No
CUST-04882,Female,1,Yes,No,21,Yes,No,DSL,No,Yes,No,Yes,No,No,one year,Yes,bank_transfer,60.54,1271.32,No
CUST-04883,Female,0,No,No,27,No,No phone service,DSL,No internet service,No internet service,No,No,No internet service,No,two year,Yes,mailed_check,73.46,1983.42,No
CUST-04884,Male,0,No,Yes,50,Yes,Yes,No,Yes,No,No,No,Yes,Yes,month-to-month,No,credit_card,6.9,344.91,No
CUST-04885,Male,0,Yes,No,26,Yes,No,Fiber optic,No internet service,No internet service,No internet service,Yes,No,No,month-to-month,Yes,mailed_check,132.31,3440.07,No
CUST-04886,Female,1,Yes,No,13,Yes,No,Fiber optic,No,No internet service,No,No,No,Yes,month-to-month,Yes,bank_transfer,121.88,1584.39,Yes
CUST-04887,Male,0,Yes,No,58,Yes,Yes,Fiber optic,No,No internet service,No internet service,Yes,No internet service,No,month-to-month,Yes,mailed_check,121.91,7070.64,No
CUST-04888,Male,1,Yes,No,35,Yes,No,Fiber optic,Yes,Yes,Yes,No,Yes,Yes,one year,Yes,mailed_check,82.12,2874.31,No
CUST-04889,Male,0,Yes,No,10,Yes,No,DSL,No,No internet service,No internet service,No internet service,No internet service,No,two year,Yes,credit_card,74.08,740.8,No
CUST-04890,Male,1,Yes,No,9,Yes,Yes,Fiber optic,No,Yes,No internet service,No,No internet service,No internet service,one year,Yes,credit_card,86.73,780.6,No
CUST-04891,Male,1,No,No,1,Yes,Yes,Fiber optic,Yes,Yes,No,No internet service,No internet service,Yes,month-to-month,No,bank_transfer,87.29,87.29,No
CUST-04892,Female,1,Yes,No,63,Yes,No,DSL,Yes,No,No,No,Yes,Yes,month-to-month,No,bank_transfer,73.92,4657.05,No
CUST-04893,Female,0,Yes,Yes,40,Yes,No,DSL,No internet service,No internet service,No internet service,No,No,No internet service,one year,No,credit_card,45.05,1801.91,No
CUST-04894,Female,0,Yes,No,17,No,No phone service,DSL,Yes,No internet service,No,Yes,Yes,No internet service,month-to-month,Yes,mailed_check,76.26,1296.36,No
CUST-04895,Male,1,No,No,66,Yes,No,Fiber optic,No internet service,No internet service,No internet service,No,No internet service,No,month-to-month,No,electronic_check,121.59,8024.9,No
CUST-04896,Female,1,No,No,1,Yes,Yes,Fiber optic,No,No,No internet service,No,No,No internet service,month-to-month,Yes,mailed_check,70.15,70.15,No
CUST-04897,Female,0,No,Yes,19,Yes,Yes,Fiber optic,No,No,No,Yes,Yes,No,two year,Yes,mailed_check,95.87,1821.47,No
CUST-04898,Female,1,Yes,No,43,Yes,Yes,Fiber optic,No,No,Yes,No internet service,Yes,No internet service,month-to-month,Yes,bank_transfer,106.3,4570.94,Yes
CUST-04899,Male,1,Yes,No,17,Yes,No,Fiber optic,No internet service,Yes,Yes,No,Yes,No,month-to-month,Yes,mailed_check,79.6,1353.15,No
CUST-04900,Male,0,Yes,No,12,Yes,Yes,DSL,No,No internet service,No internet service,No,No,No internet service,month-to-month,No,mailed_check,60.83,729.9,No
CUST-04901,Female,1,No,No,66,Yes,Yes,DSL,No,Yes,No,No,Yes,No,two year,No,mailed_check,75.02,4951.11,No
CUST-04902,Male,0,Yes,No,40,Yes,Yes,DSL,Yes,No internet service,No,No,No internet service,No internet service,month-to-month,Yes,mailed_check,31.26,1250.34,No
CUST-04903,Male,0,No,No,29,Yes,No,No,Yes,No,No internet service,No,Yes,No,two year,No,mailed_check,15.92,461.82,No
CUST-04904,Female,1,No,No,66,No,No phone service,DSL,No,Yes,Yes,No,Yes,Yes,month-to-month,No,mailed_check,53.94,3560.3,No
CUST-04905,Female,0,Yes,No,24,Yes,No,Fiber optic,No internet service,No,No,No internet service,Yes,No,two year,Yes,bank_transfer,114.35,2744.43,No
CUST-04906,Male,0,No,No,30,Yes,No,DSL,No internet service,No internet service,No internet service,No internet service,No,No,month-to-month,No,bank_transfer,51.27,1537.95,No
CUST-04907,Male,1,No,Yes,26,Yes,No,No,No internet service,No,No,No,Yes,No,one year,Yes,mailed_check,19.27,500.96,No
CUST-04908,Male,1,Yes,No,4,No,No phone service,DSL,No,Yes,No internet service,No,No internet service,No,month-to-month,Yes,electronic_check,33.78,135.13,Yes
CUST-04909,Female,1,Yes,No,58,No,No phone service,DSL,Yes,No,Yes,Yes,No,No internet service,one year,Yes,mailed_check,71.24,4131.88,No
CUST-04910,Male,0,No,Yes,55,Yes,No,Fiber optic,Yes,No internet service,No internet service,No,No,No internet service,month-to-month,No,credit_card,69.75,3836.5,No
CUST-04911,Female,0,Yes,No,34,Yes,Yes,Fiber optic,No internet service,No internet service,No,No,No internet service,Yes,month-to-month,No,mailed_check,98.65,3353.95,No
CUST-04912,Male,1,No,No,71,Yes,No,Fiber optic,Yes,No,Yes,Yes,No,Yes,one year,Yes,electronic_check,126.89,9009.3,No
CUST-04913,Female,0,Yes,No,14,Yes,Yes,Fiber optic,Yes,Yes,No,Yes,No internet service,No,month-to-month,Yes,bank_transfer,107.4,1503.67,No
CUST-04914,Female,1,Yes,Yes,56,Yes,Yes,DSL,Yes,Yes,Yes,No,Yes,Yes,two year,Yes,bank_transfer,58.16,3256.8,No
CUST-04915,Female,0,Yes,Yes,40,No,No phone service,DSL,Yes,No,No internet service,No internet service,Yes,No,month-to-month,No,credit_card,49.67,1986.9,No
CUST-04916,Female,1,Yes,No,5,Yes,No,Fiber optic,No internet service,No,No,No internet service,No internet service,No,one year,Yes,credit_card,71.06,355.31,No
CUST-04917,Female,1,No,No,60,Yes,No,Fiber optic,No,No internet service,No internet service,No internet service,No internet service,No internet service,month-to-month,No,electronic_check,82.37,4941.92,No
CUST-04918,Male,0,No,No,30,Yes,Yes,No,Yes,Yes,No,No,Yes,No,one year,Yes,mailed_check,20.76,622.67,No
CUST-04919,Male,1,Yes,Yes,17,Yes,No,DSL,Yes,No,No internet service,No,No,Yes,month-to-month,Yes,credit_card,39.36,669.13,No
CUST-04920,Male,0,Yes,No,26,Yes,No,No,No internet service,Yes,No,Yes,No internet service,No,month-to-month,No,bank_transfer,6.66,173.22,No
CUST-04921,Male,0,No,Yes,64,Yes,Yes,DSL,No,No internet service,No,No,No internet service,No internet service,two year,Yes,electronic_check,51.56,3300.11,No
CUST-04922,Female,1,Yes,Yes,39,Yes,Yes,Fiber optic,No,No internet service,No,No internet service,No,Yes,month-to-month,No,mailed_check,134.18,5233.19,No
CUST-04923,Male,0,Yes,Yes,52,Yes,No,DSL,No internet service,Yes,Yes,No,Yes,No internet service,month-to-month,No,credit_card,61.36,3190.6,No
CUST-04924,Male,0,Yes,No,57,Yes,No,No,No,No,No internet service,Yes,No internet service,No,month-to-month,No,electronic_check,29.42,1676.93,No
CUST-04925,Male,0,Yes,No,53,Yes,Yes,DSL,No,Yes,No,Yes,No,Yes,two year,Yes,bank_transfer,78.09,4138.57,No
CUST-04926,Female,0,No,No,50,No,No phone service,DSL,No,Yes,No,No,No,No,one year,Yes,bank_transfer,82.75,4137.4,No
CUST-04927,Female,0,No,No,25,Yes,Yes,DSL,No internet service,No internet service,Yes,No internet service,Yes,No internet service,month-to-month,Yes,mailed_check,51.15,1278.75,Yes
CUST-04928,Male,0,Yes,Yes,18,Yes,Yes,DSL,No,Yes,No internet service,No,No,No internet service,one year,No,electronic_check,45.13,812.43,No
CUST-04929,Female,1,Yes,No,18,Yes,No,DSL,No internet service,No internet service,No internet service,Yes,No internet service,No,month-to-month,Yes,bank_transfer,54.93,988.72,No
CUST-04930,Male,0,No,No,45,Yes,No,DSL,No internet service,Yes,No internet service,No,No,No,one year,No,bank_transfer,78.64,3538.87,No
CUST-04931,Male,0,No,No,16,Yes,Yes,Fiber optic,No,No,No internet service,No,No,Yes,two year,No,credit_card,122.97,1967.51,No
CUST-04932,Male,1,Yes,No,20,Yes,Yes,DSL,No,No internet service,No internet service,No,No,No,month-to-month,Yes,bank_transfer,30.57,611.39,No
CUST-04933,Female,1,Yes,No,59,Yes,No,Fiber optic,No,Yes,No,No,No,Yes,month-to-month,Yes,bank_transfer,84.74,4999.76,No
CUST-04934,Male,1,No,No,27,Yes,No,Fiber optic,No,Yes,Yes,No,No internet service,No,one year,Yes,electronic_check,115.35,3114.48,No
CUST-04935,Male,1,No,No,30,Yes,No,DSL,No,No,No internet service,No,No internet service,No internet service,two year,No,bank_transfer,56.12,1683.52,No
CUST-04936,Female,0,Yes,No,44,Yes,No,Fiber optic,No internet service,No,Yes,No internet service,No,No internet service,two year,Yes,credit_card,87.19,3836.33,No
CUST-04937,Female,1,No,No,38,Yes,Yes,Fiber optic,No,No,No internet service,No,No,Yes,one year,Yes,mailed_check,84.02,3192.63,No
CUST-04938,Female,1,No,Yes,59,Yes,No,DSL,Yes,No internet service,No,Yes,No,No internet service,month-to-month,No,mailed_check,72.01,4248.3,No
CUST-04939,Female,1,No,No,26,Yes,Yes,DSL,No,Yes,No,Yes,No,No internet service,month-to-month,No,mailed_check,48.11,1250.73,No
CUST-04940,Female,1,No,Yes,58,Yes,Yes,DSL,No internet service,No internet service,Yes,No internet service,No internet service,Yes,month-to-month,Yes,credit_card,68.81,3990.88,No
CUST-04941,Male,1,No,No,72,No,No phone service,No,No,No internet service,Yes,Yes,No internet service,Yes,one year,No,electronic_check,25.94,1867.57,No
CUST-04942,Male,0,No,No,53,Yes,Yes,DSL,Yes,Yes,No,No internet service,No internet service,No internet service,month-to-month,Yes,credit_card,45.16,2393.54,No
CUST-04943,Male,0,Yes,No,33,Yes,No,DSL,No,No internet service,No,No internet service,No,No,month-to-month,Yes,electronic_check,66.55,2196.21,Yes
CUST-04944,Female,0,Yes,Yes,51,Yes,Yes,Fiber optic,No internet service,Yes,No,No,No,No,month-to-month,Yes,mailed_check,114.16,5822.37,No
CUST-04945,Female,1,No,No,7,Yes,No,DSL,No,No,No,No,Yes,No,two year,No,bank_transfer,36.56,255.92,No
CUST-04946,Male,0,Yes,Yes,22,Yes,Yes,Fiber optic,No internet service,Yes,Yes,No internet service,No internet service,No,month-to-month,No,electronic_check,89.99,1979.73,Yes
CUST-04947,Male,0,No,No,39,Yes,No,Fiber optic,No,No internet service,Yes,Yes,No,No,month-to-month,Yes,bank_transfer,74.67,2912.07,No
CUST-04948,Female,1,No,No,27,Yes,Yes,No,No,No internet service,No,No internet service,Yes,No internet service,month-to-month,No,mailed_check,36.12,975.2,No
CUST-04949,Male,0,No,No,62,Yes,Yes,Fiber optic,No internet service,No,Yes,No,No,No,one year,No,electronic_check,88.04,5458.43,No
CUST-04950,Female,1,Yes,No,59,No,No phone service,DSL,Yes,No,No,No,No internet service,Yes,month-to-month,No,bank_transfer,66.09,3899.43,No
CUST-04951,Male,1,Yes,No,35,Yes,Yes,Fiber optic,Yes,Yes,No,Yes,No,No,two year,Yes,electronic_check,117.36,4107.52,No
CUST-04952,Male,0,No,No,59,Yes,No,DSL,Yes,Yes,No,No,No,No,one year,Yes,electronic_check,49.49,2919.63,No
CUST-04953,Female,0,Yes,Yes,15,Yes,Yes,DSL,No internet service,No,Yes,No internet service,No,Yes,month-to-month,Yes,bank_transfer,46.77,701.54,No
CUST-04954,Male,1,Yes,No,29,Yes,Yes,DSL,No,No internet service,Yes,Yes,Yes,Yes,month-to-month,Yes,electronic_check,58.22,1688.39,Yes
CUST-04955,Female,0,No,Yes,63,No,No phone service,Fiber optic,No internet service,No,No internet service,No,No internet service,No,one year,No,mailed_check,113.03,7121.09,No
CUST-04956,Female,1,Yes,No,46,Yes,Yes,Fiber optic,No,No internet service,Yes,Yes,No internet service,No,month-to-month,Yes,credit_card,73.76,3392.98,No
CUST-04957,Male,0,Yes,No,16,Yes,No,Fiber optic,No internet service,No internet service,No internet service,No internet service,Yes,Yes,month-to-month,Yes,mailed_check,119.78,1916.55,No
CUST-04958,Male,1,Yes,Yes,4,Yes,Yes,Fiber optic,No internet service,No,No,Yes,No,No internet service,one year,No,mailed_check,81.62,326.48,Yes
CUST-04959,Female,0,Yes,No,70,Yes,No,Fiber optic,No internet service,Yes,Yes,No internet service,No,No,one year,No,electronic_check,85.7,5998.89,No
CUST-04960,Male,1,Yes,No,59,No,No phone service,Fiber optic,No internet service,No,Yes,No,No internet service,No,one year,No,bank_transfer,69.28,4087.72,No
CUST-04961,Female,0,No,Yes,46,Yes,Yes,Fiber optic,No internet service,Yes,Yes,No,No,No internet service,one year,Yes,credit_card,108.62,4996.37,No
CUST-04962,Male,1,Yes,No,19,No,No phone service,DSL,No,No internet service,No,No,No,Yes,two year,No,mailed_check,70.09,1331.65,No
CUST-04963,Female,1,Yes,No,6,Yes,Yes,No,No internet service,No,No,Yes,No internet service,Yes,two year,No,electronic_check,15.28,91.68,No
CUST-04964,Female,0,Yes,No,1,Yes,No,DSL,No,No,No,No internet service,No,No,month-to-month,No,bank_transfer,80.67,80.67,No
CUST-04965,Male,0,Yes,No,22,Yes,Yes,Fiber optic,No internet service,No,Yes,No,No,Yes,month-to-month,No,electronic_check,120.77,2657.05,Yes
CUST-04966,Female,1,Yes,No,28,Yes,Yes,Fiber optic,No,Yes,No internet service,No internet service,No,No internet service,two year,No,credit_card,86.47,2421.21,No
CUST-04967,Female,0,No,Yes,60,Yes,No,DSL,No internet service,No internet service,No,No internet service,No internet service,No internet service,two year,No,mailed_check,46.67,2800.14,No
CUST-04968,Male,1,Yes,No,6,Yes,Yes,Fiber optic,No,Yes,No internet service,No internet service,No internet service,No internet service,month-to-month,Yes,bank_transfer,106.52,639.1,Yes
CUST-04969,Female,0,No,No,12,Yes,Yes,Fiber optic,Yes,Yes,No,No,Yes,Yes,month-to-month,Yes,mailed_check,106.15,1273.85,No
CUST-04970,Female,0,Yes,No,27,Yes,Yes,DSL,No,No internet service,No,Yes,No internet service,No internet service,month-to-month,Yes,mailed_check,35.37,954.99,No
CUST-04971,Female,1,Yes,No,51,Yes,No,Fiber optic,No,No,No internet service,No,No,No,one year,No,bank_transfer,88.34,4505.46,No
CUST-04972,Female,1,No,No,38,Yes,No,Fiber optic,No internet service,No,Yes,Yes,Yes,No,two year,Yes,mailed_check,117.35,4459.2,No
CUST-04973,Female,0,Yes,No,60,Yes,Yes,Fiber optic,Yes,Yes,No internet service,No internet service,Yes,No internet service,month-to-month,Yes,mailed_check,100.64,6038.19,Yes
CUST-04974,Male,1,Yes,Yes,5,Yes,No,Fiber optic,Yes,Yes,Yes,Yes,Yes,No,month-to-month,No,electronic_check,73.09,365.47,Yes
CUST-04975,Female,0,No,No,15,Yes,No,Fiber optic,No internet service,No internet service,No internet service,No,No internet service,No internet service,month-to-month,Yes,mailed_check,92.11,1381.62,Yes
CUST-04976,Male,0,Yes,Yes,55,Yes,No,Fiber optic,No,No internet service,No,No,No,No,month-to-month,Yes,bank_transfer,88.96,4892.6,No
CUST-04977,Female,0,Yes,Yes,9,Yes,Yes,Fiber optic,No,No,No,Yes,No,No internet service,month-to-month,Yes,bank_transfer,97.49,877.44,No
CUST-04978,Male,0,No,Yes,62,Yes,No,Fiber optic,No,No,No,Yes,No internet service,Yes,two year,Yes,electronic_check,106.43,6598.8,No
CUST-04979,Male,0,Yes,Yes,33,Yes,No,Fiber optic,No,No,No internet service,Yes,No,No,month-to-month,No,credit_card,94.3,3112.03,Yes
CUST-04980,Male,0,Yes,No,12,Yes,No,DSL,No,No,Yes,No internet service,Yes,No internet service,two year,Yes,bank_transfer,68.68,824.13,No
CUST-04981,Female,1,Yes,No,48,No,No phone service,Fiber optic,No,No internet service,Yes,Yes,No,Yes,one year,Yes,credit_card,79.04,3793.74,No
CUST-04982,Female,0,No,Yes,15,Yes,Yes,Fiber optic,Yes,No internet service,No internet service,No,No,No,month-to-month,No,mailed_check,112.28,1684.17,No
CUST-04983,Male,0,Yes,Yes,38,Yes,Yes,Fiber optic,No internet service,No,No,No internet service,No internet service,No,one year,Yes,mailed_check,131.94,5013.63,No
CUST-04984,Male,0,No,No,0,Yes,Yes,DSL,No internet service,No,No internet service,No,No internet service,Yes,month-to-month,Yes,mailed_check,69.48,69.48,No
CUST-04985,Female,1,Yes,Yes,16,Yes,Yes,Fiber optic,Yes,Yes,No internet service,No internet service,No,No,one year,No,electronic_check,126.89,2030.25,No
CUST-04986,Male,1,Yes,No,55,Yes,Yes,DSL,No internet service,No,No,Yes,No internet service,Yes,month-to-month,Yes,credit_card,65.84,3621.08,No
CUST-04987,Male,0,No,No,16,Yes,Yes,Fiber optic,Yes,No,No internet service,No internet service,No internet service,No,one year,Yes,electronic_check,106.06,1696.98,No
CUST-04988,Male,1,Yes,No,35,Yes,Yes,No,No,No internet service,Yes,No,No internet service,No,month-to-month,Yes,electronic_check,38.32,1341.3,No
CUST-04989,Male,1,No,Yes,0,Yes,Yes,DSL,Yes,No,No internet service,Yes,No,No,one year,Yes,electronic_check,53.63,53.63,Yes
CUST-04990,Female,0,Yes,No,62,Yes,Yes,DSL,Yes,No,Yes,No internet service,No internet service,No,two year,Yes,electronic_check,79.14,4906.46,No
CUST-04991,Male,1,Yes,No,55,Yes,Yes,DSL,Yes,Yes,Yes,No internet service,No,No,one year,Yes,mailed_check,70.79,3893.27,No
CUST-04992,Male,1,No,No,45,Yes,Yes,DSL,No internet service,No internet service,No,No internet service,Yes,Yes,month-to-month,Yes,bank_transfer,54.98,2473.95,No
CUST-04993,Male,0,Yes,No,19,Yes,No,DSL,No internet service,Yes,No,Yes,Yes,No internet service,one year,Yes,electronic_check,34.02,646.39,No
CUST-04994,Male,0,Yes,No,45,Yes,No,Fiber optic,No internet service,No internet service,Yes,No,No internet service,No,one year,Yes,bank_transfer,137.51,6188.04,No
CUST-04995,Male,1,No,Yes,46,Yes,Yes,DSL,No,No internet service,No internet service,No internet service,No internet service,No internet service,month-to-month,Yes,electronic_check,65.09,2994.1,No
CUST-04996,Female,1,Yes,No,13,Yes,Yes,DSL,Yes,No,Yes,No,No internet service,Yes,one year,Yes,mailed_check,40.9,531.76,No
CUST-04997,Female,0,No,Yes,72,Yes,No,Fiber optic,No internet service,No internet service,No,Yes,No,No internet service,one year,No,mailed_check,106.48,7666.63,No
CUST-04998,Male,0,No,No,12,Yes,No,DSL,Yes,No,Yes,Yes,No,Yes,one year,No,electronic_check,56.26,675.12,No
CUST-04999,Male,1,Yes,No,25,Yes,Yes,No,Yes,No,Yes,No,Yes,No,two year,Yes,credit_card,21.08,526.95,No
CUST-05000,Male,1,Yes,No,12,Yes,Yes,Fiber optic,No,No,No internet service,No internet service,No internet service,No internet service,month-to-month,No,credit_card,81.65,979.8,Yes
CUST-05001,Female,1,Yes,No,16,Yes,No,DSL,No internet service,No internet service,Yes,No,No,No internet service,two year,Yes,credit_card,77.06,1233.03,No
CUST-05002,Female,0,Yes,No,51,Yes,No,Fiber optic,No,Yes,No internet service,No,No,No internet service,month-to-month,No,credit_card,89.01,4539.7,No
CUST-05003,Male,0,No,No,63,Yes,No,DSL,No,No internet service,Yes,No internet service,No,Yes,month-to-month,Yes,mailed_check,52.04,3278.4,No
CUST-05004,Female,0,No,Yes,58,Yes,Yes,DSL,Yes,Yes,No internet service,No,No internet service,No internet service,month-to-month,No,electronic_check,53.67,3112.99,No
CUST-05005,Female,1,No,No,38,Yes,No,DSL,Yes,Yes,No internet service,Yes,No,No internet service,two year,Yes,bank_transfer,55.48,2108.08,No
CUST-05006,Male,1,Yes,No,1,Yes,No,Fiber optic,No,No,No internet service,No,No,No internet service,two year,No,mailed_check,85.51,85.51,No
CUST-05007,Female,0,No,Yes,66,Yes,No,Fiber optic,No,No internet service,No,No internet service,No internet service,Yes,month-to-month,Yes,electronic_check,89.28,5892.51,No
CUST-05008,Female,1,Yes,Yes,60,Yes,Yes,Fiber optic,No internet service,No,No internet service,No internet service,No,No internet service,one year,Yes,credit_card,72.12,4327.35,No
CUST-05009,Female,0,No,No,56,Yes,No,No,No internet service,No,No internet service,No,No internet service,Yes,month-to-month,No,electronic_check,5.13,287.47,No
CUST-05010,Male,1,No,No,43,Yes,No,No,No,No,No,No,No internet service,Yes,month-to-month,No,credit_card,20.8,894.31,No
CUST-05011,Male,1,Yes,Yes,16,Yes,No,Fiber optic,No internet service,Yes,No internet service,Yes,Yes,No,month-to-month,Yes,credit_card,121.89,1950.29,No
CUST-05012,Female,0,Yes,No,38,Yes,Yes,No,No,Yes,No,No internet service,No,No,one year,No,mailed_check,15.95,606.07,No
CUST-05013,Male,1,Yes,No,7,Yes,No,Fiber optic,Yes,Yes,No internet service,Yes,Yes,No internet service,two year,No,credit_card,98.33,688.33,No
CUST-05014,Female,0,Yes,No,11,No,No phone service,Fiber optic,No internet service,No,No internet service,No internet service,No,Yes,one year,Yes,credit_card,90.51,995.58,No
CUST-05015,Male,0,Yes,No,10,Yes,Yes,No,No,No,No,Yes,No internet service,No,month-to-month,No,electronic_check,27.83,278.34,No
CUST-05016,Female,0,No,No,14,Yes,Yes,No,No internet service,No internet service,No,No,No,Yes,two year,Yes,electronic_check,33.17,464.34,No
CUST-05017,Male,0,No,No,24,No,No phone service,DSL,Yes,No internet service,No,No internet service,No,Yes,two year,No,electronic_check,87.29,2094.96,No
CUST-05018,Male,0,Yes,Yes,68,Yes,No,Fiber optic,No,Yes,No internet service,Yes,No,Yes,one year,No,bank_transfer,117.65,8000.52,No
CUST-05019,Female,1,No,Yes,56,Yes,No,DSL,No,No,No internet service,No,No internet service,Yes,month-to-month,Yes,credit_card,61.38,3437.22,No
CUST-05020,Male,0,No,Yes,71,Yes,No,Fiber optic,Yes,No internet service,No internet service,Yes,No internet service,No,month-to-month,Yes,bank_transfer,118.09,8384.12,No
CUST-05021,Female,0,No,Yes,0,Yes,No,Fiber optic,No internet service,No,No,No,No,Yes,two year,Yes,mailed_check,131.99,131.99,No
CUST-05022,Female,1,Yes,No,34,Yes,No,Fiber optic,No internet service,No,No,No,No,Yes,month-to-month,No,mailed_check,66.2,2250.73,No
CUST-05023,Female,1,No,No,0,Yes,No,DSL,No internet service,No,Yes,No internet service,No,No,month-to-month,No,electronic_check,34.41,34.41,No
CUST-05024,Male,0,Yes,No,16,Yes,No,Fiber optic,Yes,No,No,No,Yes,Yes,one year,Yes,bank_transfer,84.75,1355.99,No
CUST-05025,Male,1,No,No,9,Yes,Yes,DSL,No,Yes,No,Yes,No internet service,No internet service,month-to-month,Yes,credit_card,63.65,572.86,No
CUST-05026,Male,1,Yes,No,36,Yes,Yes,DSL,No,No internet service,No,No,No internet service,No,two year,No,mailed_check,85.46,3076.58,No
CUST-05027,Male,0,No,No,42,Yes,No,DSL,No internet service,Yes,No internet service,Yes,No,No internet service,month-to-month,Yes,credit_card,25.86,1086.03,No
CUST-05028,Male,1,Yes,No,59,Yes,Yes,Fiber optic,No internet service,No,Yes,No internet service,No,Yes,month-to-month,Yes,credit_card,104.97,6193.41,No
CUST-05029,Female,0,Yes,No,55,Yes,Yes,No,No,No,No internet service,Yes,Yes,No,month-to-month,Yes,mailed_check,4.02,221.07,No
CUST-05030,Female,1,Yes,Yes,26,Yes,No,Fiber optic,No internet service,No,No,No internet service,No internet service,Yes,month-to-month,Yes,bank_transfer,95.29,2477.56,No
CUST-05031,Female,0,No,No,68,Yes,No,Fiber optic,Yes,No,No,Yes,No internet service,No,one year,Yes,credit_card,127.93,8699.08,No
CUST-05032,Male,1,No,Yes,0,Yes,No,Fiber optic,Yes,Yes,No,No internet service,Yes,No,one year,No,mailed_check,85.32,85.32,No
CUST-05033,Female,1,Yes,No,9,No,No phone service,No,No,No,Yes,No internet service,No,No internet service,month-to-month,Yes,bank_transfer,26.91,242.17,No
CUST-05034,Female,1,No,No,4,Yes,Yes,Fiber optic,No,No internet service,Yes,No,No internet service,No internet service,one year,Yes,bank_transfer,81.32,325.28,No
CUST-05035,Male,0,Yes,No,30,Yes,Yes,DSL,No internet service,Yes,No,No,Yes,No,one year,Yes,bank_transfer,71.1,2132.92,No
CUST-05036,Female,1,No,No,18,Yes,Yes,No,Yes,No,No internet service,Yes,No internet service,Yes,one year,Yes,mailed_check,37.11,667.99,No
CUST-05037,Female,0,No,No,32,Yes,No,DSL,No internet service,No,No internet service,Yes,Yes,Yes,month-to-month,No,bank_transfer,65.28,2089.03,No
CUST-05038,Male,1,No,No,22,Yes,Yes,No,No internet service,Yes,No,No internet service,No internet service,No internet service,month-to-month,Yes,credit_card,20.11,442.36,Yes
CUST-05039,Female,0,No,No,16,Yes,Yes,Fiber optic,Yes,No,No internet service,No internet service,No,Yes,month-to-month,No,bank_transfer,56.4,902.44,Yes
CUST-05040,Male,0,No,No,71,Yes,No,No,No internet service,Yes,Yes,No internet service,Yes,Yes,month-to-month,Yes,electronic_check,21.37,1517.49,No
CUST-05041,Female,0,No,Yes,43,Yes,Yes,Fiber optic,No internet service,No internet service,No internet service,No internet service,No,Yes,two year,No,mailed_check,97.29,4183.37,No
CUST-05042,Male,0,No,Yes,35,Yes,No,Fiber optic,No internet service,No,No internet service,No,No,No,month-to-month,Yes,electronic_check,93.26,3263.99,Yes
CUST-05043,Male,1,Yes,No,8,Yes,Yes,Fiber optic,No,Yes,No,Yes,No internet service,Yes,month-to-month,Yes,credit_card,64.62,516.98,No
CUST-05044,Male,0,Yes,No,9,Yes,No,Fiber optic,No,No internet service,No,Yes,No internet service,No,month-to-month,Yes,mailed_check,108.46,976.12,No
CUST-05045,Female,1,No,Yes,31,Yes,No,No,Yes,No internet service,Yes,No,No,No,month-to-month,Yes,bank_transfer,1.03,31.94,No
CUST-05046,Male,0,Yes,No,1,Yes,No,DSL,No,Yes,Yes,Yes,No internet service,Yes,one year,No,credit_card,48.89,48.89,No
CUST-05047,Male,1,No,No,64,Yes,Yes,DSL,No,Yes,No internet service,No internet service,No,Yes,month-to-month,No,electronic_check,44.72,2861.95,No
CUST-05048,Male,0,No,Yes,14,Yes,No,Fiber optic,Yes,No,No internet service,No internet service,No internet service,Yes,month-to-month,No,credit_card,98.12,1373.73,No
CUST-05049,Male,0,No,Yes,12,Yes,Yes,Fiber optic,No internet service,Yes,No,No,Yes,No internet service,month-to-month,Yes,credit_card,103.16,1237.95,Yes
CUST-05050,Female,0,Yes,No,32,Yes,No,DSL,Yes,No,No,No internet service,Yes,Yes,one year,No,credit_card,63.42,2029.47,No
CUST-05051,Male,1,Yes,Yes,5,Yes,Yes,Fiber optic,No internet service,Yes,Yes,No,No,No internet service,month-to-month,No,bank_transfer,79.54,397.71,Yes
CUST-05052,Male,0,Yes,No,28,No,No phone service,Fiber optic,No internet service,No,Yes,No internet service,No,No,month-to-month,Yes,bank_transfer,112.58,3152.3,No
CUST-05053,Female,1,No,No,9,Yes,No,No,No,Yes,No,No,No,No,month-to-month,No,bank_transfer,31.62,284.6,No
CUST-05054,Male,1,Yes,No,26,Yes,No,Fiber optic,No,No internet service,No,No,No,Yes,two year,Yes,mailed_check,91.76,2385.69,No
CUST-05055,Female,1,No,No,64,No,No phone service,No,No,No,Yes,No,No internet service,No,month-to-month,Yes,credit_card,31.86,2039.19,No
CUST-05056,Male,0,No,No,45,Yes,Yes,DSL,Yes,No,Yes,No,No internet service,No internet service,two year,No,mailed_check,68.36,3076.17,No
CUST-05057,Female,1,No,No,14,Yes,Yes,Fiber optic,No internet service,No,No,No,No,No,month-to-month,No,bank_transfer,113.62,1590.74,No
CUST-05058,Male,0,No,No,62,Yes,No,No,No,Yes,Yes,No,Yes,No,one year,Yes,mailed_check,14.62,906.71,No
CUST-05059,Female,1,Yes,No,42,Yes,No,DSL,No internet service,No internet service,No,Yes,Yes,No internet service,one year,Yes,mailed_check,58.78,2468.92,No
CUST-05060,Male,1,No,Yes,9,Yes,No,Fiber optic,No internet service,No internet service,No internet service,No,No,No,two year,No,electronic_check,118.82,1069.41,No
CUST-05061,Male,1,Yes,Yes,38,Yes,No,Fiber optic,No,No internet service,No,No,No,No internet service,month-to-month,Yes,bank_transfer,96.4,3663.14,No
CUST-05062,Female,0,No,No,31,Yes,No,DSL,Yes,Yes,No internet service,Yes,No internet service,Yes,one year,Yes,mailed_check,33.42,1036.08,No
CUST-05063,Male,1,Yes,No,53,Yes,No,DSL,No,Yes,Yes,No,Yes,No,month-to-month,No,mailed_check,56.22,2979.63,No
CUST-05064,Male,1,No,No,63,Yes,Yes,DSL,No internet service,No,No,Yes,No internet service,No internet service,one year,Yes,credit_card,36.7,2312.09,No
CUST-05065,Female,0,Yes,Yes,18,Yes,No,Fiber optic,Yes,No internet service,Yes,Yes,No internet service,No internet service,month-to-month,Yes,credit_card,124.58,2242.51,No
CUST-05066,Male,0,No,Yes,28,Yes,Yes,DSL,No,No,Yes,No internet service,No,No internet service,one year,Yes,electronic_check,61.66,1726.62,No
CUST-05067,Female,1,No,Yes,14,Yes,Yes,DSL,Yes,Yes,No,No internet service,No internet service,No,two year,Yes,bank_transfer,75.36,1054.97,No
CUST-05068,Male,0,No,No,20,Yes,Yes,DSL,No,No,No internet service,No,No internet service,No internet service,month-to-month,No,mailed_check,46.47,929.47,No
CUST-05069,Male,1,No,No,5,Yes,No,Fiber optic,Yes,No internet service,Yes,No,Yes,No internet service,month-to-month,No,bank_transfer,81.99,409.94,No
CUST-05070,Female,1,Yes,No,19,Yes,Yes,DSL,Yes,Yes,No internet service,No,No,No internet service,one year,Yes,bank_transfer,65.15,1237.83,No
CUST-05071,Male,1,No,Yes,30,Yes,Yes,No,No,No,No,No internet service,Yes,Yes,month-to-month,Yes,credit_card,6.54,196.15,No
CUST-05072,Female,1,Yes,No,35,Yes,No,Fiber optic,Yes,Yes,No,No internet service,Yes,No internet service,month-to-month,No,credit_card,134.04,4691.42,No
CUST-05073,Male,1,Yes,No,0,Yes,No,Fiber optic,Yes,No,No,No,Yes,No internet service,month-to-month,No,electronic_check,59.94,59.94,Yes
CUST-05074,Male,0,Yes,No,1,Yes,No,DSL,No internet service,Yes,No internet service,Yes,No internet service,Yes,month-to-month,Yes,electronic_check,67.03,67.03,Yes
CUST-05075,Male,1,Yes,Yes,43,Yes,Yes,Fiber optic,Yes,No internet service,No internet service,No,No internet service,No,two year,No,electronic_check,95.02,4085.97,No
CUST-05076,Female,1,No,Yes,40,Yes,Yes,No,Yes,No internet service,No,No,No internet service,No internet service,month-to-month,Yes,bank_transfer,7.42,296.66,No
CUST-05077,Male,1,No,No,41,Yes,No,Fiber optic,No,No internet service,No,No,No,No,month-to-month,No,electronic_check,83.25,3413.13,No
CUST-05078,Male,1,Yes,No,27,Yes,No,DSL,No internet service,No,No internet service,Yes,No,No,one year,No,electronic_check,85.26,2301.97,No
CUST-05079,Male,1,No,Yes,61,No,No phone service,DSL,No,Yes,No,No internet service,Yes,Yes,month-to-month,Yes,credit_card,65.35,3986.12,No
CUST-05080,Male,0,No,No,66,No,No phone service,DSL,No,No internet service,Yes,No,No,No internet service,two year,No,bank_transfer,53.57,3535.9,Yes
CUST-05081,Female,1,No,Yes,22,Yes,No,DSL,Yes,No internet service,Yes,No,No internet service,No internet service,two year,No,bank_transfer,49.89,1097.59,No
CUST-05082,Male,1,No,No,11,Yes,No,Fiber optic,Yes,No,No,No,No,No,month-to-month,No,mailed_check,92.41,1016.54,No
CUST-05083,Female,1,No,No,34,Yes,No,Fiber optic,No,No internet service,No,No internet service,No,Yes,month-to-month,No,electronic_check,81.44,2768.79,No
CUST-05084,Female,1,Yes,No,18,Yes,Yes,Fiber optic,No,No internet service,No,No,No,No,month-to-month,No,credit_card,109.78,1976.12,Yes
CUST-05085,Female,0,No,No,52,Yes,Yes,Fiber optic,Yes,Yes,Yes,No,Yes,No,one year,No,credit_card,85.46,4443.98,No
CUST-05086,Female,0,No,No,22,Yes,Yes,DSL,Yes,Yes,No,Yes,No,No internet service,month-to-month,No,electronic_check,46.6,1025.1,No
CUST-05087,Female,0,No,No,39,Yes,No,DSL,No,Yes,Yes,No internet service,No internet service,Yes,month-to-month,No,electronic_check,66.48,2592.85,Yes
CUST-05088,Male,0,No,Yes,50,Yes,Yes,No,No,Yes,No internet service,No internet service,No,Yes,month-to-month,No,credit_card,5.69,284.72,No
CUST-05089,Male,0,No,Yes,26,Yes,Yes,Fiber optic,Yes,Yes,No,No,Yes,No internet service,month-to-month,Yes,credit_card,94.66,2461.2,No
CUST-05090,Male,0,Yes,Yes,45,Yes,No,Fiber optic,Yes,Yes,Yes,No internet service,No,No,month-to-month,No,credit_card,87.14,3921.26,No
CUST-05091,Male,1,Yes,No,53,Yes,Yes,Fiber optic,Yes,No,No,Yes,No,No,month-to-month,Yes,credit_card,69.86,3702.77,No
CUST-05092,Female,1,No,Yes,30,Yes,No,DSL,No internet service,No,No,No,Yes,No internet service,month-to-month,Yes,electronic_check,32.38,971.37,Yes
CUST-05093,Male,0,No,No,6,Yes,No,Fiber optic,No internet service,No,No,No internet service,No internet service,No,one year,Yes,mailed_check,61.25,367.48,No
CUST-05094,Male,0,Yes,No,19,Yes,Yes,DSL,No,No internet service,No internet service,No,No,No,two year,Yes,bank_transfer,83.16,1580.12,No
CUST-05095,Female,0,No,No,42,No,No phone service,DSL,Yes,No internet service,Yes,Yes,No,Yes,month-to-month,Yes,electronic_check,36.74,1542.92,No
CUST-05096,Male,0,No,No,53,Yes,No,Fiber optic,No,No internet service,No internet service,No,No,No,month-to-month,Yes,mailed_check,68.08,3608.47,No
CUST-05097,Male,1,No,No,64,Yes,No,Fiber optic,Yes,Yes,No,No internet service,Yes,No,month-to-month,No,credit_card,74.85,4790.35,No
CUST-05098,Female,1,Yes,Yes,36,Yes,No,DSL,No,Yes,No internet service,No,No internet service,Yes,one year,Yes,electronic_check,65.2,2347.34,No
CUST-05099,Male,0,Yes,No,1,Yes,Yes,No,Yes,Yes,No internet service,No internet service,Yes,No internet service,month-to-month,Yes,bank_transfer,26.31,26.31,No
CUST-05100,Male,1,Yes,No,3,Yes,No,DSL,No internet service,No internet service,Yes,Yes,No internet service,Yes,month-to-month,Yes,credit_card,80.77,242.31,No
CUST-05101,Female,0,Yes,No,29,Yes,No,Fiber optic,No,Yes,No internet service,Yes,Yes,No,month-to-month,Yes,mailed_check,102.41,2969.77,No
CUST-05102,Female,0,Yes,Yes,4,Yes,No,Fiber optic,No internet service,No,No,No internet service,Yes,Yes,month-to-month,Yes,electronic_check,82.9,331.58,No
CUST-05103,Female,0,Yes,No,53,Yes,Yes,Fiber optic,No,No internet service,Yes,Yes,No internet service,No,two year,Yes,electronic_check,137.29,7276.61,No
CUST-05104,Female,1,Yes,No,36,No,No phone service,No,No,No,Yes,No internet service,No,No,month-to-month,No,electronic_check,14.44,519.67,Yes
CUST-05105,Male,1,No,No,21,Yes,Yes,DSL,No,No internet service,Yes,No,No,No,month-to-month,Yes,mailed_check,59.17,1242.47,No
CUST-05106,Female,0,No,Yes,63,Yes,No,Fiber optic,Yes,No internet service,Yes,No,Yes,No,two year,Yes,electronic_check,133.67,8421.23,No
CUST-05107,Female,0,Yes,Yes,25,Yes,No,Fiber optic,No,No internet service,Yes,No internet service,No,Yes,month-to-month,No,credit_card,59.79,1494.83,No
CUST-05108,Male,1,No,No,57,Yes,Yes,DSL,No internet service,No internet service,No,No,Yes,No,month-to-month,No,bank_transfer,35.11,2001.09,No
CUST-05109,Male,0,No,No,3,Yes,Yes,DSL,No,Yes,No,No internet service,No,Yes,two year,Yes,bank_transfer,60.28,180.83,No
CUST-05110,Female,1,No,Yes,21,Yes,Yes,Fiber optic,Yes,No,No internet service,Yes,No internet service,No internet service,one year,Yes,bank_transfer,91.13,1913.69,No
CUST-05111,Female,1,Yes,No,39,Yes,Yes,DSL,No internet service,No,No,No,No,No internet service,one year,No,mailed_check,38.54,1503.25,No
CUST-05112,Male,1,Yes,No,62,Yes,Yes,Fiber optic,No,Yes,No internet service,No,No,No internet service,month-to-month,Yes,mailed_check,74.23,4602.41,No
CUST-05113,Female,1,No,No,20,Yes,No,No,No,No internet service,No internet service,Yes,No internet service,No,month-to-month,Yes,mailed_check,4.92,98.49,Yes
CUST-05114,Male,0,Yes,No,14,Yes,No,No,Yes,No internet service,No,No,No,No internet service,month-to-month,Yes,bank_transfer,30.45,426.34,Yes
CUST-05115,Male,1,Yes,No,71,Yes,Yes,DSL,No,No internet service,Yes,No internet service,No internet service,No internet service,month-to-month,No,credit_card,52.94,3758.46,No
CUST-05116,Male,1,No,Yes,30,Yes,Yes,DSL,No,No,No,No internet service,Yes,No internet service,one year,No,bank_transfer,55.12,1653.54,No
CUST-05117,Male,0,Yes,Yes,67,Yes,No,Fiber optic,No internet service,Yes,No internet service,Yes,No internet service,No internet service,month-to-month,No,mailed_check,95.3,6384.88,No
CUST-05118,Female,0,Yes,No,32,Yes,No,DSL,No,No,No,Yes,Yes,No,one year,Yes,electronic_check,68.72,2199.11,No
CUST-05119,Male,1,No,No,14,Yes,No,No,Yes,No,No,No internet service,No internet service,No internet service,month-to-month,No,bank_transfer,12.42,173.84,Yes
CUST-05120,Female,1,No,Yes,4,Yes,No,DSL,No,No internet service,Yes,No,No,No,one year,No,bank_transfer,72.93,291.71,No
CUST-05121,Male,1,No,No,53,Yes,No,No,No,No,No,No internet service,Yes,No,month-to-month,No,mailed_check,13.82,732.63,No
CUST-05122,Female,0,No,No,62,Yes,No,No,No,No internet service,No internet service,No,No,Yes,month-to-month,Yes,electronic_check,12.61,781.53,No
CUST-05123,Male,0,No,No,51,Yes,No,Fiber optic,No,Yes,Yes,No,No internet service,Yes,one year,Yes,electronic_check,115.71,5901.37,No
CUST-05124,Female,1,Yes,No,12,Yes,Yes,Fiber optic,Yes,No,No,Yes,Yes,No,month-to-month,No,credit_card,123.35,1480.15,No
CUST-05125,Female,0,Yes,No,2,Yes,No,Fiber optic,No,No,No,Yes,Yes,No,month-to-month,No,bank_transfer,68.54,137.07,Yes
CUST-05126,Female,0,No,No,38,Yes,Yes,DSL,No internet service,No internet service,Yes,No,No internet service,No,one year,No,bank_transfer,86.5,3286.83,No
CUST-05127,Female,1,Yes,Yes,54,No,No phone service,DSL,No,No,Yes,No,No internet service,No,month-to-month,Yes,electronic_check,55.93,3020.22,No
CUST-05128,Female,1,Yes,Yes,65,Yes,No,Fiber optic,Yes,Yes,Yes,Yes,Yes,No,one year,Yes,electronic_check,104.96,6822.16,No
CUST-05129,Male,0,Yes,No,71,Yes,No,DSL,No,No,No,Yes,No,No internet service,month-to-month,No,mailed_check,43.29,3073.63,No
CUST-05130,Male,0,Yes,No,37,Yes,No,DSL,No,Yes,Yes,No,Yes,No internet service,month-to-month,Yes,electronic_check,46.68,1727.28,No
CUST-05131,Female,0,No,No,50,Yes,No,Fiber optic,No,No internet service,No,No,No,Yes,month-to-month,Yes,mailed_check,85.49,4274.49,No
CUST-05132,Male,0,Yes,No,44,Yes,No,Fiber optic,Yes,No internet service,No internet service,Yes,No,No,two year,Yes,electronic_check,105.8,4654.99,No
CUST-05133,Male,1,Yes,No,4,Yes,Yes,Fiber optic,Yes,No internet service,No internet service,No,No internet service,No,month-to-month,Yes,bank_transfer,129.04,516.15,Yes
CUST-05134,Male,1,No,No,35,Yes,No,Fiber optic,No internet service,No,No,No internet service,No internet service,No internet service,month-to-month,No,bank_transfer,93.35,3267.18,No
CUST-05135,Female,1,Yes,No,2,No,No phone service,DSL,No internet service,Yes,No,No,No internet service,No,month-to-month,Yes,electronic_check,33.28,66.56,No
CUST-05136,Female,1,No,Yes,9,Yes,No,DSL,Yes,No,No internet service,No,No internet service,No,two year,Yes,electronic_check,72.79,655.12,No
CUST-05137,Female,1,No,No,29,Yes,Yes,Fiber optic,No internet service,No,No,No internet service,Yes,Yes,one year,No,mailed_check,97.53,2828.23,No
CUST-05138,Male,0,No,No,5,Yes,Yes,No,No,No internet service,No internet service,No,Yes,No internet service,month-to-month,No,credit_card,24.88,124.38,No
CUST-05139,Male,0,No,No,66,Yes,Yes,DSL,No,No internet service,No internet service,No,No internet service,Yes,month-to-month,Yes,bank_transfer,53.62,3538.66,No
CUST-05140,Female,0,No,Yes,1,Yes,No,Fiber optic,Yes,No,No internet service,No,No internet service,No internet service,month-to-month,No,mailed_check,70.77,70.77,Yes
CUST-05141,Female,0,Yes,Yes,32,Yes,No,DSL,Yes,Yes,No internet service,Yes,No,Yes,two year,No,mailed_check,78.76,2520.28,No
CUST-05142,Female,0,No,Yes,68,No,No phone service,Fiber optic,No,Yes,No,No,Yes,No internet service,one year,Yes,electronic_check,66.31,4508.96,No
CUST-05143,Female,1,Yes,No,15,Yes,No,Fiber optic,Yes,No,No,No,No internet service,No,month-to-month,Yes,bank_transfer,73.92,1108.79,Yes
CUST-05144,Female,0,No,No,22,Yes,No,No,No internet service,Yes,No,No internet service,No internet service,No internet service,one year,Yes,credit_card,17.28,380.05,No
CUST-05145,Female,1,Yes,Yes,46,Yes,No,Fiber optic,No internet service,No,No internet service,No,Yes,No,one year,Yes,mailed_check,85.47,3931.62,No
CUST-05146,Male,0,Yes,No,69,Yes,No,Fiber optic,No,Yes,No,No,No,No,month-to-month,No,credit_card,100.76,6952.17,No
CUST-05147,Female,1,No,No,53,Yes,No,Fiber optic,No internet service,No,No,No,No internet service,Yes,two year,No,electronic_check,138.31,7330.21,No
CUST-05148,Female,0,Yes,No,63,Yes,No,Fiber optic,No internet service,No internet service,No internet service,No,No internet service,No internet service,month-to-month,Yes,electronic_check,110.95,6989.97,No
CUST-05149,Female,1,No,No,54,Yes,No,DSL,No internet service,No internet service,No,No,No,No,two year,Yes,bank_transfer,58.14,3139.57,No
CUST-05150,Female,1,Yes,No,63,Yes,No,Fiber optic,No,Yes,Yes,No,No internet service,No internet service,two year,Yes,electronic_check,147.03,9262.65,No
CUST-05151,Female,1,No,Yes,14,Yes,Yes,DSL,No,No internet service,No internet service,No,No,No,two year,Yes,electronic_check,72.28,1011.99,No
CUST-05152,Male,1,Yes,No,43,Yes,No,DSL,No,No,No internet service,No internet service,Yes,No internet service,month-to-month,Yes,electronic_check,61.74,2654.89,No
CUST-05153,Female,0,No,Yes,59,Yes,Yes,Fiber optic,Yes,Yes,No internet service,Yes,Yes,Yes,month-to-month,Yes,electronic_check,80.62,4756.36,No
CUST-05154,Female,1,No,Yes,35,Yes,Yes,DSL,Yes,No,No,No,No internet service,No,month-to-month,Yes,electronic_check,55.15,1930.17,No
CUST-05155,Female,1,Yes,No,28,Yes,Yes,No,No,Yes,No internet service,No internet service,No internet service,No internet service,one year,No,electronic_check,22.02,616.65,No
CUST-05156,Male,1,No,Yes,54,Yes,Yes,DSL,No internet service,No internet service,No internet service,No,No internet service,No,one year,Yes,credit_card,38.85,2097.66,No
CUST-05157,Female,0,No,No,4,Yes,Yes,Fiber optic,No internet service,No,No,No,No,Yes,month-to-month,Yes,electronic_check,85.56,342.23,Yes
CUST-05158,Male,0,No,Yes,11,Yes,No,DSL,Yes,No internet service,No,Yes,No internet service,No,one year,No,electronic_check,43.17,474.84,No
CUST-05159,Male,1,No,No,17,Yes,No,Fiber optic,Yes,No,No,No internet service,Yes,Yes,month-to-month,Yes,mailed_check,107.12,1821.01,Yes
CUST-05160,Male,0,Yes,Yes,60,Yes,No,DSL,Yes,No,No internet service,No internet service,Yes,Yes,two year,Yes,mailed_check,46.47,2788.4,No
CUST-05161,Female,0,Yes,No,67,Yes,Yes,Fiber optic,No,No,No,No,Yes,No,month-to-month,Yes,bank_transfer,87.67,5874.08,No
CUST-05162,Male,1,Yes,Yes,66,Yes,No,DSL,No,No internet service,No internet service,No internet service,No,Yes,one year,Yes,electronic_check,64.19,4236.46,No
CUST-05163,Male,1,No,No,40,No,No phone service,Fiber optic,No,Yes,No internet service,Yes,No internet service,No,two year,Yes,credit_card,126.82,5072.62,No
CUST-05164,Female,1,Yes,Yes,5,Yes,Yes,Fiber optic,No internet service,Yes,No internet service,Yes,No,No internet service,month-to-month,No,electronic_check,76.08,380.41,Yes
CUST-05165,Female,1,Yes,No,44,Yes,No,No,No,No,No,No internet service,Yes,Yes,two year,Yes,electronic_check,29.32,1290.15,No
CUST-05166,Male,1,No,Yes,1,Yes,Yes,DSL,Yes,No,No,Yes,No internet service,No internet service,two year,No,mailed_check,91.33,91.33,Yes
CUST-05167,Female,0,No,No,66,No,No phone service,DSL,Yes,No,No,No internet service,No,No internet service,one year,No,mailed_check,55.21,3644.13,No
CUST-05168,Female,1,No,No,55,No,No phone service,Fiber optic,No internet service,No internet service,Yes,No internet service,No,No,month-to-month,Yes,electronic_check,112.59,6192.5,No
CUST-05169,Male,0,No,Yes,22,Yes,Yes,Fiber optic,Yes,Yes,No internet service,No,No,Yes,month-to-month,Yes,mailed_check,86.97,1913.28,No
CUST-05170,Female,0,No,Yes,58,Yes,No,Fiber optic,No internet service,No internet service,No,No,No,No,two year,Yes,electronic_check,70.75,4103.52,No
CUST-05171,Male,0,No,No,30,Yes,No,DSL,No internet service,Yes,No internet service,Yes,No internet service,Yes,month-to-month,Yes,mailed_check,62.25,1867.57,No
CUST-05172,Female,1,Yes,Yes,12,Yes,No,DSL,Yes,No,Yes,No internet service,Yes,No internet service,one year,No,credit_card,72.39,868.7,No
CUST-05173,Male,1,No,Yes,45,Yes,No,DSL,No,No,Yes,Yes,No internet service,No,two year,No,electronic_check,70.78,3184.95,No
CUST-05174,Male,1,No,No,35,Yes,Yes,DSL,No internet service,No,No,No,No internet service,No,month-to-month,Yes,mailed_check,55.62,1946.76,No
CUST-05175,Female,0,No,No,40,Yes,Yes,Fiber optic,No,No internet service,No internet service,No,No internet service,No,month-to-month,No,mailed_check,69.82,2792.99,No
CUST-05176,Male,1,Yes,Yes,34,Yes,No,DSL,No internet service,No,Yes,No,No,No internet service,month-to-month,Yes,mailed_check,36.21,1231.13,No
CUST-05177,Female,1,Yes,No,31,Yes,No,No,Yes,Yes,No,No,No,No,two year,Yes,bank_transfer,37.64,1166.92,No
CUST-05178,Female,1,No,Yes,8,Yes,No,DSL,No internet service,No internet service,Yes,No internet service,Yes,Yes,two year,No,electronic_check,97.44,779.51,Yes
CUST-05179,Female,1,Yes,Yes,68,Yes,No,DSL,No,No,No,No,Yes,No,month-to-month,No,mailed_check,49.4,3359.3,No
CUST-05180,Female,0,No,Yes,49,Yes,Yes,Fiber optic,No internet service,Yes,Yes,No internet service,Yes,No,month-to-month,Yes,bank_transfer,62.37,3056.32,No
CUST-05181,Female,0,No,No,19,Yes,No,DSL,No,No,No internet service,Yes,No,No internet service,month-to-month,No,electronic_check,41.1,780.96,No
CUST-05182,Female,0,Yes,No,39,Yes,No,DSL,No internet service,No internet service,No,No internet service,No,Yes,month-to-month,Yes,bank_transfer,52.96,2065.5,No
CUST-05183,Male,0,Yes,No,19,Yes,Yes,DSL,No internet service,No,No,Yes,Yes,No,month-to-month,No,credit_card,77.05,1463.97,Yes
CUST-05184,Female,1,Yes,Yes,9,Yes,No,Fiber optic,No,No,No,Yes,Yes,No internet service,two year,Yes,credit_card,78.86,709.7,No
CUST-05185,Female,0,Yes,No,16,Yes,Yes,DSL,No,No,No,No internet service,No,No,month-to-month,Yes,mailed_check,53.75,859.96,No
CUST-05186,Female,0,Yes,No,1,Yes,No,No,Yes,No,No,Yes,No internet service,Yes,two year,No,mailed_check,34.06,34.06,No
CUST-05187,Female,1,Yes,No,49,Yes,No,DSL,No,Yes,Yes,Yes,Yes,No internet service,month-to-month,No,credit_card,55.31,2709.95,No
CUST-05188,Female,0,No,No,1,Yes,No,DSL,No internet service,Yes,No,No,Yes,No internet service,month-to-month,Yes,mailed_check,67.3,67.3,Yes
CUST-05189,Female,1,Yes,No,22,Yes,No,DSL,Yes,Yes,No,Yes,No,No internet service,one year,No,electronic_check,59.93,1318.42,No
CUST-05190,Male,0,Yes,Yes,27,Yes,No,No,Yes,No,No internet service,No,Yes,No,month-to-month,Yes,electronic_check,7.34,198.27,No
CUST-05191,Female,1,No,No,16,Yes,Yes,DSL,No internet service,No,No internet service,Yes,No,No,one year,Yes,electronic_check,72.98,1167.73,No
CUST-05192,Female,1,Yes,No,47,Yes,Yes,DSL,Yes,Yes,Yes,No internet service,No internet service,Yes,month-to-month,No,mailed_check,66.43,3122.05,No
CUST-05193,Female,1,Yes,No,17,Yes,No,Fiber optic,No,No,No internet service,No,Yes,No internet service,one year,No,credit_card,135.75,2307.74,No
CUST-05194,Female,1,No,No,55,Yes,Yes,DSL,No,No internet service,No,No internet service,No,No internet service,month-to-month,No,mailed_check,40.96,2252.54,No
CUST-05195,Male,0,No,Yes,12,Yes,Yes,Fiber optic,Yes,Yes,No internet service,No,No,Yes,month-to-month,Yes,electronic_check,96.76,1161.09,Yes
CUST-05196,Female,1,Yes,Yes,37,Yes,Yes,Fiber optic,Yes,Yes,Yes,No,No,No internet service,one year,Yes,mailed_check,86.87,3214.2,No
CUST-05197,Male,0,No,No,52,Yes,No,DSL,Yes,Yes,Yes,No internet service,No,No internet service,month-to-month,Yes,mailed_check,35.39,1840.32,No
CUST-05198,Male,1,Yes,Yes,52,Yes,Yes,DSL,Yes,No internet service,No,No internet service,No internet service,Yes,two year,Yes,electronic_check,79.61,4139.48,No
CUST-05199,Female,1,No,No,43,Yes,Yes,DSL,No internet service,No internet service,No,No internet service,No,Yes,two year,No,electronic_check,32.64,1403.62,No
CUST-05200,Female,0,Yes,Yes,5,Yes,No,DSL,Yes,No,No,No internet service,No,No,month-to-month,Yes,mailed_check,41.53,207.64,No
CUST-05201,Female,1,Yes,No,33,Yes,No,DSL,No internet service,No,No,No,Yes,No internet service,two year,Yes,credit_card,68.69,2266.8,No
CUST-05202,Female,1,Yes,No,59,Yes,Yes,No,No internet service,No,Yes,Yes,No internet service,Yes,month-to-month,Yes,electronic_check,26.42,1558.54,No
CUST-05203,Female,0,Yes,No,36,Yes,No,Fiber optic,No,No internet service,No internet service,No internet service,No,No internet service,month-to-month,No,electronic_check,73.89,2659.98,Yes
CUST-05204,Female,1,Yes,No,51,Yes,No,DSL,No,No,No,No,No internet service,Yes,month-to-month,No,electronic_check,68.39,3487.66,No
CUST-05205,Male,1,Yes,No,46,Yes,Yes,Fiber optic,Yes,Yes,No internet service,No internet service,No internet service,No,month-to-month,No,credit_card,93.25,4289.46,No
CUST-05206,Male,0,Yes,No,20,Yes,No,Fiber optic,No,Yes,No,No internet service,Yes,Yes,one year,Yes,electronic_check,88.08,1761.67,No
CUST-05207,Male,0,No,Yes,22,Yes,No,DSL,No,No internet service,No internet service,No,No,Yes,one year,No,bank_transfer,55.9,1229.77,No
CUST-05208,Male,1,Yes,No,30,Yes,No,DSL,No internet service,No,No,No,No,No internet service,month-to-month,No,electronic_check,47.7,1430.94,No
CUST-05209,Female,1,No,Yes,33,Yes,Yes,DSL,No internet service,No internet service,Yes,Yes,No,No,month-to-month,Yes,mailed_check,81.35,2684.43,No
CUST-05210,Male,1,No,No,47,Yes,No,No,Yes,No,No,Yes,Yes,No,month-to-month,Yes,credit_card,8.39,394.46,No
CUST-05211,Male,1,No,Yes,52,Yes,Yes,DSL,No internet service,No internet service,No internet service,Yes,No internet service,Yes,two year,Yes,credit_card,70.6,3671.21,No
CUST-05212,Female,0,Yes,No,12,Yes,No,Fiber optic,No internet service,No,No internet service,No,No internet service,No,month-to-month,Yes,credit_card,113.37,1360.39,Yes
CUST-05213,Male,0,Yes,No,35,Yes,No,DSL,No internet service,No,Yes,No,No,No,one year,No,electronic_check,74.21,2597.33,No
CUST-05214,Female,0,No,No,72,Yes,No,DSL,No internet service,No,No internet service,Yes,Yes,No internet service,month-to-month,Yes,electronic_check,72.3,5205.36,No
CUST-05215,Female,1,Yes,No,58,Yes,No,DSL,Yes,No internet service,No,Yes,Yes,Yes,month-to-month,Yes,electronic_check,34.1,1977.88,No
CUST-05216,Female,0,No,No,59,Yes,Yes,No,No,Yes,No,No,Yes,No internet service,month-to-month,No,credit_card,5.13,302.73,No
CUST-05217,Female,1,Yes,No,52,Yes,No,Fiber optic,No,No,No internet service,No,Yes,No,month-to-month,Yes,mailed_check,102.8,5345.56,No
CUST-05218,Female,0,Yes,No,65,Yes,Yes,DSL,No internet service,No,No,Yes,No internet service,No,one year,Yes,electronic_check,82.52,5364.09,No
CUST-05219,Female,1,No,Yes,44,Yes,No,Fiber optic,No,No,No internet service,No internet service,Yes,Yes,one year,No,electronic_check,118.41,5210.19,No
CUST-05220,Female,1,Yes,Yes,15,Yes,No,DSL,No internet service,No,Yes,Yes,No internet service,No internet service,two year,Yes,mailed_check,55.33,829.9,No
CUST-05221,Male,0,No,No,46,Yes,Yes,DSL,No internet service,No internet service,No internet service,No,Yes,No internet service,two year,Yes,electronic_check,69.75,3208.59,No
CUST-05222,Male,1,Yes,No,41,Yes,No,Fiber optic,No,Yes,No,No,No internet service,Yes,two year,Yes,credit_card,98.95,4056.82,No
CUST-05223,Male,1,Yes,No,60,Yes,No,Fiber optic,No,No,No,No internet service,Yes,No,month-to-month,Yes,bank_transfer,107.95,6477.18,No
CUST-05224,Female,1,No,No,0,Yes,No,DSL,No internet service,No internet service,No internet service,No,No internet service,Yes,month-to-month,Yes,electronic_check,32.67,32.67,Yes
CUST-05225,Female,1,No,Yes,32,Yes,No,Fiber optic,No,No,No internet service,No internet service,Yes,Yes,month-to-month,Yes,mailed_check,76.17,2437.43,No
CUST-05226,Male,0,Yes,Yes,1,Yes,No,Fiber optic,Yes,No,No internet service,No,Yes,No,one year,Yes,electronic_check,100.77,100.77,Yes
CUST-05227,Female,0,Yes,No,55,Yes,No,DSL,No,No,No,No internet service,No internet service,No,month-to-month,No,electronic_check,23.28,1280.53,No
CUST-05228,Female,1,No,Yes,65,Yes,No,Fiber optic,No internet service,No internet service,Yes,No internet service,Yes,No,one year,No,electronic_check,65.27,4242.34,No
CUST-05229,Female,1,No,No,17,Yes,Yes,DSL,No,Yes,No,No,No internet service,No internet service,month-to-month,Yes,credit_card,39.42,670.22,No
CUST-05230,Male,1,No,No,17,Yes,No,Fiber optic,No,Yes,No internet service,No,No,Yes,month-to-month,No,mailed_check,87.89,1494.2,No
CUST-05231,Male,1,Yes,No,65,Yes,No,Fiber optic,Yes,No internet service,No,Yes,No,No,month-to-month,Yes,credit_card,78.02,5071.26,No
CUST-05232,Male,0,No,Yes,38,Yes,Yes,DSL,No internet service,No,No internet service,No,Yes,No internet service,two year,No,electronic_check,85.37,3243.95,No
CUST-05233,Female,0,No,No,18,Yes,No,DSL,Yes,Yes,Yes,Yes,Yes,Yes,two year,No,electronic_check,83.74,1507.41,No
CUST-05234,Female,1,Yes,No,59,Yes,Yes,DSL,No,No internet service,No,No,Yes,Yes,month-to-month,Yes,credit_card,61.88,3650.88,No
CUST-05235,Male,1,No,No,61,Yes,Yes,Fiber optic,Yes,No,No,No,Yes,No,month-to-month,No,electronic_check,113.74,6937.9,Yes
CUST-05236,Male,0,Yes,Yes,62,Yes,No,DSL,No,No internet service,No internet service,Yes,No internet service,No,one year,Yes,electronic_check,49.65,3078.47,No
CUST-05237,Male,1,No,No,13,Yes,Yes,Fiber optic,No internet service,No internet service,Yes,No,No internet service,No,two year,Yes,bank_transfer,92.14,1197.86,No
CUST-05238,Male,0,Yes,No,44,Yes,Yes,Fiber optic,No,No,No,Yes,Yes,No,month-to-month,No,electronic_check,69.51,3058.35,No
CUST-05239,Female,1,No,No,60,Yes,Yes,DSL,No,Yes,No,Yes,No,Yes,one year,Yes,electronic_check,63.75,3825.19,No
CUST-05240,Male,1,Yes,Yes,42,No,No phone service,Fiber optic,Yes,No internet service,Yes,Yes,No,No internet service,one year,No,credit_card,110.25,4630.55,No
CUST-05241,Female,0,Yes,No,58,Yes,No,DSL,No,No,No,Yes,Yes,No,month-to-month,No,credit_card,62.73,3638.38,No
CUST-05242,Male,1,No,No,66,Yes,Yes,No,No,Yes,Yes,Yes,Yes,No,one year,Yes,electronic_check,31.66,2089.5,No
CUST-05243,Male,0,Yes,Yes,69,Yes,Yes,DSL,Yes,No internet service,No,No internet service,No internet service,No,two year,No,electronic_check,61.05,4212.49,No
CUST-05244,Male,1,Yes,No,9,Yes,Yes,No,No,Yes,No internet service,No,No internet service,Yes,one year,No,credit_card,16.2,145.8,No
CUST-05245,Male,0,No,No,16,Yes,No,Fiber optic,No,No internet service,No,No internet service,No,No,month-to-month,Yes,mailed_check,105.54,1688.62,Yes
CUST-05246,Male,0,No,No,62,Yes,No,DSL,Yes,No,Yes,No,No,No,month-to-month,Yes,electronic_check,37.29,2311.8,No
CUST-05247,Male,0,Yes,No,15,Yes,No,Fiber optic,Yes,No internet service,Yes,No internet service,No,No,month-to-month,No,mailed_check,109.03,1635.45,No
CUST-05248,Male,0,Yes,No,50,Yes,Yes,DSL,No,No,No internet service,No,No internet service,No internet service,month-to-month,Yes,credit_card,37.67,1883.41,No
CUST-05249,Male,0,Yes,No,31,Yes,No,Fiber optic,Yes,Yes,No,No,No,No,two year,No,credit_card,105.43,3268.27,No
CUST-05250,Female,1,Yes,No,20,Yes,Yes,DSL,No,No internet service,No,No,No,No,month-to-month,Yes,mailed_check,59.36,1187.13,No
CUST-05251,Female,1,No,No,56,Yes,No,Fiber optic,Yes,No internet service,No,No,Yes,Yes,month-to-month,Yes,credit_card,110.65,6196.18,No
CUST-05252,Female,0,No,No,45,Yes,No,Fiber optic,No,Yes,No,No,No internet service,No internet service,one year,No,credit_card,72.24,3250.95,No
CUST-05253,Female,1,Yes,Yes,66,Yes,Yes,Fiber optic,No internet service,No,No,No,Yes,No,one year,Yes,electronic_check,95.96,6333.44,No
CUST-05254,Female,0,No,No,33,Yes,No,DSL,No internet service,No,Yes,Yes,No internet service,No internet service,two year,Yes,electronic_check,89.14,2941.6,No
CUST-05255,Female,1,Yes,No,5,Yes,Yes,Fiber optic,No,No internet service,No internet service,No,No internet service,No,two year,Yes,credit_card,86.25,431.24,No
CUST-05256,Female,0,No,Yes,60,Yes,No,DSL,No,Yes,Yes,No internet service,No internet service,No,month-to-month,Yes,electronic_check,76.5,4590.05,No
CUST-05257,Female,0,Yes,No,31,Yes,Yes,Fiber optic,No,Yes,Yes,No,No internet service,No internet service,two year,Yes,electronic_check,96.3,2985.38,No
CUST-05258,Male,1,No,Yes,44,Yes,No,DSL,No internet service,No internet service,No internet service,No internet service,No internet service,No internet service,month-to-month,No,bank_transfer,53.72,2363.48,No
CUST-05259,Male,1,Yes,No,13,Yes,No,No,Yes,No,No,No internet service,No,No,one year,Yes,electronic_check,30.88,401.44,No
CUST-05260,Male,1,Yes,Yes,24,Yes,No,DSL,No,Yes,Yes,No,Yes,No,one year,Yes,mailed_check,81.78,1962.77,No
CUST-05261,Male,1,No,No,29,Yes,No,Fiber optic,Yes,Yes,No internet service,No internet service,Yes,Yes,month-to-month,Yes,electronic_check,85.09,2467.63,No
CUST-05262,Male,0,No,No,2,Yes,No,Fiber optic,No,Yes,No,No internet service,No internet service,No,month-to-month,No,credit_card,107.92,215.84,Yes
CUST-05263,Female,0,Yes,No,9,Yes,Yes,Fiber optic,No,Yes,Yes,No internet service,Yes,No,month-to-month,Yes,mailed_check,96.08,864.71,No
CUST-05264,Male,0,No,No,18,Yes,No,Fiber optic,Yes,No internet service,No,Yes,No internet service,No,month-to-month,Yes,electronic_check,85.22,1533.93,Yes
CUST-05265,Male,1,Yes,No,3,Yes,No,DSL,No,No internet service,No,No internet service,Yes,No internet service,one year,Yes,mailed_check,42.76,128.28,No
CUST-05266,Female,1,No,No,37,Yes,No,Fiber optic,Yes,Yes,No,No,No,Yes,month-to-month,Yes,mailed_check,91.02,3367.72,No
CUST-05267,Male,0,No,No,37,Yes,No,No,Yes,No internet service,Yes,No internet service,No,No internet service,one year,No,credit_card,7.23,267.54,No
CUST-05268,Male,0,Yes,Yes,13,Yes,Yes,Fiber optic,No,No,No internet service,Yes,No,Yes,month-to-month,No,electronic_check,117.02,1521.21,Yes
CUST-05269,Female,0,Yes,Yes,22,Yes,No,Fiber optic,No,No internet service,No internet service,No internet service,No,No internet service,month-to-month,Yes,credit_card,110.6,2433.13,No
CUST-05270,Female,1,Yes,No,65,Yes,Yes,Fiber optic,No internet service,Yes,No internet service,No,No,Yes,one year,No,bank_transfer,95.12,6182.61,No
CUST-05271,Female,0,No,No,29,Yes,No,DSL,No internet service,Yes,Yes,No internet service,No,No,two year,No,electronic_check,51.87,1504.27,No
CUST-05272,Male,1,No,No,3,Yes,Yes,Fiber optic,No,Yes,No,Yes,No,No,two year,Yes,bank_transfer,134.96,404.87,No
CUST-05273,Female,1,Yes,No,18,Yes,Yes,DSL,No internet service,Yes,No,Yes,No,Yes,two year,Yes,credit_card,63.79,1148.18,No
CUST-05274,Male,0,Yes,Yes,43,Yes,Yes,DSL,Yes,Yes,No internet service,No,No,No,one year,No,credit_card,79.14,3402.85,No
CUST-05275,Female,0,Yes,Yes,10,Yes,No,Fiber optic,No,No,No,No internet service,No,No,two year,Yes,electronic_check,86.3,863.01,No
CUST-05276,Male,1,No,No,7,Yes,No,DSL,No internet service,No,No internet service,Yes,No,Yes,one year,No,mailed_check,79.71,557.95,No
CUST-05277,Male,1,No,No,10,Yes,Yes,Fiber optic,No,No,No,No internet service,Yes,No,two year,No,mailed_check,122.07,1220.66,Yes
CUST-05278,Female,0,No,No,49,Yes,No,DSL,Yes,No,No,No internet service,No internet service,No internet service,two year,Yes,mailed_check,63.68,3120.54,No
CUST-05279,Male,1,No,Yes,11,Yes,No,DSL,No,Yes,No,No,No internet service,No,month-to-month,Yes,bank_transfer,60.17,661.92,Yes
CUST-05280,Female,1,No,No,59,Yes,No,Fiber optic,Yes,No internet service,No,No,No,Yes,month-to-month,No,credit_card,83.77,4942.42,No
CUST-05281,Male,0,Yes,Yes,57,Yes,No,DSL,No internet service,No,No,No,Yes,No,month-to-month,Yes,mailed_check,46.79,2666.91,No
CUST-05282,Male,0,No,No,13,Yes,Yes,Fiber optic,No,No,Yes,No,No internet service,No internet service,two year,Yes,mailed_check,75.91,986.78,No
CUST-05283,Female,1,Yes,Yes,19,Yes,No,DSL,No,Yes,Yes,No,No internet service,No,two year,No,bank_transfer,57.04,1083.84,No
CUST-05284,Female,0,No,Yes,48,Yes,Yes,Fiber optic,No internet service,Yes,No internet service,No,Yes,No internet service,month-to-month,Yes,mailed_check,125.34,6016.56,No
CUST-05285,Female,0,No,Yes,42,Yes,No,DSL,No internet service,No internet service,No,No internet service,No,No internet service,two year,Yes,bank_transfer,73.37,3081.6,No
CUST-05286,Female,0,No,No,2,No,No phone service,Fiber optic,No,No internet service,No internet service,No internet service,No internet service,Yes,month-to-month,Yes,mailed_check,75.21,150.41,Yes
CUST-05287,Male,0,Yes,No,17,Yes,No,Fiber optic,No,Yes,No internet service,No,No internet service,No internet service,two year,No,credit_card,112.03,1904.58,No
CUST-05288,Female,1,Yes,No,39,Yes,Yes,Fiber optic,No internet service,Yes,Yes,No,Yes,No,one year,Yes,electronic_check,97.2,3790.75,No
CUST-05289,Male,1,No,No,34,Yes,No,DSL,No,No,No,Yes,No internet service,No internet service,one year,No,electronic_check,66.96,2276.74,No
CUST-05290,Male,1,No,No,18,No,No phone service,DSL,No,No,No,No internet service,No,No,month-to-month,No,bank_transfer,59.06,1063.09,No
CUST-05291,Female,1,No,No,22,Yes,No,DSL,No,Yes,Yes,No internet service,Yes,No internet service,month-to-month,No,electronic_check,39.55,870.19,No
CUST-05292,Female,0,Yes,Yes,40,Yes,No,Fiber optic,No internet service,No,Yes,No,Yes,Yes,month-to-month,Yes,bank_transfer,79.07,3162.72,No
CUST-05293,Female,1,Yes,No,11,Yes,No,No,No,No internet service,No internet service,No internet service,No,No internet service,month-to-month,Yes,bank_transfer,11.27,123.92,Yes
CUST-05294,Male,1,Yes,Yes,1,Yes,No,Fiber optic,Yes,Yes,No internet service,Yes,No internet service,No,month-to-month,No,credit_card,104.38,104.38,Yes
CUST-05295,Female,1,Yes,No,26,Yes,No,Fiber optic,No,No,Yes,No internet service,No,No internet service,one year,No,electronic_check,91.89,2389.25,No
CUST-05296,Female,0,No,No,28,Yes,No,DSL,No,No internet service,Yes,Yes,Yes,No internet service,two year,Yes,credit_card,51.44,1440.27,No
CUST-05297,Male,1,No,No,37,Yes,Yes,No,No,Yes,Yes,No internet service,Yes,Yes,two year,No,mailed_check,32.5,1202.64,No
CUST-05298,Male,0,Yes,No,29,Yes,No,Fiber optic,No internet service,No internet service,Yes,No,No internet service,No internet service,two year,No,mailed_check,85.26,2472.55,No
CUST-05299,Female,0,Yes,No,7,Yes,No,Fiber optic,No internet service,No,No internet service,No internet service,No,No,month-to-month,No,electronic_check,98.78,691.45,Yes
CUST-05300,Female,0,No,Yes,13,Yes,Yes,Fiber optic,No,No,Yes,Yes,No internet service,No,two year,No,credit_card,134.03,1742.41,No
CUST-05301,Female,1,No,No,29,Yes,No,DSL,No internet service,No,No internet service,Yes,Yes,Yes,one year,No,electronic_check,61.06,1770.8,No
CUST-05302,Male,1,Yes,No,41,Yes,No,DSL,Yes,Yes,Yes,No,No,No,two year,No,credit_card,51.32,2104.02,No
CUST-05303,Female,0,No,No,11,Yes,No,Fiber optic,No internet service,No,Yes,Yes,No,Yes,month-to-month,No,mailed_check,109.32,1202.54,No
CUST-05304,Female,1,Yes,Yes,28,Yes,Yes,DSL,No internet service,Yes,Yes,Yes,No internet service,No,two year,Yes,credit_card,62.96,1762.99,No
CUST-05305,Male,0,No,Yes,35,Yes,No,DSL,Yes,No internet service,No internet service,Yes,Yes,No,month-to-month,Yes,bank_transfer,39.19,1371.61,No
CUST-05306,Female,1,No,No,24,Yes,Yes,No,No internet service,Yes,Yes,No,No,No internet service,month-to-month,Yes,credit_card,33.47,803.3,Yes
CUST-05307,Female,0,Yes,No,10,Yes,No,Fiber optic,Yes,Yes,Yes,Yes,Yes,No,month-to-month,No,credit_card,103.79,1037.87,No
CUST-05308,Male,0,No,No,70,Yes,No,DSL,No internet service,No,Yes,No internet service,Yes,No,two year,Yes,credit_card,61.39,4297.58,No
CUST-05309,Female,1,No,Yes,11,Yes,No,Fiber optic,No internet service,No,No internet service,No,No internet service,No,month-to-month,No,electronic_check,93.4,1027.36,Yes
CUST-05310,Male,0,No,Yes,7,Yes,Yes,Fiber optic,Yes,No,Yes,No,No,Yes,month-to-month,Yes,electronic_check,112.73,789.14,Yes
CUST-05311,Female,1,Yes,No,0,Yes,No,DSL,No,Yes,No,No internet service,No internet service,No,month-to-month,Yes,credit_card,45.57,45.57,No
CUST-05312,Male,0,No,No,69,Yes,Yes,DSL,Yes,No,Yes,Yes,No internet service,No internet service,one year,Yes,mailed_check,77.57,5352.23,No
CUST-05313,Female,0,No,No,36,Yes,Yes,DSL,No internet service,No internet service,Yes,No internet service,No,No internet service,month-to-month,Yes,bank_transfer,64.85,2334.57,No
CUST-05314,Female,0,No,No,23,Yes,No,No,No internet service,No internet service,No internet service,Yes,No,No,month-to-month,Yes,electronic_check,10.44,240.05,No
CUST-05315,Male,0,No,Yes,28,Yes,Yes,No,No,No internet service,No,No internet service,No internet service,Yes,month-to-month,Yes,bank_transfer,36.46,1021.01,No
CUST-05316,Female,0,Yes,No,44,Yes,Yes,DSL,Yes,No internet service,No,Yes,Yes,Yes,month-to-month,No,electronic_check,74.44,3275.34,No
CUST-05317,Male,1,No,Yes,57,Yes,No,Fiber optic,Yes,No internet service,No,No internet service,No,No internet service,month-to-month,No,bank_transfer,100.14,5708.2,No
CUST-05318,Male,1,No,Yes,47,Yes,No,DSL,Yes,No,Yes,No,Yes,No,month-to-month,Yes,mailed_check,65.95,3099.78,No
CUST-05319,Male,0,No,Yes,19,No,No phone service,DSL,No internet service,No internet service,No internet service,Yes,No internet service,No internet service,one year,Yes,mailed_check,75.11,1427.16,No
CUST-05320,Female,1,Yes,No,8,Yes,Yes,Fiber optic,Yes,No internet service,Yes,No internet service,Yes,No,two year,No,credit_card,99.44,795.48,No
CUST-05321,Male,1,No,Yes,56,No,No phone service,Fiber optic,No,Yes,No internet service,No,Yes,No internet service,two year,Yes,electronic_check,126.71,7095.56,No
CUST-05322,Female,0,No,No,24,Yes,No,DSL,No internet service,No,No internet service,Yes,Yes,No internet service,one year,Yes,mailed_check,75.15,1803.69,No
CUST-05323,Female,0,Yes,No,31,Yes,No,No,Yes,No,No,No,Yes,No,month-to-month,No,electronic_check,12.79,396.34,Yes
CUST-05324,Male,1,Yes,Yes,18,Yes,Yes,DSL,No,No internet service,No internet service,No internet service,No internet service,No,month-to-month,No,bank_transfer,70.24,1264.35,No
CUST-05325,Male,1,Yes,No,70,Yes,No,Fiber optic,No internet service,No,No,No,No,No internet service,two year,No,electronic_check,119.37,8355.57,No
CUST-05326,Female,1,No,No,16,Yes,Yes,Fiber optic,No,No,No internet service,No internet service,Yes,Yes,two year,Yes,electronic_check,74.25,1187.97,No
CUST-05327,Female,1,No,Yes,52,Yes,Yes,Fiber optic,Yes,Yes,No,No,No internet service,No internet service,month-to-month,Yes,credit_card,113.16,5884.13,No
CUST-05328,Male,0,Yes,No,22,Yes,Yes,Fiber optic,No,No,No,No,No,No internet service,month-to-month,Yes,mailed_check,68.56,1508.36,No
CUST-05329,Male,0,No,No,42,Yes,Yes,DSL,No,Yes,No internet service,No internet service,No,No,one year,No,electronic_check,40.09,1683.97,No
CUST-05330,Male,1,Yes,No,27,Yes,Yes,DSL,Yes,Yes,No,No internet service,Yes,No internet service,month-to-month,No,credit_card,23.07,622.91,No
CUST-05331,Male,0,No,No,13,Yes,Yes,No,No,No,Yes,No,No,Yes,month-to-month,No,mailed_check,11.49,149.36,No
CUST-05332,Male,0,Yes,Yes,32,Yes,No,Fiber optic,No,Yes,No,No,Yes,No internet service,one year,No,credit_card,99.18,3173.81,No
CUST-05333,Female,1,No,Yes,12,Yes,No,DSL,No,No,No,Yes,No internet service,Yes,one year,No,electronic_check,38.13,457.62,No
CUST-05334,Female,0,Yes,Yes,61,Yes,Yes,Fiber optic,No,No,No internet service,Yes,Yes,No internet service,two year,No,electronic_check,137.03,8359.07,No
CUST-05335,Male,1,Yes,Yes,72,No,No phone service,DSL,No internet service,No internet service,Yes,No internet service,Yes,No internet service,two year,Yes,electronic_check,92.87,6686.54,Yes
CUST-05336,Male,1,No,No,66,Yes,Yes,Fiber optic,No,No,No,No,No,No,month-to-month,Yes,electronic_check,93.6,6177.48,No
CUST-05337,Female,0,Yes,Yes,10,Yes,Yes,Fiber optic,Yes,No,No internet service,Yes,No internet service,Yes,one year,Yes,credit_card,71.68,716.8,No
CUST-05338,Male,1,No,No,13,Yes,Yes,DSL,Yes,No,No,No,No,No,one year,Yes,credit_card,58.05,754.71,No
CUST-05339,Male,1,Yes,No,17,Yes,No,DSL,Yes,Yes,Yes,No,No internet service,Yes,two year,No,electronic_check,60.91,1035.49,No
CUST-05340,Male,0,Yes,No,43,Yes,Yes,Fiber optic,Yes,No internet service,No,No internet service,No,Yes,month-to-month,No,electronic_check,90.9,3908.73,No
CUST-05341,Female,0,Yes,No,12,Yes,Yes,DSL,No,Yes,No internet service,Yes,No,Yes,month-to-month,Yes,electronic_check,76.51,918.09,No
CUST-05342,Female,1,No,Yes,33,Yes,No,No,No internet service,No,No,No,Yes,No,month-to-month,No,electronic_check,33.62,1109.61,No
CUST-05343,Male,1,Yes,No,13,Yes,No,DSL,No,No,No,No internet service,No,No,two year,Yes,bank_transfer,67.1,872.33,No
CUST-05344,Male,1,No,No,16,Yes,Yes,DSL,Yes,No,Yes,No internet service,No internet service,No internet service,month-to-month,Yes,electronic_check,42.76,684.17,No
CUST-05345,Male,1,Yes,Yes,11,Yes,No,DSL,No internet service,No,Yes,No internet service,No,No,one year,No,bank_transfer,81.55,897.02,No
CUST-05346,Female,1,No,No,36,Yes,No,DSL,Yes,No internet service,No,No,No internet service,Yes,month-to-month,No,mailed_check,41.09,1479.37,No
CUST-05347,Male,1,Yes,No,45,Yes,No,No,Yes,No,No,No internet service,No,No internet service,month-to-month,Yes,credit_card,4.31,194.11,No
CUST-05348,Male,1,Yes,No,34,Yes,Yes,DSL,Yes,Yes,Yes,No,Yes,No internet service,month-to-month,Yes,electronic_check,48.61,1652.67,No
CUST-05349,Male,0,No,No,15,Yes,No,Fiber optic,No,Yes,No,No,Yes,Yes,month-to-month,No,credit_card,82.93,1244.02,Yes
CUST-05350,Male,1,No,No,27,Yes,No,Fiber optic,No internet service,No internet service,No,No internet service,No internet service,No,two year,Yes,credit_card,72.0,1944.0,No
CUST-05351,Male,1,No,No,8,Yes,No,DSL,Yes,No internet service,No,No,No,No internet service,one year,Yes,electronic_check,52.6,420.83,Yes
CUST-05352,Female,0,No,No,46,Yes,Yes,DSL,No,Yes,Yes,No,No,Yes,month-to-month,Yes,electronic_check,79.55,3659.1,No
CUST-05353,Female,0,Yes,No,72,Yes,No,DSL,No internet service,No,Yes,No,Yes,No,month-to-month,Yes,electronic_check,31.4,2261.02,No
CUST-05354,Female,1,Yes,No,20,Yes,Yes,DSL,Yes,No,No,Yes,No,Yes,two year,Yes,electronic_check,73.34,1466.78,No
CUST-05355,Female,0,Yes,No,50,Yes,No,Fiber optic,No internet service,No internet service,No,No,Yes,No internet service,one year,Yes,mailed_check,115.88,5793.93,No
CUST-05356,Female,0,Yes,No,21,Yes,Yes,Fiber optic,Yes,No internet service,Yes,Yes,Yes,No internet service,month-to-month,Yes,mailed_check,79.25,1664.23,Yes
CUST-05357,Female,0,No,No,53,Yes,No,Fiber optic,No internet service,No internet service,Yes,No,Yes,No internet service,two year,No,mailed_check,135.14,7162.61,No
CUST-05358,Male,0,Yes,No,27,Yes,No,Fiber optic,No,No,No internet service,No internet service,No,Yes,month-to-month,Yes,credit_card,83.36,2250.79,No
CUST-05359,Male,1,Yes,Yes,4,Yes,Yes,Fiber optic,Yes,Yes,No,No,Yes,Yes,month-to-month,Yes,electronic_check,99.5,398.01,No
CUST-05360,Female,1,No,No,46,Yes,No,DSL,Yes,Yes,Yes,No internet service,Yes,Yes,month-to-month,Yes,electronic_check,64.25,2955.44,Yes
CUST-05361,Female,1,Yes,Yes,64,Yes,No,DSL,Yes,No internet service,Yes,No internet service,No,No internet service,month-to-month,Yes,credit_card,89.52,5729.07,No
CUST-05362,Female,0,No,Yes,71,Yes,Yes,DSL,Yes,Yes,Yes,No internet service,No internet service,No internet service,month-to-month,Yes,electronic_check,38.56,2737.82,No
CUST-05363,Female,0,Yes,No,14,No,No phone service,Fiber optic,No,No internet service,Yes,No,No,Yes,month-to-month,Yes,bank_transfer,130.33,1824.68,No
CUST-05364,Female,0,No,No,30,Yes,Yes,DSL,No internet service,No,Yes,No internet service,Yes,No,month-to-month,Yes,credit_card,48.3,1449.11,No
CUST-05365,Female,0,Yes,Yes,63,Yes,No,Fiber optic,No,Yes,No,No internet service,No internet service,No internet service,one year,No,electronic_check,97.49,6141.74,No
CUST-05366,Female,1,Yes,No,35,Yes,No,Fiber optic,Yes,Yes,No,No,No,No,month-to-month,Yes,bank_transfer,65.51,2292.89,No
CUST-05367,Male,1,No,No,37,Yes,No,Fiber optic,No,No,No,No,No,No internet service,month-to-month,Yes,electronic_check,102.37,3787.82,Yes
CUST-05368,Female,0,Yes,No,12,Yes,Yes,Fiber optic,No,No internet service,Yes,No internet service,No,No internet service,month-to-month,Yes,electronic_check,105.8,1269.58,Yes
CUST-05369,Male,1,Yes,No,21,Yes,No,Fiber optic,No,No,No internet service,No,No,Yes,month-to-month,No,mailed_check,79.43,1668.07,No
CUST-05370,Female,1,Yes,No,25,Yes,Yes,No,No internet service,Yes,Yes,No,No,Yes,month-to-month,Yes,electronic_check,8.55,213.78,No
CUST-05371,Male,1,No,Yes,30,Yes,Yes,Fiber optic,No internet service,No,No,No,Yes,No internet service,one year,No,mailed_check,83.01,2490.27,No
CUST-05372,Female,0,No,No,68,Yes,Yes,DSL,Yes,No internet service,No,No,No internet service,No,month-to-month,No,credit_card,46.74,3178.36,No
CUST-05373,Male,0,No,No,71,No,No phone service,DSL,Yes,No,No internet service,No,Yes,No internet service,month-to-month,Yes,electronic_check,54.18,3847.11,No
CUST-05374,Female,1,No,No,63,Yes,No,Fiber optic,No internet service,No,Yes,No,No,No,month-to-month,No,credit_card,77.6,4888.96,No
CUST-05375,Female,0,Yes,No,32,Yes,No,Fiber optic,Yes,No,Yes,No,Yes,No internet service,two year,Yes,electronic_check,126.74,4055.59,No
CUST-05376,Female,0,No,No,62,Yes,No,DSL,No internet service,Yes,No,No,Yes,No,one year,Yes,electronic_check,73.44,4553.33,No
CUST-05377,Female,1,No,No,36,No,No phone service,Fiber optic,No,No internet service,No,No,No internet service,No,two year,No,bank_transfer,98.36,3540.91,No
CUST-05378,Female,1,Yes,No,69,Yes,No,Fiber optic,No internet service,No,No,No,No internet service,No,month-to-month,No,credit_card,112.15,7738.3,No
CUST-05379,Male,0,Yes,Yes,15,Yes,No,DSL,No internet service,No,Yes,No internet service,Yes,No internet service,month-to-month,Yes,electronic_check,38.14,572.11,No
CUST-05380,Female,1,No,No,41,Yes,Yes,DSL,No,No,No internet service,No internet service,No internet service,No,month-to-month,Yes,electronic_check,63.15,2589.25,No
CUST-05381,Male,0,Yes,No,53,Yes,No,Fiber optic,No,No internet service,Yes,No internet service,No,Yes,month-to-month,No,electronic_check,115.71,6132.57,No
CUST-05382,Female,0,Yes,Yes,30,Yes,No,Fiber optic,No internet service,No,No,No internet service,Yes,No internet service,two year,Yes,bank_transfer,104.08,3122.39,No
CUST-05383,Male,0,No,No,40,Yes,Yes,DSL,Yes,Yes,No internet service,No,Yes,No internet service,month-to-month,No,bank_transfer,46.86,1874.23,No
CUST-05384,Female,0,Yes,No,49,Yes,Yes,DSL,No,No,No,No,No internet service,No internet service,month-to-month,No,electronic_check,26.54,1300.3,No
CUST-05385,Female,1,No,No,9,Yes,No,DSL,No,No,Yes,No internet service,No,No,month-to-month,Yes,bank_transfer,69.24,623.13,No
CUST-05386,Female,1,No,No,48,Yes,No,No,No internet service,Yes,No,No,Yes,No,month-to-month,Yes,bank_transfer,30.97,1486.42,No
CUST-05387,Female,1,Yes,Yes,59,Yes,Yes,Fiber optic,No internet service,No,No internet service,Yes,No,No internet service,month-to-month,Yes,mailed_check,119.91,7074.55,No
CUST-05388,Female,1,No,Yes,62,Yes,No,DSL,No,No internet service,No,No internet service,No,No,one year,No,bank_transfer,75.05,4653.0,No
CUST-05389,Male,1,No,No,19,Yes,Yes,Fiber optic,No,No,Yes,Yes,No internet service,No internet service,month-to-month,Yes,mailed_check,76.44,1452.34,Yes
CUST-05390,Female,1,Yes,No,27,Yes,No,No,Yes,No internet service,No,No internet service,No internet service,No,two year,No,mailed_check,46.08,1244.19,No
CUST-05391,Female,1,Yes,No,14,Yes,Yes,Fiber optic,No internet service,No,No,No,No,No,month-to-month,Yes,bank_transfer,79.44,1112.14,Yes
CUST-05392,Male,1,Yes,No,58,Yes,Yes,DSL,Yes,Yes,Yes,No internet service,Yes,Yes,two year,No,bank_transfer,46.31,2686.21,No
CUST-05393,Female,1,No,No,27,Yes,No,Fiber optic,Yes,No internet service,No,No,No,No internet service,one year,Yes,mailed_check,102.38,2764.15,No
CUST-05394,Male,1,No,No,19,Yes,No,Fiber optic,No,Yes,No internet service,Yes,No,Yes,one year,Yes,electronic_check,74.23,1410.33,No
CUST-05395,Male,0,Yes,Yes,8,Yes,No,Fiber optic,No,No internet service,No,No,No,No internet service,month-to-month,No,mailed_check,93.48,747.85,Yes
CUST-05396,Male,0,No,No,31,Yes,No,No,No internet service,No internet service,Yes,No internet service,No internet service,No,two year,Yes,mailed_check,23.18,718.57,No
CUST-05397,Female,0,No,No,2,Yes,No,Fiber optic,No,Yes,No internet service,No internet service,No internet service,No,two year,No,mailed_check,105.34,210.67,No
CUST-05398,Male,1,Yes,No,28,Yes,Yes,DSL,No,No internet service,Yes,Yes,No,No internet service,month-to-month,No,electronic_check,56.88,1592.68,No
CUST-05399,Male,0,Yes,No,23,Yes,Yes,Fiber optic,No,No internet service,No internet service,No internet service,Yes,Yes,month-to-month,Yes,bank_transfer,117.24,2696.58,No
CUST-05400,Male,0,No,Yes,9,Yes,No,Fiber optic,Yes,No,No,Yes,No,No internet service,one year,No,credit_card,78.98,710.81,No
CUST-05401,Female,0,Yes,No,30,Yes,No,Fiber optic,No internet service,No,Yes,No,No,No,one year,Yes,bank_transfer,98.79,2963.71,No
CUST-05402,Female,1,Yes,No,58,No,No phone service,Fiber optic,No,No,No internet service,No,Yes,No,month-to-month,No,electronic_check,107.48,6233.98,No
CUST-05403,Male,0,No,No,21,No,No phone service,DSL,Yes,No internet service,No,No,No internet service,No internet service,one year,Yes,electronic_check,48.27,1013.65,No
CUST-05404,Male,1,Yes,No,9,Yes,No,Fiber optic,No internet service,No,No,No internet service,No,No internet service,one year,Yes,electronic_check,87.87,790.86,Yes
CUST-05405,Male,1,No,No,17,Yes,Yes,DSL,No internet service,Yes,No internet service,No internet service,No,No internet service,month-to-month,Yes,bank_transfer,76.76,1304.96,No
CUST-05406,Female,0,Yes,No,40,Yes,No,No,Yes,No internet service,No,Yes,Yes,No,month-to-month,No,mailed_check,23.58,943.32,No
CUST-05407,Male,1,Yes,No,57,Yes,Yes,Fiber optic,No,No,No,Yes,No internet service,No internet service,month-to-month,Yes,bank_transfer,107.32,6117.39,No
CUST-05408,Female,0,Yes,Yes,71,Yes,No,DSL,Yes,No,No internet service,No internet service,No,Yes,one year,No,mailed_check,54.11,3841.78,No
CUST-05409,Female,0,Yes,No,45,Yes,Yes,DSL,No internet service,No,No,No internet service,No,Yes,one year,Yes,electronic_check,47.57,2140.6,No
CUST-05410,Male,0,Yes,Yes,51,Yes,No,DSL,No,Yes,No internet service,No internet service,No internet service,No,one year,Yes,electronic_check,87.81,4478.31,No
CUST-05411,Female,0,No,Yes,19,Yes,No,DSL,No,No internet service,No internet service,No,No,Yes,month-to-month,Yes,electronic_check,49.78,945.76,No
CUST-05412,Female,1,No,No,35,Yes,No,Fiber optic,No,No,No internet service,Yes,No,No,two year,Yes,credit_card,140.27,4909.38,No
CUST-05413,Female,0,Yes,No,11,No,No phone service,Fiber optic,Yes,Yes,No internet service,No,No,Yes,one year,No,electronic_check,102.58,1128.41,No
CUST-05414,Male,1,No,No,17,Yes,No,DSL,No,No,No,No,Yes,No internet service,two year,No,electronic_check,66.84,1136.3,No
CUST-05415,Female,1,No,No,70,Yes,No,No,No,No internet service,Yes,No internet service,No internet service,Yes,month-to-month,No,mailed_check,1.53,106.75,No
CUST-05416,Female,0,Yes,No,5,Yes,Yes,DSL,No,No,No,No internet service,No,No,month-to-month,No,electronic_check,78.87,394.36,Yes
CUST-05417,Female,1,No,No,41,Yes,No,Fiber optic,No,Yes,No internet service,No,No internet service,No,two year,Yes,electronic_check,85.17,3491.95,No
CUST-05418,Female,0,No,No,69,Yes,No,DSL,Yes,Yes,No,No internet service,No internet service,Yes,month-to-month,Yes,credit_card,77.46,5345.0,No
CUST-05419,Male,1,Yes,Yes,5,Yes,Yes,Fiber optic,No internet service,No internet service,No,No internet service,Yes,No internet service,month-to-month,Yes,electronic_check,111.53,557.66,No
CUST-05420,Male,1,Yes,No,13,Yes,No,Fiber optic,No internet service,Yes,No,Yes,No internet service,No,month-to-month,Yes,mailed_check,82.27,1069.53,No
CUST-05421,Female,0,No,Yes,35,Yes,Yes,DSL,Yes,No,No,No internet service,Yes,No internet service,month-to-month,No,electronic_check,68.6,2401.17,No
CUST-05422,Male,0,Yes,No,24,Yes,No,DSL,No,No,No,No,No internet service,No internet service,month-to-month,Yes,mailed_check,45.49,1091.81,No
CUST-05423,Male,1,No,No,70,Yes,Yes,Fiber optic,No,No,No,No,No,Yes,month-to-month,Yes,electronic_check,103.8,7265.87,No
CUST-05424,Female,0,Yes,Yes,9,No,No phone service,DSL,Yes,No,No internet service,No internet service,No internet service,No,one year,Yes,bank_transfer,81.8,736.18,No
CUST-05425,Male,1,Yes,No,27,Yes,Yes,No,Yes,No,Yes,Yes,No,Yes,month-to-month,Yes,credit_card,4.54,122.61,No
CUST-05426,Male,0,Yes,Yes,1,Yes,No,DSL,Yes,No,Yes,No,Yes,Yes,month-to-month,Yes,mailed_check,38.46,38.46,No
CUST-05427,Female,1,No,No,67,Yes,No,DSL,No,Yes,No internet service,No,Yes,No,one year,Yes,bank_transfer,82.19,5506.55,No
CUST-05428,Male,1,No,No,19,No,No phone service,DSL,Yes,No internet service,No internet service,No internet service,No,No internet service,month-to-month,Yes,credit_card,48.4,919.56,No
CUST-05429,Male,1,No,No,52,Yes,Yes,DSL,No,No,No,No internet service,No,No internet service,month-to-month,No,electronic_check,49.59,2578.51,No
CUST-05430,Male,1,Yes,Yes,43,Yes,Yes,Fiber optic,No internet service,Yes,No internet service,No,No,Yes,month-to-month,No,bank_transfer,104.89,4510.21,No
CUST-05431,Male,1,No,No,5,Yes,Yes,Fiber optic,No,No internet service,Yes,No,Yes,No,two year,Yes,mailed_check,94.89,474.47,No
CUST-05432,Male,1,No,Yes,40,Yes,Yes,DSL,No,No internet service,Yes,No,No internet service,No,two year,Yes,bank_transfer,77.29,3091.66,No
CUST-05433,Female,1,No,No,18,Yes,Yes,Fiber optic,Yes,No internet service,No,No,Yes,Yes,month-to-month,Yes,electronic_check,125.05,2250.96,No
CUST-05434,Female,1,No,Yes,61,Yes,No,No,No internet service,No internet service,No,Yes,No,No internet service,month-to-month,No,bank_transfer,7.94,484.06,No
CUST-05435,Female,0,No,No,0,Yes,No,DSL,No,No internet service,No internet service,Yes,No internet service,No,month-to-month,No,credit_card,50.76,50.76,Yes
CUST-05436,Male,1,No,No,27,Yes,No,DSL,Yes,No internet service,No internet service,No internet service,Yes,No internet service,month-to-month,No,electronic_check,51.23,1383.34,No
CUST-05437,Female,0,No,Yes,0,No,No phone service,Fiber optic,No,Yes,No internet service,No internet service,No internet service,No,two year,Yes,electronic_check,79.51,79.51,No
CUST-05438,Female,1,Yes,Yes,69,No,No phone service,No,No,No,No,No internet service,Yes,No internet service,one year,No,mailed_check,27.46,1894.44,No
CUST-05439,Male,0,Yes,Yes,71,Yes,No,Fiber optic,Yes,Yes,No internet service,No internet service,Yes,No internet service,month-to-month,Yes,electronic_check,103.8,7369.56,No
CUST-05440,Female,0,Yes,Yes,57,No,No phone service,DSL,No internet service,Yes,No internet service,No,No internet service,No,month-to-month,No,mailed_check,62.24,3547.71,No
CUST-05441,Female,1,Yes,No,51,Yes,No,DSL,No internet service,No,No,No,Yes,No,month-to-month,No,mailed_check,63.86,3257.07,No
CUST-05442,Female,1,Yes,No,15,Yes,No,Fiber optic,No,Yes,No,No internet service,No,Yes,one year,No,mailed_check,131.16,1967.41,No
CUST-05443,Male,0,No,No,72,Yes,No,Fiber optic,No internet service,No internet service,Yes,No internet service,No internet service,No internet service,month-to-month,Yes,electronic_check,132.69,9553.7,No
CUST-05444,Female,1,Yes,Yes,54,Yes,No,Fiber optic,No internet service,Yes,No,No internet service,No internet service,No internet service,one year,No,electronic_check,126.75,6844.67,No
CUST-05445,Male,0,No,No,3,Yes,Yes,No,Yes,Yes,Yes,No,No internet service,No,one year,No,electronic_check,12.38,37.13,No
CUST-05446,Female,1,No,No,9,Yes,Yes,Fiber optic,No internet service,No internet service,No internet service,No internet service,No,Yes,month-to-month,Yes,credit_card,79.05,711.43,Yes
CUST-05447,Female,0,Yes,Yes,63,Yes,No,DSL,No internet service,No,No,No internet service,No internet service,No,one year,Yes,credit_card,90.72,5715.05,No
CUST-05448,Female,1,Yes,No,16,Yes,Yes,Fiber optic,No,No internet service,Yes,Yes,No internet service,No internet service,one year,Yes,credit_card,127.43,2038.9,No
CUST-05449,Female,0,No,No,37,Yes,No,DSL,No,No internet service,No,Yes,Yes,No,month-to-month,Yes,electronic_check,53.9,1994.3,No
CUST-05450,Male,1,Yes,No,38,No,No phone service,Fiber optic,Yes,No internet service,Yes,No internet service,No,No,two year,Yes,mailed_check,100.54,3820.69,No
CUST-05451,Male,1,No,No,61,Yes,No,No,Yes,No internet service,No internet service,Yes,No internet service,No,one year,Yes,bank_transfer,23.31,1422.16,No
CUST-05452,Male,1,Yes,No,18,Yes,No,DSL,No,No internet service,No internet service,No internet service,Yes,No,month-to-month,No,electronic_check,61.34,1104.08,No
CUST-05453,Female,1,No,No,50,Yes,Yes,DSL,No,No,No,Yes,No internet service,No,month-to-month,Yes,electronic_check,57.32,2866.03,No
CUST-05454,Female,1,No,No,58,Yes,No,Fiber optic,Yes,No,No,Yes,Yes,No,one year,Yes,mailed_check,106.86,6197.97,No
CUST-05455,Female,1,No,Yes,68,Yes,No,DSL,No internet service,No internet service,No internet service,No internet service,No,No,month-to-month,Yes,bank_transfer,82.56,5613.91,No
CUST-05456,Male,1,Yes,Yes,25,Yes,Yes,No,No,No,No,Yes,No,Yes,two year,No,electronic_check,11.25,281.24,No
CUST-05457,Male,1,No,No,45,Yes,No,Fiber optic,No internet service,No,No,No,Yes,Yes,month-to-month,Yes,credit_card,129.71,5836.95,No
CUST-05458,Female,1,No,Yes,64,Yes,Yes,DSL,Yes,Yes,No,No,No,Yes,month-to-month,Yes,electronic_check,64.38,4120.43,No
CUST-05459,Female,0,No,Yes,31,Yes,No,DSL,No,Yes,No internet service,No,No internet service,Yes,month-to-month,Yes,electronic_check,75.27,2333.37,No
CUST-05460,Male,0,Yes,Yes,29,Yes,No,Fiber optic,No internet service,No internet service,No,Yes,Yes,Yes,one year,Yes,mailed_check,103.91,3013.33,No
CUST-05461,Male,0,Yes,No,56,Yes,No,Fiber optic,No,No,No internet service,Yes,No,No,two year,Yes,credit_card,114.85,6431.53,No
CUST-05462,Male,1,No,No,67,Yes,Yes,Fiber optic,No internet service,No internet service,No,No internet service,No internet service,No,month-to-month,Yes,bank_transfer,89.93,6025.5,No
CUST-05463,Male,1,No,No,13,Yes,Yes,DSL,No internet service,No,No internet service,No,No,Yes,month-to-month,Yes,mailed_check,62.44,811.75,No
CUST-05464,Female,1,Yes,No,69,Yes,Yes,Fiber optic,No,Yes,No,Yes,No internet service,Yes,month-to-month,No,credit_card,117.84,8130.8,No
CUST-05465,Male,0,No,No,56,Yes,No,DSL,Yes,No internet service,No,No internet service,No internet service,Yes,month-to-month,No,bank_transfer,51.26,2870.61,No
CUST-05466,Female,0,No,No,59,No,No phone service,Fiber optic,No,Yes,No internet service,No,No,No,month-to-month,Yes,bank_transfer,71.64,4226.76,No
CUST-05467,Male,1,No,Yes,61,Yes,Yes,DSL,No,Yes,Yes,No,Yes,No internet service,two year,Yes,bank_transfer,54.05,3297.29,No
CUST-05468,Female,0,Yes,No,55,Yes,No,Fiber optic,Yes,No,No,Yes,No,Yes,two year,No,mailed_check,96.9,5329.73,No
CUST-05469,Male,1,Yes,Yes,54,Yes,Yes,DSL,Yes,No,No internet service,No,No,Yes,month-to-month,Yes,electronic_check,37.37,2018.02,No
CUST-05470,Male,1,No,No,63,Yes,Yes,Fiber optic,No,No internet service,Yes,No,No,Yes,month-to-month,No,mailed_check,106.2,6690.54,No
CUST-05471,Male,0,No,No,66,Yes,No,Fiber optic,No,No internet service,No,No internet service,No,No,one year,Yes,electronic_check,69.26,4571.17,No
CUST-05472,Male,0,Yes,No,3,Yes,Yes,DSL,No internet service,No internet service,No internet service,No internet service,No,No,month-to-month,No,credit_card,76.42,229.27,No
CUST-05473,Female,0,Yes,No,33,Yes,Yes,DSL,No internet service,No,No,No,No,Yes,month-to-month,No,bank_transfer,53.69,1771.93,Yes
CUST-05474,Female,1,No,No,36,Yes,Yes,Fiber optic,No,Yes,No,No,No internet service,Yes,month-to-month,Yes,credit_card,126.49,4553.79,No
CUST-05475,Male,0,Yes,Yes,33,Yes,Yes,DSL,No internet service,No,No internet service,No internet service,No internet service,No,one year,Yes,electronic_check,75.97,2506.99,No
CUST-05476,Male,1,No,Yes,6,Yes,Yes,DSL,Yes,No,No internet service,No internet service,No,No,one year,Yes,mailed_check,73.44,440.62,No
CUST-05477,Female,1,Yes,No,66,No,No phone service,No,No internet service,No internet service,No internet service,No,No,No internet service,month-to-month,Yes,bank_transfer,2.3,151.79,No
CUST-05478,Male,1,Yes,No,31,Yes,Yes,DSL,Yes,No internet service,Yes,No,No,Yes,one year,Yes,electronic_check,54.44,1687.63,No
CUST-05479,Male,0,No,No,13,Yes,Yes,Fiber optic,Yes,No,Yes,No,No,No,month-to-month,Yes,bank_transfer,95.43,1240.62,Yes
CUST-05480,Male,1,Yes,No,35,Yes,Yes,DSL,Yes,No internet service,No internet service,Yes,No,Yes,month-to-month,No,electronic_check,63.55,2224.24,No
CUST-05481,Female,1,Yes,No,59,Yes,Yes,DSL,No,No,No,No internet service,No,No,month-to-month,No,credit_card,34.71,2048.12,No
CUST-05482,Male,0,Yes,Yes,40,Yes,Yes,No,No,Yes,No,No internet service,No,No,two year,No,bank_transfer,32.37,1294.9,No
CUST-05483,Male,1,No,Yes,8,Yes,No,DSL,No,No internet service,No,No,No internet service,No internet service,two year,Yes,bank_transfer,71.43,571.44,No
CUST-05484,Female,0,No,Yes,38,Yes,No,Fiber optic,Yes,No,No internet service,No internet service,No,No internet service,month-to-month,Yes,mailed_check,120.39,4574.91,No
CUST-05485,Female,1,No,No,61,No,No phone service,DSL,Yes,No,No,Yes,No internet service,No,two year,Yes,bank_transfer,72.42,4417.91,No
CUST-05486,Female,1,Yes,No,23,No,No phone service,DSL,Yes,No,No,No internet service,Yes,No,one year,No,credit_card,77.72,1787.67,No
CUST-05487,Male,0,No,No,21,Yes,Yes,No,No internet service,No internet service,Yes,No,No,Yes,two year,No,bank_transfer,38.71,812.85,No
CUST-05488,Female,1,No,Yes,15,Yes,No,DSL,Yes,No internet service,Yes,No internet service,No,Yes,one year,Yes,bank_transfer,41.0,614.98,No
CUST-05489,Female,1,Yes,No,15,No,No phone service,Fiber optic,No,Yes,Yes,No,No,Yes,month-to-month,Yes,mailed_check,99.55,1493.31,No
CUST-05490,Male,1,Yes,No,22,Yes,No,Fiber optic,Yes,No,No,No,Yes,No internet service,one year,No,mailed_check,113.26,2491.63,No
CUST-05491,Male,1,No,No,39,Yes,Yes,Fiber optic,Yes,No,No internet service,Yes,Yes,Yes,one year,Yes,electronic_check,86.59,3377.16,No
CUST-05492,Male,1,No,No,35,Yes,No,Fiber optic,Yes,No,No,No internet service,No,No,month-to-month,No,bank_transfer,72.66,2543.08,Yes
CUST-05493,Female,1,Yes,Yes,29,Yes,No,Fiber optic,No,No,No,Yes,No,Yes,month-to-month,No,credit_card,68.96,1999.74,Yes
CUST-05494,Female,0,Yes,Yes,32,Yes,No,DSL,Yes,No,No internet service,No,Yes,No internet service,month-to-month,Yes,mailed_check,40.31,1290.03,No
CUST-05495,Female,1,Yes,No,60,Yes,No,Fiber optic,No internet service,No,Yes,Yes,No internet service,No,one year,No,electronic_check,88.05,5282.73,No
CUST-05496,Female,0,No,No,17,Yes,Yes,DSL,Yes,Yes,Yes,Yes,No internet service,No internet service,month-to-month,Yes,credit_card,65.18,1108.03,Yes
CUST-05497,Male,1,Yes,Yes,70,Yes,No,DSL,Yes,No,No,No internet service,No internet service,No,month-to-month,Yes,bank_transfer,76.66,5366.4,No
CUST-05498,Male,1,No,No,46,Yes,No,DSL,Yes,No internet service,Yes,No,Yes,Yes,month-to-month,Yes,bank_transfer,43.18,1986.13,No
CUST-05499,Male,0,Yes,No,46,Yes,No,Fiber optic,No internet service,No internet service,No,Yes,No internet service,Yes,two year,No,electronic_check,131.34,6041.58,No
CUST-05500,Female,1,No,Yes,12,Yes,Yes,DSL,Yes,No,No internet service,Yes,No internet service,No,month-to-month,Yes,credit_card,64.29,771.49,No
CUST-05501,Male,0,Yes,Yes,36,Yes,No,DSL,Yes,No,No internet service,No,No,No internet service,month-to-month,No,mailed_check,54.87,1975.34,No
CUST-05502,Female,0,No,No,27,Yes,No,Fiber optic,No internet service,Yes,Yes,No internet service,No,Yes,one year,No,electronic_check,99.51,2686.71,Yes
CUST-05503,Male,1,No,Yes,47,Yes,Yes,Fiber optic,No internet service,Yes,No internet service,No internet service,No internet service,No,one year,Yes,electronic_check,109.28,5136.06,No
CUST-05504,Male,0,No,No,7,Yes,Yes,DSL,Yes,Yes,No internet service,No,No,No,one year,Yes,electronic_check,62.92,440.46,No
CUST-05505,Female,1,No,No,32,Yes,Yes,Fiber optic,No internet service,No,No,No,No internet service,No,one year,Yes,mailed_check,77.74,2487.72,No
CUST-05506,Male,1,Yes,No,65,No,No phone service,No,No,Yes,No internet service,No,No,No,month-to-month,Yes,mailed_check,9.03,587.14,No
CUST-05507,Male,0,No,No,6,Yes,Yes,DSL,No internet service,Yes,No internet service,Yes,No internet service,Yes,one year,Yes,bank_transfer,62.57,375.43,No
CUST-05508,Male,1,No,No,44,Yes,Yes,DSL,No internet service,No internet service,Yes,No,No,No internet service,month-to-month,No,electronic_check,45.43,1999.03,No
CUST-05509,Female,0,No,No,56,Yes,No,DSL,Yes,Yes,Yes,Yes,No,Yes,month-to-month,Yes,mailed_check,76.8,4300.92,No
CUST-05510,Male,0,No,No,44,Yes,No,DSL,No,Yes,No,No,Yes,No,month-to-month,No,mailed_check,57.08,2511.51,No
CUST-05511,Female,1,No,Yes,20,Yes,No,No,No internet service,No,No,No,No,Yes,two year,Yes,credit_card,43.94,878.8,No
CUST-05512,Male,1,Yes,Yes,44,Yes,Yes,Fiber optic,No internet service,No,No internet service,No internet service,No internet service,No internet service,month-to-month,Yes,electronic_check,96.04,4225.75,No
CUST-05513,Male,0,Yes,No,62,Yes,No,Fiber optic,Yes,No internet service,Yes,Yes,Yes,No internet service,two year,Yes,credit_card,114.9,7123.77,No
CUST-05514,Male,1,Yes,No,64,Yes,No,DSL,Yes,Yes,No internet service,No,Yes,No internet service,month-to-month,No,electronic_check,50.58,3237.31,No
CUST-05515,Female,0,No,Yes,19,No,No phone service,Fiber optic,Yes,Yes,No,Yes,No,No,month-to-month,No,bank_transfer,108.83,2067.83,Yes
CUST-05516,Female,1,No,No,41,Yes,No,DSL,No internet service,No internet service,Yes,No internet service,Yes,No internet service,month-to-month,No,credit_card,91.51,3751.91,No
CUST-05517,Male,0,Yes,No,43,Yes,No,Fiber optic,No internet service,No,Yes,No,No,Yes,month-to-month,No,credit_card,79.87,3434.45,No
CUST-05518,Male,0,No,No,57,Yes,No,Fiber optic,Yes,No internet service,No,No internet service,No internet service,Yes,two year,No,bank_transfer,76.57,4364.44,No
CUST-05519,Female,0,Yes,Yes,24,Yes,No,DSL,No internet service,No internet service,No,No,Yes,No,month-to-month,Yes,mailed_check,43.81,1051.33,No
CUST-05520,Male,1,Yes,Yes,35,Yes,No,DSL,No,Yes,No internet service,No,Yes,Yes,month-to-month,No,bank_transfer,67.51,2362.77,No
CUST-05521,Female,1,Yes,No,10,Yes,Yes,DSL,No,Yes,No internet service,No,No internet service,Yes,one year,Yes,electronic_check,60.02,600.16,No
CUST-05522,Male,0,No,No,64,Yes,Yes,Fiber optic,No,No,No internet service,Yes,Yes,No,one year,Yes,bank_transfer,91.21,5837.47,No
CUST-05523,Male,1,Yes,Yes,12,Yes,No,Fiber optic,No,No internet service,No,No,Yes,No internet service,month-to-month,Yes,bank_transfer,67.79,813.44,No
CUST-05524,Male,1,Yes,No,67,Yes,Yes,Fiber optic,No internet service,No internet service,No internet service,Yes,No,Yes,month-to-month,Yes,bank_transfer,80.85,5417.15,No
CUST-05525,Female,0,Yes,No,17,No,No phone service,DSL,Yes,No,No,No,No internet service,No internet service,month-to-month,Yes,credit_card,36.03,612.44,No
CUST-05526,Male,1,Yes,Yes,38,No,No phone service,DSL,Yes,No,No internet service,No internet service,No,Yes,month-to-month,No,credit_card,46.71,1775.06,No
CUST-05527,Male,1,Yes,No,12,Yes,No,DSL,No,Yes,No,No internet service,No,No,two year,Yes,bank_transfer,82.83,994.0,No
CUST-05528,Male,1,Yes,Yes,21,Yes,Yes,DSL,Yes,Yes,No,No internet service,No internet service,No,month-to-month,Yes,mailed_check,65.6,1377.68,No
CUST-05529,Female,0,Yes,No,19,Yes,No,DSL,Yes,No internet service,No,Yes,No,No internet service,one year,Yes,electronic_check,77.34,1469.47,No
CUST-05530,Female,1,No,No,33,Yes,No,Fiber optic,No,No,Yes,No,No internet service,No,month-to-month,Yes,electronic_check,97.62,3221.35,No
CUST-05531,Female,1,No,No,53,Yes,No,DSL,Yes,Yes,No,Yes,Yes,No,two year,Yes,credit_card,90.13,4777.07,No
CUST-05532,Male,1,Yes,Yes,51,Yes,No,DSL,No,Yes,Yes,No internet service,No,No,one year,Yes,electronic_check,51.4,2621.24,No
CUST-05533,Female,1,Yes,No,5,Yes,No,No,Yes,Yes,No,Yes,No,Yes,one year,No,credit_card,5.95,29.76,No
CUST-05534,Male,0,Yes,No,45,Yes,No,DSL,No internet service,No,Yes,Yes,No internet service,No,month-to-month,No,electronic_check,54.58,2456.32,No
CUST-05535,Female,1,Yes,No,38,Yes,No,DSL,No,Yes,No,No,Yes,No,month-to-month,Yes,bank_transfer,49.14,1867.36,Yes
CUST-05536,Female,0,Yes,No,67,Yes,No,No,No internet service,No internet service,No internet service,Yes,No internet service,No,two year,Yes,bank_transfer,14.26,955.19,No
CUST-05537,Male,0,No,No,16,Yes,Yes,DSL,No,No internet service,No,Yes,No,Yes,month-to-month,No,electronic_check,59.49,951.87,No
CUST-05538,Female,0,No,No,15,Yes,No,Fiber optic,No,No,No internet service,No internet service,No,No internet service,one year,No,bank_transfer,126.05,1890.82,No
CUST-05539,Male,0,No,No,22,No,No phone service,Fiber optic,No,No internet service,No internet service,Yes,Yes,No internet service,month-to-month,Yes,mailed_check,126.63,2785.97,No
CUST-05540,Male,0,No,Yes,3,No,No phone service,Fiber optic,No,No internet service,Yes,No,Yes,No,month-to-month,No,electronic_check,78.6,235.81,Yes
CUST-05541,Male,1,Yes,No,59,Yes,Yes,DSL,No,Yes,No,Yes,Yes,No internet service,month-to-month,Yes,electronic_check,48.24,2846.12,No
CUST-05542,Male,1,No,Yes,66,Yes,No,DSL,No internet service,No,No,No,Yes,Yes,month-to-month,Yes,electronic_check,53.67,3542.29,No
CUST-05543,Female,0,No,No,18,Yes,No,DSL,No,No,Yes,No internet service,Yes,No internet service,one year,Yes,electronic_check,31.21,561.76,No
CUST-05544,Male,0,No,No,52,Yes,Yes,Fiber optic,No,No,Yes,No internet service,No,No internet service,month-to-month,No,credit_card,114.77,5967.93,No
CUST-05545,Male,1,Yes,Yes,10,Yes,No,DSL,Yes,No,No,No,No internet service,Yes,month-to-month,Yes,electronic_check,27.73,277.27,No
CUST-05546,Male,0,No,No,51,No,No phone service,Fiber optic,No internet service,Yes,No internet service,Yes,Yes,Yes,month-to-month,Yes,electronic_check,64.81,3305.21,Yes
CUST-05547,Female,1,No,No,69,Yes,No,No,Yes,No,No,Yes,No internet service,Yes,month-to-month,Yes,electronic_check,23.85,1645.78,No
CUST-05548,Female,0,Yes,No,71,Yes,Yes,Fiber optic,No internet service,Yes,No,No internet service,No,No,two year,No,mailed_check,143.06,10157.48,No
CUST-05549,Female,0,No,Yes,27,Yes,No,DSL,No internet service,Yes,No,Yes,No,No,one year,Yes,mailed_check,84.05,2269.27,No
CUST-05550,Female,0,Yes,Yes,61,Yes,Yes,DSL,No,No internet service,No internet service,Yes,No internet service,No,month-to-month,No,credit_card,74.72,4558.2,No
CUST-05551,Male,1,Yes,No,68,Yes,No,DSL,Yes,Yes,No,No internet service,Yes,Yes,month-to-month,Yes,bank_transfer,36.82,2504.04,No
CUST-05552,Male,0,No,No,32,Yes,Yes,DSL,Yes,No,No,No,Yes,No,one year,No,bank_transfer,49.97,1598.96,No
CUST-05553,Female,1,Yes,No,31,Yes,No,DSL,No,No internet service,No,No,No,No,two year,No,electronic_check,53.6,1661.45,No
CUST-05554,Female,0,No,No,2,Yes,No,No,Yes,No internet service,Yes,No,No,Yes,two year,No,electronic_check,25.0,50.01,No
CUST-05555,Female,0,No,No,49,No,No phone service,Fiber optic,Yes,No,No,Yes,No,Yes,month-to-month,No,credit_card,93.52,4582.67,No
CUST-05556,Male,0,Yes,No,23,Yes,No,Fiber optic,Yes,Yes,No,Yes,No,No internet service,month-to-month,Yes,electronic_check,65.17,1498.92,No
CUST-05557,Male,1,No,No,38,Yes,No,Fiber optic,Yes,No,Yes,Yes,No,No internet service,one year,Yes,mailed_check,114.6,4354.99,No
CUST-05558,Male,1,Yes,No,33,Yes,No,Fiber optic,No internet service,No,Yes,No internet service,No,No,two year,No,electronic_check,82.96,2737.62,No
CUST-05559,Female,1,No,No,46,Yes,Yes,Fiber optic,No internet service,No,No,No,No,Yes,month-to-month,Yes,credit_card,107.41,4940.9,No
CUST-05560,Male,1,No,No,42,Yes,No,Fiber optic,Yes,No internet service,No,No,Yes,No,one year,No,electronic_check,101.13,4247.56,No
CUST-05561,Female,0,Yes,Yes,56,Yes,No,Fiber optic,No,Yes,No,No internet service,No,Yes,month-to-month,Yes,electronic_check,128.99,7223.53,No
CUST-05562,Female,0,No,No,6,Yes,No,DSL,No internet service,Yes,No internet service,Yes,Yes,No internet service,one year,No,bank_transfer,80.6,483.61,No
CUST-05563,Female,1,Yes,Yes,44,No,No phone service,DSL,Yes,No internet service,No internet service,No,Yes,No internet service,one year,No,credit_card,84.4,3713.63,No
CUST-05564,Female,1,No,No,6,Yes,No,Fiber optic,No,No internet service,No,Yes,No,No internet service,month-to-month,Yes,credit_card,71.38,428.25,No
CUST-05565,Male,0,No,No,0,Yes,Yes,No,Yes,Yes,No internet service,No internet service,No,No internet service,two year,Yes,electronic_check,35.07,35.07,No
CUST-05566,Male,1,No,Yes,36,No,No phone service,No,Yes,No,Yes,No,No internet service,No,month-to-month,No,credit_card,13.83,497.92,No
CUST-05567,Male,0,Yes,No,29,Yes,Yes,Fiber optic,No internet service,No internet service,No internet service,Yes,Yes,No,two year,Yes,electronic_check,106.63,3092.25,No
CUST-05568,Male,0,Yes,No,44,Yes,No,DSL,No,Yes,No,Yes,No internet service,No,month-to-month,Yes,bank_transfer,66.68,2933.73,No
CUST-05569,Male,0,Yes,No,23,Yes,No,DSL,No,Yes,No,No,No,No,month-to-month,No,bank_transfer,41.19,947.3,Yes
CUST-05570,Male,1,No,Yes,19,Yes,Yes,DSL,No internet service,No internet service,No,No internet service,Yes,No,two year,Yes,mailed_check,78.57,1492.8,No
CUST-05571,Female,1,Yes,Yes,10,Yes,No,DSL,Yes,No internet service,No,No internet service,No internet service,No internet service,one year,Yes,bank_transfer,48.34,483.4,No
CUST-05572,Female,0,No,Yes,63,Yes,No,Fiber optic,No,Yes,No internet service,No,Yes,No,two year,Yes,bank_transfer,99.61,6275.27,No
CUST-05573,Female,0,Yes,No,65,Yes,No,DSL,No internet service,Yes,No internet service,No internet service,No internet service,Yes,one year,No,electronic_check,32.35,2102.66,No
CUST-05574,Male,0,No,No,50,Yes,Yes,Fiber optic,No internet service,No internet service,No internet service,No,Yes,Yes,month-to-month,No,bank_transfer,91.07,4553.4,No
CUST-05575,Male,1,No,No,29,Yes,Yes,DSL,No,Yes,No,No,Yes,No,month-to-month,No,bank_transfer,71.45,2072.08,No
CUST-05576,Female,1,No,No,15,Yes,No,DSL,Yes,No,Yes,No internet service,Yes,No,one year,Yes,electronic_check,84.85,1272.77,No
CUST-05577,Female,1,Yes,Yes,64,Yes,Yes,Fiber optic,No,Yes,No,Yes,No,Yes,month-to-month,No,bank_transfer,87.32,5588.74,No
CUST-05578,Female,0,No,Yes,69,Yes,Yes,DSL,Yes,No internet service,No,No internet service,No internet service,No,month-to-month,No,bank_transfer,28.39,1958.85,No
CUST-05579,Female,1,Yes,No,35,Yes,No,Fiber optic,Yes,No,Yes,Yes,No,No internet service,month-to-month,Yes,mailed_check,113.64,3977.34,No
CUST-05580,Male,1,Yes,No,7,Yes,No,DSL,Yes,No internet service,Yes,No,Yes,Yes,month-to-month,Yes,bank_transfer,44.75,313.27,No
CUST-05581,Female,0,No,Yes,36,No,No phone service,DSL,Yes,No,No,No internet service,No internet service,No,two year,No,credit_card,62.04,2233.38,No
CUST-05582,Male,0,Yes,No,69,Yes,Yes,DSL,Yes,No internet service,No,Yes,No internet service,No,one year,No,electronic_check,78.53,5418.33,No
CUST-05583,Male,0,No,No,37,No,No phone service,DSL,No,Yes,No,No internet service,No,No,month-to-month,Yes,credit_card,42.0,1554.18,No
CUST-05584,Female,1,Yes,Yes,65,Yes,No,DSL,No,No,Yes,No,Yes,No internet service,month-to-month,Yes,electronic_check,59.47,3865.41,No
CUST-05585,Female,0,Yes,Yes,5,Yes,No,Fiber optic,No,No internet service,No,No internet service,No,Yes,month-to-month,Yes,bank_transfer,99.06,495.28,No
CUST-05586,Female,0,No,Yes,50,Yes,No,Fiber optic,No internet service,No,No,No,No internet service,No,month-to-month,Yes,bank_transfer,71.6,3580.08,No
CUST-05587,Female,0,No,No,51,Yes,Yes,DSL,No internet service,No,Yes,No,No internet service,Yes,month-to-month,Yes,credit_card,58.45,2980.71,No
CUST-05588,Female,1,No,No,26,Yes,Yes,Fiber optic,No,No,No,No internet service,No,No internet service,one year,No,bank_transfer,61.22,1591.72,No
CUST-05589,Male,0,Yes,No,17,Yes,Yes,Fiber optic,Yes,Yes,Yes,No internet service,No,No,month-to-month,Yes,credit_card,124.53,2116.99,Yes
CUST-05590,Male,0,Yes,No,0,No,No phone service,DSL,No internet service,No internet service,Yes,No,No,No,month-to-month,Yes,mailed_check,23.67,23.67,No
CUST-05591,Female,1,No,No,37,Yes,No,DSL,No internet service,Yes,No,No,No,Yes,month-to-month,No,electronic_check,51.28,1897.27,No
CUST-05592,Female,0,Yes,No,25,Yes,No,Fiber optic,No,Yes,Yes,Yes,No,No,month-to-month,Yes,mailed_check,102.47,2561.82,No
CUST-05593,Female,1,No,Yes,1,Yes,Yes,DSL,Yes,No internet service,No,No internet service,Yes,Yes,month-to-month,Yes,mailed_check,65.91,65.91,No
CUST-05594,Male,1,Yes,No,28,Yes,No,No,Yes,No,No internet service,No internet service,Yes,No internet service,month-to-month,No,credit_card,10.02,280.49,No
CUST-05595,Female,0,Yes,No,70,Yes,No,Fiber optic,No internet service,Yes,No,Yes,No internet service,Yes,month-to-month,No,bank_transfer,85.5,5984.79,No
CUST-05596,Male,1,Yes,No,24,Yes,No,Fiber optic,No internet service,No,No,No internet service,No,No internet service,month-to-month,Yes,mailed_check,62.55,1501.25,No
CUST-05597,Female,0,No,No,32,No,No phone service,Fiber optic,No,No,No,No,Yes,No,two year,No,bank_transfer,109.78,3513.1,No
CUST-05598,Female,0,Yes,No,55,Yes,Yes,Fiber optic,No,No,Yes,No,Yes,Yes,one year,Yes,electronic_check,95.99,5279.29,No
CUST-05599,Male,0,Yes,No,50,Yes,No,Fiber optic,No,No internet service,Yes,No,Yes,No internet service,two year,Yes,credit_card,128.88,6444.19,No
CUST-05600,Male,0,No,No,2,Yes,No,No,No,No internet service,Yes,No,Yes,No internet service,one year,Yes,mailed_check,20.16,40.31,No
CUST-05601,Female,0,Yes,No,38,Yes,No,Fiber optic,No,No,No internet service,No,Yes,No,month-to-month,Yes,credit_card,104.64,3976.42,No
CUST-05602,Male,0,Yes,Yes,66,Yes,Yes,Fiber optic,No,No,No,No,No internet service,No,month-to-month,No,credit_card,79.2,5226.95,No
CUST-05603,Male,1,Yes,No,47,No,No phone service,No,No,No internet service,No internet service,No internet service,No,No,month-to-month,Yes,mailed_check,30.63,1439.49,No
CUST-05604,Male,1,No,No,5,Yes,Yes,No,Yes,No internet service,Yes,No,Yes,Yes,month-to-month,Yes,bank_transfer,29.03,145.17,No
CUST-05605,Female,1,Yes,No,56,Yes,Yes,DSL,No internet service,No internet service,No,No,No internet service,No,one year,Yes,electronic_check,61.93,3467.9,No
CUST-05606,Male,1,No,Yes,42,No,No phone service,DSL,Yes,No,Yes,No internet service,Yes,No internet service,month-to-month,No,electronic_check,56.59,2376.99,No
CUST-05607,Male,1,Yes,No,23,Yes,No,Fiber optic,No internet service,No,No internet service,No,Yes,No,month-to-month,Yes,electronic_check,101.25,2328.76,Yes
CUST-05608,Male,1,No,No,32,Yes,Yes,DSL,No,Yes,No,No internet service,No internet service,Yes,two year,No,electronic_check,76.4,2444.65,No
CUST-05609,Female,1,Yes,No,49,Yes,No,Fiber optic,No internet service,No,Yes,No,No,No,month-to-month,No,bank_transfer,72.27,3541.03,No
CUST-05610,Female,1,Yes,Yes,32,Yes,Yes,DSL,No,Yes,No,Yes,No,Yes,two year,Yes,bank_transfer,82.76,2648.38,No
CUST-05611,Male,0,No,No,21,Yes,No,DSL,No,No internet service,No,No internet service,Yes,Yes,month-to-month,No,bank_transfer,56.65,1189.59,No
CUST-05612,Female,1,Yes,No,57,Yes,Yes,DSL,No internet service,No internet service,No internet service,Yes,No,No internet service,month-to-month,Yes,electronic_check,27.2,1550.19,No
CUST-05613,Male,0,Yes,No,49,Yes,No,Fiber optic,No,No,Yes,No,No internet service,No,month-to-month,No,bank_transfer,91.96,4505.83,No
CUST-05614,Female,1,No,No,1,Yes,No,DSL,No,No internet service,Yes,Yes,No internet service,No,month-to-month,Yes,electronic_check,47.88,47.88,No
CUST-05615,Male,0,No,No,13,Yes,No,DSL,Yes,No,Yes,No,No,No internet service,one year,Yes,credit_card,34.43,447.59,No
CUST-05616,Male,0,Yes,Yes,55,Yes,Yes,DSL,Yes,Yes,No internet service,Yes,No internet service,Yes,two year,Yes,mailed_check,52.32,2877.47,No
CUST-05617,Male,1,Yes,No,67,No,No phone service,Fiber optic,Yes,No,Yes,No internet service,Yes,No,two year,Yes,credit_card,100.87,6758.09,No
CUST-05618,Male,1,No,No,65,Yes,Yes,No,Yes,No internet service,No,Yes,Yes,No internet service,two year,Yes,electronic_check,32.62,2120.09,No
CUST-05619,Female,0,Yes,No,63,Yes,No,Fiber optic,Yes,No,Yes,No,No,Yes,month-to-month,No,bank_transfer,76.2,4800.37,No
CUST-05620,Male,0,No,No,42,Yes,No,DSL,No internet service,No internet service,No,Yes,No,Yes,two year,Yes,mailed_check,79.61,3343.44,No
CUST-05621,Male,1,No,Yes,66,Yes,Yes,No,Yes,No,No internet service,No internet service,Yes,Yes,one year,No,mailed_check,35.56,2347.26,No
CUST-05622,Male,1,No,No,54,Yes,Yes,DSL,No,No internet service,No,No,No,Yes,month-to-month,No,bank_transfer,37.56,2028.34,No
CUST-05623,Male,0,No,No,9,Yes,Yes,DSL,No internet service,No,No internet service,No,No,No internet service,two year,No,electronic_check,72.99,656.91,No
CUST-05624,Male,1,Yes,Yes,38,Yes,No,Fiber optic,No internet service,No,No,No,No,No internet service,two year,No,electronic_check,75.3,2861.54,No
CUST-05625,Female,0,Yes,No,55,Yes,No,Fiber optic,No,No internet service,Yes,No,Yes,Yes,one year,Yes,electronic_check,67.12,3691.86,No
CUST-05626,Male,0,No,No,65,Yes,No,Fiber optic,No internet service,No,No,No internet service,Yes,Yes,month-to-month,Yes,electronic_check,67.47,4385.53,No
CUST-05627,Female,1,No,No,22,Yes,No,No,No internet service,No,No,No internet service,No internet service,Yes,month-to-month,Yes,electronic_check,9.28,204.17,No
CUST-05628,Female,1,No,No,44,Yes,No,DSL,No internet service,Yes,No internet service,No,No internet service,Yes,month-to-month,Yes,electronic_check,64.11,2820.97,No
CUST-05629,Female,1,No,Yes,27,Yes,No,Fiber optic,Yes,Yes,No,Yes,No,No internet service,two year,No,electronic_check,108.49,2929.21,No
CUST-05630,Male,1,Yes,Yes,66,Yes,No,Fiber optic,No internet service,Yes,Yes,No,No,No internet service,one year,Yes,electronic_check,106.38,7020.92,No
CUST-05631,Male,0,Yes,Yes,15,Yes,No,No,No internet service,No,No,Yes,Yes,No,month-to-month,Yes,electronic_check,7.81,117.2,Yes
CUST-05632,Female,0,No,No,26,Yes,Yes,DSL,No internet service,No,No,No,No,Yes,one year,Yes,electronic_check,53.53,1391.67,No
CUST-05633,Female,0,Yes,No,12,Yes,Yes,Fiber optic,No internet service,No,Yes,No,Yes,No,one year,Yes,credit_card,109.51,1314.08,No
CUST-05634,Female,1,No,No,62,Yes,No,No,Yes,No internet service,Yes,Yes,No internet service,Yes,month-to-month,Yes,bank_transfer,4.87,301.82,No
CUST-05635,Male,1,No,Yes,2,Yes,No,No,No,Yes,No,No internet service,Yes,No,one year,Yes,electronic_check,35.81,71.62,No
CUST-05636,Male,0,Yes,No,13,Yes,Yes,No,No,No,No internet service,No,No,No,one year,Yes,mailed_check,20.85,271.11,No
CUST-05637,Female,0,No,No,38,Yes,No,Fiber optic,No internet service,No,No,No internet service,No,Yes,month-to-month,No,credit_card,132.27,5026.16,No
CUST-05638,Female,1,Yes,No,3,No,No phone service,DSL,No internet service,Yes,No,No,Yes,No internet service,month-to-month,No,electronic_check,57.02,171.07,Yes
CUST-05639,Male,1,Yes,No,52,Yes,No,DSL,No,No,No internet service,Yes,Yes,No,month-to-month,Yes,mailed_check,67.26,3497.69,No
CUST-05640,Male,0,Yes,No,58,Yes,Yes,DSL,Yes,No internet service,No,No,No,Yes,month-to-month,Yes,credit_card,44.66,2590.04,No
CUST-05641,Male,0,Yes,Yes,70,Yes,Yes,Fiber optic,No,No,Yes,No internet service,Yes,No,two year,No,electronic_check,97.28,6809.33,No
CUST-05642,Female,1,No,Yes,11,Yes,Yes,Fiber optic,Yes,Yes,No,No internet service,No,No,month-to-month,No,bank_transfer,103.98,1143.79,No
CUST-05643,Female,1,No,Yes,5,Yes,No,DSL,No internet service,No internet service,Yes,No,Yes,Yes,month-to-month,Yes,electronic_check,65.85,329.25,No
CUST-05644,Male,0,Yes,No,62,Yes,No,DSL,No internet service,Yes,No,No,No,Yes,one year,No,mailed_check,62.77,3891.58,No
CUST-05645,Male,0,No,No,52,No,No phone service,DSL,No internet service,Yes,Yes,No,Yes,No internet service,month-to-month,Yes,mailed_check,77.64,4037.28,No
CUST-05646,Female,1,No,No,14,Yes,Yes,DSL,No internet service,Yes,Yes,No internet service,No,Yes,one year,No,credit_card,38.02,532.27,No
CUST-05647,Male,1,No,No,13,Yes,No,Fiber optic,Yes,No internet service,No internet service,No,No internet service,No internet service,two year,Yes,credit_card,112.98,1468.74,No
CUST-05648,Male,1,No,Yes,1,Yes,Yes,DSL,No,No internet service,No internet service,No internet service,No internet service,No,month-to-month,No,mailed_check,64.7,64.7,No
CUST-05649,Male,1,No,No,64,Yes,No,Fiber optic,Yes,No,No internet service,No internet service,Yes,No,month-to-month,No,electronic_check,99.39,6361.0,No
CUST-05650,Female,1,Yes,No,32,Yes,No,Fiber optic,No,No,Yes,Yes,Yes,Yes,one year,No,electronic_check,114.2,3654.35,No
CUST-05651,Female,0,No,Yes,4,Yes,No,Fiber optic,No,Yes,No internet service,Yes,No,Yes,one year,Yes,credit_card,103.89,415.55,No
CUST-05652,Female,0,Yes,No,51,No,No phone service,DSL,Yes,Yes,No,No internet service,Yes,Yes,two year,Yes,credit_card,69.02,3520.07,No
CUST-05653,Female,0,Yes,No,16,Yes,Yes,DSL,Yes,Yes,Yes,No,No internet service,No internet service,month-to-month,Yes,electronic_check,61.3,980.85,No
CUST-05654,Male,1,Yes,Yes,51,Yes,No,DSL,No internet service,No,No,Yes,No,No,month-to-month,Yes,mailed_check,44.12,2250.09,No
CUST-05655,Male,0,Yes,Yes,20,Yes,No,DSL,Yes,No,Yes,No,No,No internet service,month-to-month,Yes,mailed_check,52.45,1048.97,No
CUST-05656,Female,1,No,Yes,63,Yes,No,DSL,No,No,No internet service,No,Yes,No,month-to-month,Yes,credit_card,74.65,4702.83,No
CUST-05657,Male,1,No,No,60,Yes,No,DSL,Yes,No,No,Yes,No internet service,Yes,one year,No,electronic_check,57.26,3435.34,No
CUST-05658,Male,0,No,Yes,6,Yes,No,Fiber optic,Yes,No,Yes,No,No,Yes,one year,No,electronic_check,94.82,568.93,Yes
CUST-05659,Male,0,No,No,54,Yes,No,Fiber optic,No,No,No,Yes,Yes,No internet service,month-to-month,No,bank_transfer,115.4,6231.42,No
CUST-05660,Female,0,No,Yes,57,Yes,No,DSL,No,No internet service,No,Yes,No internet service,No internet service,two year,Yes,credit_card,78.97,4501.39,No
CUST-05661,Male,1,No,No,29,Yes,No,Fiber optic,No internet service,No internet service,No,Yes,No,No,month-to-month,Yes,bank_transfer,73.08,2119.35,No
CUST-05662,Female,1,Yes,No,1,Yes,No,Fiber optic,No,No internet service,No internet service,Yes,No,No,month-to-month,No,electronic_check,68.91,68.91,Yes
CUST-05663,Male,1,Yes,No,35,No,No phone service,No,No internet service,No,Yes,No internet service,No,No internet service,month-to-month,Yes,credit_card,35.7,1249.64,No
CUST-05664,Male,0,No,No,53,Yes,Yes,DSL,No,No internet service,No,No,Yes,Yes,two year,No,credit_card,77.49,4107.0,No
CUST-05665,Female,1,Yes,No,6,Yes,No,DSL,No,No,No internet service,No,No,No internet service,one year,Yes,bank_transfer,34.46,206.74,No
CUST-05666,Male,1,Yes,No,57,Yes,Yes,DSL,No internet service,Yes,Yes,No,No internet service,No,one year,No,mailed_check,63.2,3602.3,No
CUST-05667,Female,1,No,No,28,Yes,Yes,Fiber optic,No,No,No,No internet service,No,No internet service,month-to-month,Yes,credit_card,86.05,2409.32,No
CUST-05668,Female,0,Yes,No,4,No,No phone service,DSL,Yes,No,No internet service,Yes,Yes,Yes,month-to-month,Yes,bank_transfer,56.19,224.74,No
CUST-05669,Male,1,No,Yes,29,Yes,No,DSL,No,Yes,Yes,No,No,No,month-to-month,Yes,electronic_check,63.61,1844.76,No
CUST-05670,Female,1,Yes,Yes,20,Yes,No,Fiber optic,No internet service,No internet service,Yes,No internet service,No internet service,No,one year,No,mailed_check,98.08,1961.69,No
CUST-05671,Male,1,Yes,Yes,19,Yes,No,DSL,No internet service,Yes,No,Yes,No,Yes,month-to-month,Yes,credit_card,64.87,1232.55,No
CUST-05672,Female,1,No,No,58,Yes,No,Fiber optic,No,No,No,No,No internet service,No,one year,Yes,credit_card,113.25,6568.56,No
CUST-05673,Female,1,No,Yes,49,Yes,No,DSL,No internet service,No internet service,No,No,No internet service,Yes,two year,No,bank_transfer,84.28,4129.6,No
CUST-05674,Female,0,Yes,No,20,Yes,No,Fiber optic,No internet service,Yes,No,No internet service,No,Yes,two year,Yes,mailed_check,100.97,2019.36,No
CUST-05675,Female,1,No,Yes,55,Yes,Yes,Fiber optic,No,Yes,No internet service,No,No,No internet service,month-to-month,No,credit_card,95.3,5241.73,No
CUST-05676,Male,0,Yes,No,35,Yes,Yes,DSL,No internet service,No internet service,No internet service,No internet service,Yes,No internet service,two year,No,credit_card,65.04,2276.46,No
CUST-05677,Male,1,No,Yes,58,Yes,No,Fiber optic,Yes,No internet service,Yes,No internet service,No,No,one year,No,credit_card,120.71,7001.07,No
CUST-05678,Male,1,No,No,47,Yes,No,No,No internet service,No,No,No internet service,Yes,Yes,two year,Yes,electronic_check,45.14,2121.72,No
CUST-05679,Male,0,No,No,58,Yes,No,Fiber optic,Yes,No,No internet service,No,Yes,No,month-to-month,Yes,mailed_check,102.99,5973.42,No
CUST-05680,Male,0,Yes,Yes,21,Yes,No,DSL,Yes,No,No internet service,No,No internet service,Yes,month-to-month,Yes,electronic_check,73.41,1541.6,No
CUST-05681,Male,0,No,No,60,Yes,Yes,DSL,No internet service,No,No,No,Yes,No internet service,two year,No,credit_card,63.11,3786.32,No
CUST-05682,Male,1,No,No,34,Yes,No,Fiber optic,No,No,Yes,No,No,No,month-to-month,Yes,mailed_check,106.86,3633.1,No
CUST-05683,Female,1,No,No,29,Yes,No,Fiber optic,No,No,Yes,No internet service,No internet service,No,month-to-month,Yes,electronic_check,79.22,2297.29,No
CUST-05684,Male,1,Yes,Yes,71,Yes,No,DSL,No internet service,No internet service,No,No,Yes,No internet service,one year,Yes,bank_transfer,61.77,4385.79,No
CUST-05685,Male,0,Yes,Yes,71,Yes,No,Fiber optic,Yes,Yes,Yes,Yes,No internet service,No,one year,No,credit_card,99.6,7071.78,No
CUST-05686,Female,0,No,No,0,Yes,No,DSL,No,No internet service,No,Yes,Yes,Yes,month-to-month,Yes,credit_card,30.9,30.9,No
CUST-05687,Male,0,Yes,Yes,3,Yes,Yes,No,No,Yes,Yes,Yes,Yes,No,one year,No,mailed_check,15.48,46.45,No
CUST-05688,Male,1,No,No,14,Yes,Yes,No,Yes,No internet service,No internet service,No internet service,No,No internet service,two year,Yes,electronic_check,23.89,334.48,Yes
CUST-05689,Male,1,Yes,No,33,Yes,Yes,Fiber optic,No,No,No internet service,No,No internet service,No internet service,month-to-month,No,mailed_check,94.34,3113.32,No
CUST-05690,Female,0,Yes,No,27,Yes,No,No,Yes,No internet service,No,No internet service,Yes,No internet service,month-to-month,No,bank_transfer,5.85,158.04,No
CUST-05691,Female,1,Yes,No,27,Yes,Yes,Fiber optic,Yes,No,No,No,Yes,No,month-to-month,No,mailed_check,126.33,3410.85,No
CUST-05692,Male,0,No,Yes,59,Yes,No,Fiber optic,No internet service,No internet service,No,No,No,No,month-to-month,Yes,mailed_check,110.64,6527.78,No
CUST-05693,Male,1,Yes,No,24,Yes,No,Fiber optic,Yes,No,Yes,No internet service,No,No internet service,one year,Yes,bank_transfer,105.82,2539.63,No
CUST-05694,Female,1,Yes,No,59,Yes,Yes,Fiber optic,Yes,No internet service,No,No internet service,No,Yes,month-to-month,Yes,mailed_check,115.33,6804.64,No
CUST-05695,Male,0,No,No,41,Yes,Yes,No,No,No internet service,Yes,No internet service,No,No,two year,Yes,mailed_check,35.7,1463.66,Yes
CUST-05696,Male,0,Yes,Yes,19,Yes,No,No,No internet service,Yes,No internet service,No,Yes,Yes,two year,Yes,electronic_check,17.71,336.55,No
CUST-05697,Male,1,No,No,16,Yes,Yes,DSL,No,No,Yes,No,Yes,No internet service,two year,Yes,bank_transfer,79.0,1263.95,No
CUST-05698,Male,0,No,No,57,Yes,No,DSL,Yes,No,Yes,No,Yes,No internet service,one year,Yes,bank_transfer,75.19,4286.07,No
CUST-05699,Female,1,No,Yes,60,Yes,No,DSL,No,No internet service,No,No internet service,No,No,two year,Yes,credit_card,80.54,4832.19,No
CUST-05700,Female,1,Yes,No,72,Yes,No,Fiber optic,No,No internet service,No,No,No,No,month-to-month,Yes,bank_transfer,112.24,8081.21,No
CUST-05701,Male,1,Yes,No,8,No,No phone service,DSL,Yes,No,No internet service,Yes,No internet service,Yes,one year,No,electronic_check,93.16,745.25,No
CUST-05702,Male,1,No,No,0,Yes,Yes,DSL,Yes,No internet service,No,No internet service,Yes,No,month-to-month,No,electronic_check,28.88,28.88,Yes
CUST-05703,Female,1,No,No,54,Yes,No,Fiber optic,No,No,No,No internet service,No,No,month-to-month,No,electronic_check,82.76,4469.24,No
CUST-05704,Male,0,No,No,31,No,No phone service,Fiber optic,No,No internet service,Yes,No internet service,Yes,Yes,month-to-month,Yes,electronic_check,114.88,3561.31,No
CUST-05705,Male,1,Yes,No,2,Yes,No,No,No,No internet service,No internet service,No internet service,No,Yes,month-to-month,Yes,credit_card,19.13,38.25,Yes
CUST-05706,Female,1,No,No,10,Yes,No,DSL,Yes,No,No internet service,No,No,No internet service,one year,No,credit_card,73.96,739.59,No
CUST-05707,Female,1,No,Yes,62,No,No phone service,DSL,No,No internet service,Yes,Yes,No internet service,No internet service,month-to-month,Yes,bank_transfer,78.92,4893.27,No
CUST-05708,Female,1,Yes,No,45,Yes,No,Fiber optic,No internet service,No,No,No,No internet service,No,one year,Yes,electronic_check,72.28,3252.46,No
CUST-05709,Female,0,No,Yes,25,Yes,Yes,DSL,No internet service,No,No,Yes,No,No,two year,No,bank_transfer,71.39,1784.78,No
CUST-05710,Female,0,Yes,No,29,Yes,No,Fiber optic,No internet service,Yes,No internet service,No internet service,No,No internet service,month-to-month,Yes,mailed_check,73.52,2132.08,No
CUST-05711,Male,0,Yes,No,44,Yes,Yes,Fiber optic,No internet service,No,Yes,No,No,Yes,month-to-month,No,mailed_check,97.7,4298.65,No
CUST-05712,Male,1,Yes,Yes,46,Yes,No,Fiber optic,Yes,Yes,No internet service,Yes,No,Yes,month-to-month,No,bank_transfer,91.82,4223.55,No
CUST-05713,Male,0,No,Yes,16,Yes,Yes,Fiber optic,Yes,No,No internet service,No internet service,No internet service,No,two year,Yes,bank_transfer,98.84,1581.45,No
CUST-05714,Male,0,Yes,No,14,No,No phone service,Fiber optic,No,No,Yes,No internet service,No internet service,No internet service,one year,No,mailed_check,126.57,1771.94,No
CUST-05715,Male,0,No,Yes,52,Yes,No,DSL,No,No internet service,Yes,No,Yes,Yes,month-to-month,Yes,electronic_check,87.06,4527.1,No
CUST-05716,Female,1,Yes,No,48,Yes,No,DSL,Yes,No,No internet service,No,No,No,month-to-month,Yes,credit_card,89.69,4304.98,No
CUST-05717,Female,0,No,No,11,Yes,No,Fiber optic,No internet service,Yes,Yes,No internet service,No internet service,No internet service,month-to-month,No,mailed_check,101.03,1111.34,Yes
CUST-05718,Male,0,Yes,No,60,Yes,No,DSL,No,Yes,Yes,No,No,No,month-to-month,No,bank_transfer,31.79,1907.66,No
CUST-05719,Male,1,Yes,Yes,33,Yes,No,DSL,No internet service,No internet service,No internet service,No,No,Yes,one year,No,mailed_check,42.54,1403.82,No
CUST-05720,Female,0,Yes,No,68,Yes,No,DSL,No internet service,No,No,No,Yes,No,two year,Yes,electronic_check,99.48,6764.34,No
CUST-05721,Female,0,No,Yes,37,Yes,Yes,Fiber optic,No internet service,Yes,No internet service,No,Yes,Yes,month-to-month,Yes,electronic_check,95.54,3535.09,No
CUST-05722,Male,1,Yes,No,35,Yes,No,DSL,No,No,No,Yes,No internet service,No internet service,month-to-month,No,electronic_check,80.65,2822.66,No
CUST-05723,Female,1,No,No,44,Yes,No,DSL,No,Yes,Yes,No,No,No,month-to-month,No,electronic_check,35.68,1569.71,No
CUST-05724,Male,0,No,No,51,Yes,No,DSL,No internet service,No,No internet service,Yes,No internet service,No,month-to-month,Yes,bank_transfer,59.76,3047.93,No
CUST-05725,Female,0,Yes,No,53,Yes,Yes,Fiber optic,Yes,No internet service,No,Yes,No internet service,Yes,one year,No,electronic_check,74.99,3974.54,No
CUST-05726,Female,0,No,No,51,No,No phone service,Fiber optic,Yes,Yes,No internet service,No,Yes,No internet service,one year,Yes,mailed_check,117.42,5988.19,No
CUST-05727,Female,0,No,No,70,Yes,No,Fiber optic,Yes,Yes,Yes,No,No internet service,No,month-to-month,Yes,mailed_check,123.75,8662.26,No
CUST-05728,Female,0,Yes,Yes,60,Yes,No,DSL,No,No,Yes,No internet service,No,No internet service,two year,No,bank_transfer,81.4,4883.93,No
CUST-05729,Female,0,Yes,No,0,Yes,Yes,Fiber optic,No internet service,Yes,No,Yes,Yes,No,month-to-month,No,electronic_check,85.68,85.68,Yes
CUST-05730,Male,1,No,Yes,50,Yes,No,Fiber optic,No internet service,No internet service,No internet service,Yes,Yes,Yes,month-to-month,No,bank_transfer,85.43,4271.51,No
CUST-05731,Female,0,No,Yes,43,Yes,Yes,DSL,No internet service,No,No,Yes,No,No,month-to-month,No,bank_transfer,65.77,2827.92,No
CUST-05732,Female,1,Yes,No,40,Yes,No,Fiber optic,No internet service,No internet service,No,No,Yes,No,one year,No,bank_transfer,83.32,3332.88,No
CUST-05733,Female,1,No,No,51,Yes,Yes,DSL,No,No internet service,No,Yes,No,No,one year,No,credit_card,57.66,2940.8,No
CUST-05734,Female,1,No,Yes,26,No,No phone service,DSL,Yes,Yes,No,No internet service,No,Yes,one year,Yes,bank_transfer,66.71,1734.55,No
CUST-05735,Male,1,Yes,No,59,Yes,No,No,No internet service,No internet service,Yes,Yes,No internet service,No,one year,Yes,bank_transfer,27.65,1631.32,No
CUST-05736,Female,0,No,Yes,15,Yes,No,Fiber optic,No,No,No internet service,Yes,No,No,month-to-month,Yes,bank_transfer,117.52,1762.78,No
CUST-05737,Female,1,Yes,Yes,33,Yes,No,DSL,No,No,No,No internet service,No internet service,No,month-to-month,No,mailed_check,73.29,2418.5,No
CUST-05738,Female,1,Yes,No,0,Yes,No,DSL,No internet service,No,Yes,No,Yes,No internet service,two year,No,mailed_check,62.27,62.27,No
CUST-05739,Female,0,No,No,37,No,No phone service,Fiber optic,No internet service,Yes,No internet service,No internet service,Yes,No,month-to-month,Yes,electronic_check,117.46,4345.93,Yes
CUST-05740,Male,1,Yes,No,29,Yes,No,DSL,No,No internet service,Yes,No,No,No,month-to-month,No,credit_card,56.91,1650.52,No
CUST-05741,Female,0,Yes,Yes,59,No,No phone service,No,No,No,Yes,No,No,Yes,month-to-month,No,electronic_check,29.26,1726.11,No
CUST-05742,Female,0,Yes,No,67,No,No phone service,DSL,No,No,Yes,Yes,No,No,two year,No,electronic_check,93.4,6257.66,No
CUST-05743,Male,1,No,No,35,Yes,Yes,Fiber optic,No internet service,No internet service,Yes,Yes,No,No internet service,month-to-month,No,bank_transfer,121.04,4236.3,No
CUST-05744,Male,0,Yes,Yes,67,Yes,No,DSL,Yes,No internet service,No internet service,No,No internet service,No,two year,No,bank_transfer,62.2,4167.18,No
CUST-05745,Female,1,Yes,Yes,38,Yes,Yes,DSL,Yes,No,Yes,No internet service,No internet service,Yes,two year,Yes,electronic_check,87.48,3324.19,No
CUST-05746,Female,1,Yes,No,44,Yes,No,DSL,No,No internet service,No,No,No internet service,No,month-to-month,No,credit_card,35.26,1551.3,No
CUST-05747,Male,1,Yes,Yes,54,No,No phone service,Fiber optic,No internet service,No,No internet service,Yes,No,Yes,one year,Yes,electronic_check,92.47,4993.61,No
CUST-05748,Male,1,Yes,No,72,Yes,No,DSL,Yes,Yes,No,No,No internet service,Yes,month-to-month,Yes,electronic_check,57.69,4153.59,No
CUST-05749,Male,1,Yes,Yes,55,No,No phone service,DSL,No internet service,No internet service,No internet service,No,No,No internet service,two year,Yes,electronic_check,70.98,3903.73,No
CUST-05750,Female,0,Yes,Yes,10,Yes,No,Fiber optic,No,Yes,No internet service,No internet service,Yes,No internet service,one year,Yes,mailed_check,132.77,1327.73,No
CUST-05751,Female,1,No,Yes,9,Yes,Yes,DSL,No,No,No internet service,No internet service,No,No,month-to-month,Yes,mailed_check,35.31,317.76,No
CUST-05752,Female,1,Yes,Yes,16,No,No phone service,Fiber optic,No,No internet service,No internet service,Yes,Yes,No internet service,month-to-month,No,electronic_check,87.91,1406.49,Yes
CUST-05753,Female,0,Yes,No,66,Yes,No,DSL,No,Yes,No,No,No internet service,Yes,one year,Yes,electronic_check,58.31,3848.38,No
CUST-05754,Female,1,Yes,No,56,Yes,No,No,No internet service,Yes,Yes,No,Yes,No,two year,Yes,electronic_check,34.52,1933.27,No
CUST-05755,Female,1,No,Yes,58,Yes,Yes,No,No internet service,No,No internet service,Yes,Yes,Yes,month-to-month,Yes,credit_card,19.95,1157.01,No
CUST-05756,Female,1,No,Yes,68,Yes,Yes,Fiber optic,Yes,Yes,Yes,No,No,Yes,two year,Yes,bank_transfer,95.59,6500.28,No
CUST-05757,Female,1,No,No,36,Yes,No,Fiber optic,Yes,No,No,Yes,No internet service,Yes,month-to-month,No,electronic_check,100.75,3626.96,Yes
CUST-05758,Male,1,No,No,36,Yes,Yes,No,Yes,No,No,No,Yes,Yes,two year,Yes,electronic_check,50.08,1802.92,No
CUST-05759,Female,1,No,Yes,68,Yes,No,DSL,No internet service,No,No internet service,No,Yes,Yes,one year,Yes,electronic_check,67.5,4589.9,No
CUST-05760,Male,1,No,No,46,Yes,Yes,Fiber optic,Yes,No,Yes,No,No,No internet service,month-to-month,No,bank_transfer,118.03,5429.5,Yes
CUST-05761,Female,0,No,No,57,No,No phone service,DSL,No internet service,No internet service,No,No,No internet service,No internet service,month-to-month,Yes,credit_card,63.28,3607.01,No
CUST-05762,Male,1,No,No,35,Yes,No,Fiber optic,No,No internet service,Yes,No,No internet service,Yes,two year,Yes,credit_card,118.77,4156.78,No
CUST-05763,Female,0,Yes,Yes,61,Yes,No,Fiber optic,No,No,Yes,No,No,Yes,month-to-month,Yes,mailed_check,104.47,6372.84,No
CUST-05764,Female,0,Yes,No,42,Yes,Yes,No,No,No,Yes,No internet service,No internet service,Yes,one year,Yes,credit_card,38.74,1626.93,No
CUST-05765,Male,1,Yes,Yes,38,Yes,Yes,DSL,No,No,No internet service,No,Yes,Yes,one year,No,credit_card,45.35,1723.26,No
CUST-05766,Male,0,No,No,11,Yes,Yes,No,No,No,Yes,No,No,No,month-to-month,No,credit_card,31.45,345.9,No
CUST-05767,Male,0,No,No,55,Yes,No,Fiber optic,No,Yes,No,No internet service,No,No,month-to-month,Yes,electronic_check,107.04,5886.98,No
CUST-05768,Female,1,Yes,No,36,No,No phone service,Fiber optic,Yes,No internet service,Yes,Yes,No,No internet service,one year,Yes,mailed_check,119.15,4289.41,No
CUST-05769,Male,1,No,No,22,Yes,Yes,Fiber optic,Yes,No internet service,No internet service,Yes,No,No internet service,month-to-month,No,electronic_check,86.27,1897.98,No
CUST-05770,Female,0,No,No,66,Yes,Yes,DSL,No,No,Yes,No internet service,No internet service,Yes,month-to-month,Yes,mailed_check,60.74,4008.58,No
CUST-05771,Male,1,Yes,No,41,No,No phone service,Fiber optic,Yes,No,Yes,No internet service,Yes,Yes,month-to-month,Yes,bank_transfer,114.55,4696.59,No
CUST-05772,Female,0,Yes,Yes,50,Yes,No,Fiber optic,No internet service,Yes,No internet service,Yes,No,No,month-to-month,No,electronic_check,122.66,6132.84,No
CUST-05773,Male,1,Yes,No,15,Yes,No,DSL,Yes,No,No internet service,No,Yes,No,month-to-month,No,electronic_check,57.9,868.53,Yes
CUST-05774,Female,1,No,Yes,22,Yes,Yes,Fiber optic,No internet service,No internet service,No internet service,No internet service,No internet service,Yes,two year,Yes,bank_transfer,96.48,2122.46,No
CUST-05775,Male,1,No,No,47,Yes,Yes,Fiber optic,No,No,No internet service,No internet service,No,No,month-to-month,Yes,bank_transfer,69.27,3255.9,No
CUST-05776,Male,0,No,Yes,35,Yes,No,Fiber optic,No internet service,No,No,No,No internet service,No internet service,month-to-month,Yes,electronic_check,105.2,3682.03,No
CUST-05777,Female,1,No,Yes,70,Yes,No,DSL,Yes,Yes,No,No,Yes,No internet service,one year,No,mailed_check,68.06,4764.07,No
CUST-05778,Male,0,Yes,No,45,Yes,No,Fiber optic,No internet service,No,Yes,No,No internet service,No,month-to-month,Yes,credit_card,133.01,5985.5,No
CUST-05779,Male,0,No,No,25,No,No phone service,Fiber optic,No internet service,No,No,No,No,No internet service,month-to-month,Yes,mailed_check,129.46,3236.44,Yes
CUST-05780,Male,0,No,Yes,14,Yes,Yes,DSL,Yes,No internet service,No,No,Yes,Yes,two year,Yes,credit_card,80.76,1130.69,No
CUST-05781,Male,0,No,No,53,Yes,Yes,Fiber optic,Yes,No internet service,No,Yes,No internet service,No internet service,month-to-month,No,electronic_check,56.27,2982.51,No
CUST-05782,Female,1,No,Yes,34,Yes,Yes,No,No,Yes,No,No internet service,Yes,Yes,month-to-month,No,bank_transfer,24.2,822.84,No
CUST-05783,Female,1,No,No,71,Yes,Yes,Fiber optic,No,Yes,No internet service,No,No,Yes,one year,No,credit_card,82.37,5848.19,No
CUST-05784,Female,1,No,No,40,Yes,Yes,DSL,Yes,No,Yes,No internet service,No,Yes,month-to-month,Yes,bank_transfer,65.92,2636.71,No
CUST-05785,Female,0,No,No,42,Yes,No,DSL,Yes,No,No,Yes,No,No internet service,two year,No,mailed_check,50.95,2139.82,No
CUST-05786,Male,0,No,No,0,Yes,No,Fiber optic,No,No,Yes,No,No,No internet service,two year,Yes,electronic_check,114.87,114.87,Yes
CUST-05787,Female,1,No,Yes,37,Yes,No,Fiber optic,No internet service,No internet service,Yes,No internet service,No internet service,No internet service,month-to-month,No,bank_transfer,96.8,3581.46,No
CUST-05788,Male,0,Yes,Yes,0,Yes,No,DSL,No internet service,Yes,No internet service,Yes,No,Yes,month-to-month,No,electronic_check,45.12,45.12,Yes
CUST-05789,Female,1,No,No,54,Yes,No,Fiber optic,No,No,No,No internet service,No internet service,No,month-to-month,Yes,bank_transfer,110.61,5973.08,No
CUST-05790,Female,0,Yes,No,13,Yes,Yes,DSL,Yes,No internet service,No,No internet service,Yes,Yes,month-to-month,Yes,electronic_check,56.48,734.28,No
CUST-05791,Male,1,No,Yes,16,Yes,Yes,Fiber optic,Yes,No,Yes,No internet service,No internet service,No,month-to-month,No,mailed_check,88.52,1416.39,Yes
CUST-05792,Male,1,No,Yes,49,Yes,Yes,Fiber optic,Yes,No internet service,No,No,No,No,month-to-month,No,mailed_check,98.83,4842.63,No
CUST-05793,Male,1,No,No,56,Yes,Yes,Fiber optic,No internet service,No,Yes,No internet service,No,No,two year,Yes,mailed_check,88.83,4974.26,No
CUST-05794,Male,1,Yes,No,61,Yes,No,DSL,Yes,No,No internet service,Yes,Yes,No internet service,month-to-month,Yes,electronic_check,64.07,3908.14,No
CUST-05795,Male,0,No,Yes,41,Yes,Yes,Fiber optic,No,Yes,Yes,Yes,No internet service,No,month-to-month,No,bank_transfer,102.67,4209.54,No
CUST-05796,Female,1,No,No,58,Yes,No,DSL,Yes,No internet service,Yes,No internet service,No,No,one year,No,mailed_check,57.68,3345.38,No
CUST-05797,Male,0,Yes,No,48,Yes,Yes,DSL,No,No internet service,No internet service,No,Yes,Yes,two year,Yes,mailed_check,64.92,3116.08,No
CUST-05798,Male,1,Yes,No,32,Yes,No,DSL,Yes,No,No internet service,No,Yes,No internet service,month-to-month,No,mailed_check,28.74,919.84,No
CUST-05799,Female,1,No,No,29,Yes,Yes,DSL,No internet service,Yes,Yes,Yes,No,No internet service,two year,Yes,electronic_check,39.43,1143.49,No
CUST-05800,Male,1,Yes,Yes,61,Yes,No,DSL,No,Yes,Yes,No,No,No,two year,Yes,electronic_check,80.94,4937.63,No
CUST-05801,Male,0,Yes,No,60,Yes,Yes,Fiber optic,No internet service,No internet service,Yes,No internet service,Yes,No,month-to-month,Yes,electronic_check,100.48,6028.92,No
CUST-05802,Male,1,No,No,61,Yes,No,Fiber optic,Yes,No,No internet service,Yes,Yes,No,one year,No,mailed_check,91.09,5556.75,No
CUST-05803,Male,0,No,No,70,Yes,No,DSL,Yes,Yes,No internet service,Yes,No internet service,Yes,month-to-month,Yes,electronic_check,59.83,4188.38,No
CUST-05804,Male,1,No,No,34,No,No phone service,Fiber optic,Yes,No internet service,Yes,No internet service,No internet service,No,month-to-month,No,bank_transfer,111.35,3785.93,No
CUST-05805,Female,1,Yes,No,70,Yes,Yes,Fiber optic,No,No internet service,Yes,No,No,Yes,month-to-month,Yes,electronic_check,92.63,6484.16,No
CUST-05806,Female,1,Yes,Yes,9,Yes,Yes,DSL,No,No internet service,No,Yes,No internet service,No internet service,two year,No,electronic_check,56.74,510.69,No
CUST-05807,Female,0,Yes,No,69,Yes,No,Fiber optic,No internet service,Yes,No internet service,Yes,No,No internet service,month-to-month,No,electronic_check,93.43,6446.35,No
CUST-05808,Female,1,No,Yes,13,No,No phone service,DSL,No,No internet service,No internet service,No internet service,No,Yes,month-to-month,No,electronic_check,61.27,796.53,Yes
CUST-05809,Female,1,Yes,Yes,31,Yes,Yes,No,No internet service,No,No internet service,Yes,No internet service,Yes,month-to-month,Yes,electronic_check,18.73,580.74,No
CUST-05810,Female,0,No,No,21,Yes,No,DSL,No,Yes,No internet service,Yes,No internet service,No internet service,one year,Yes,electronic_check,70.83,1487.42,No
CUST-05811,Male,1,Yes,No,24,Yes,No,Fiber optic,No internet service,No internet service,Yes,Yes,No,No internet service,month-to-month,Yes,electronic_check,96.9,2325.49,No
CUST-05812,Male,1,No,No,61,Yes,Yes,DSL,No internet service,No internet service,Yes,Yes,No internet service,Yes,month-to-month,Yes,credit_card,89.52,5460.57,No
CUST-05813,Male,1,Yes,No,14,Yes,No,No,No internet service,Yes,No,No internet service,Yes,No,month-to-month,Yes,credit_card,38.08,533.18,No
CUST-05814,Male,1,Yes,No,31,No,No phone service,Fiber optic,No,Yes,Yes,No,Yes,No internet service,month-to-month,Yes,electronic_check,130.22,4036.88,No
CUST-05815,Male,0,Yes,No,56,Yes,No,Fiber optic,No internet service,No internet service,No,No,No,Yes,one year,Yes,mailed_check,89.02,4985.14,No
CUST-05816,Female,0,No,No,17,No,No phone service,Fiber optic,No,No,No internet service,No internet service,No internet service,No internet service,month-to-month,Yes,electronic_check,124.26,2112.38,Yes
CUST-05817,Female,0,Yes,No,58,Yes,Yes,Fiber optic,No,No internet service,No,No,Yes,No,month-to-month,Yes,bank_transfer,93.32,5412.85,No
CUST-05818,Female,1,No,No,18,Yes,No,Fiber optic,Yes,Yes,No,No,No,No,month-to-month,No,mailed_check,117.99,2123.83,No
CUST-05819,Male,1,Yes,No,35,Yes,Yes,DSL,No,No,No,No internet service,Yes,No,one year,Yes,electronic_check,93.79,3282.7,No
CUST-05820,Male,0,No,No,25,Yes,No,DSL,No internet service,No,No internet service,No,No internet service,No internet service,month-to-month,Yes,electronic_check,55.5,1387.38,Yes
CUST-05821,Female,1,No,No,69,Yes,Yes,DSL,No internet service,Yes,No,No,No,No,month-to-month,Yes,electronic_check,46.01,3174.47,No
CUST-05822,Male,1,Yes,No,58,Yes,Yes,No,No internet service,No internet service,No,No,Yes,No,one year,No,bank_transfer,17.16,995.34,No
CUST-05823,Male,1,Yes,No,70,Yes,Yes,Fiber optic,Yes,No,Yes,No internet service,No,No internet service,one year,Yes,credit_card,58.91,4123.62,No
CUST-05824,Male,1,Yes,No,10,Yes,No,DSL,No,No,No internet service,No internet service,No,No internet service,two year,Yes,bank_transfer,76.33,763.28,No
CUST-05825,Male,0,No,Yes,54,Yes,Yes,DSL,No internet service,No internet service,No internet service,No,No internet service,No,month-to-month,Yes,mailed_check,46.27,2498.45,No
CUST-05826,Female,1,No,No,12,Yes,Yes,DSL,No,No internet service,No internet service,No internet service,No,No,one year,Yes,bank_transfer,51.8,621.55,No
CUST-05827,Male,0,Yes,No,69,Yes,Yes,Fiber optic,No,No,No,No,Yes,No internet service,month-to-month,Yes,electronic_check,119.15,8221.46,No
CUST-05828,Male,0,No,No,23,Yes,Yes,Fiber optic,No internet service,Yes,No internet service,No,Yes,No,month-to-month,Yes,electronic_check,97.54,2243.33,No
CUST-05829,Male,0,Yes,Yes,41,Yes,Yes,DSL,Yes,Yes,No,Yes,No,No,month-to-month,No,credit_card,46.36,1900.73,No
CUST-05830,Male,1,No,No,24,Yes,No,DSL,No internet service,No,No internet service,No,No internet service,No,two year,Yes,credit_card,64.69,1552.66,No
CUST-05831,Male,0,Yes,No,15,Yes,Yes,DSL,No internet service,No internet service,No internet service,No,No internet service,No,month-to-month,No,electronic_check,71.59,1073.92,No
CUST-05832,Male,1,Yes,No,8,Yes,No,DSL,No,No internet service,Yes,Yes,Yes,No,one year,Yes,credit_card,55.52,444.17,No
CUST-05833,Male,1,No,Yes,12,Yes,No,DSL,No internet service,No internet service,No internet service,No,Yes,No,two year,Yes,electronic_check,68.34,820.09,No
CUST-05834,Female,0,Yes,No,69,Yes,No,Fiber optic,No,No,Yes,No internet service,No,Yes,two year,No,mailed_check,94.07,6490.75,No
CUST-05835,Male,0,No,No,14,Yes,No,DSL,Yes,No,No internet service,No,Yes,Yes,two year,Yes,electronic_check,72.8,1019.14,No
CUST-05836,Male,0,No,Yes,9,No,No phone service,DSL,No internet service,No internet service,No,No,No internet service,No internet service,month-to-month,Yes,credit_card,64.28,578.56,Yes
CUST-05837,Male,0,No,No,46,Yes,No,DSL,No,Yes,Yes,Yes,Yes,No internet service,month-to-month,No,mailed_check,48.69,2239.73,No
CUST-05838,Male,1,Yes,No,11,No,No phone service,DSL,No,No internet service,No internet service,No,No,No internet service,month-to-month,No,mailed_check,50.02,550.19,No
CUST-05839,Male,0,No,No,23,Yes,Yes,Fiber optic,No,No internet service,No internet service,No,No internet service,No internet service,month-to-month,Yes,mailed_check,119.65,2751.86,No
CUST-05840,Female,0,No,Yes,19,Yes,No,Fiber optic,Yes,Yes,No internet service,No,No internet service,No internet service,one year,Yes,electronic_check,101.49,1928.39,No
CUST-05841,Male,1,Yes,No,62,Yes,No,DSL,No,No,No,No internet service,No internet service,No,month-to-month,Yes,credit_card,48.12,2983.35,No
CUST-05842,Male,0,No,No,21,Yes,No,No,No,No,No internet service,No,No internet service,No,month-to-month,Yes,bank_transfer,37.39,785.23,No
CUST-05843,Female,1,No,No,56,Yes,No,DSL,No internet service,No,No,No,No,No internet service,month-to-month,Yes,credit_card,60.25,3374.12,No
CUST-05844,Male,1,Yes,No,37,Yes,No,Fiber optic,Yes,Yes,No internet service,Yes,No internet service,Yes,one year,Yes,electronic_check,99.25,3672.23,No
CUST-05845,Female,1,Yes,No,24,Yes,No,DSL,No internet service,No internet service,No internet service,Yes,Yes,No,two year,Yes,bank_transfer,75.35,1808.28,No
CUST-05846,Female,0,No,No,58,No,No phone service,Fiber optic,Yes,Yes,No internet service,No,No,No,one year,No,mailed_check,111.01,6438.72,No
CUST-05847,Male,1,Yes,No,54,Yes,No,Fiber optic,No,Yes,No internet service,No internet service,No,Yes,two year,No,electronic_check,94.56,5106.19,No
CUST-05848,Male,1,Yes,No,23,Yes,No,DSL,No,No,No,No,Yes,No internet service,two year,Yes,electronic_check,94.67,2177.51,No
CUST-05849,Male,0,Yes,Yes,18,Yes,Yes,DSL,No,Yes,No internet service,No,No internet service,Yes,month-to-month,No,electronic_check,57.31,1031.63,No
CUST-05850,Male,0,Yes,No,17,Yes,Yes,Fiber optic,No,Yes,Yes,No,No internet service,No,month-to-month,Yes,mailed_check,112.93,1919.78,No
CUST-05851,Female,0,Yes,No,61,Yes,Yes,DSL,No,No,Yes,No,No internet service,No,one year,Yes,electronic_check,86.09,5251.38,No
CUST-05852,Male,1,Yes,Yes,5,Yes,No,No,No,Yes,No internet service,No,No,No,month-to-month,Yes,bank_transfer,14.65,73.26,Yes
CUST-05853,Male,0,Yes,No,57,Yes,No,No,Yes,Yes,No,No,No internet service,No,month-to-month,Yes,electronic_check,10.72,610.9,No
CUST-05854,Male,0,No,No,10,Yes,Yes,Fiber optic,No,Yes,Yes,No,Yes,No internet service,month-to-month,Yes,electronic_check,99.69,996.87,Yes
CUST-05855,Female,0,Yes,No,4,Yes,No,Fiber optic,No,No internet service,No internet service,No,No internet service,Yes,one year,Yes,electronic_check,73.23,292.92,No
CUST-05856,Male,1,No,No,10,Yes,Yes,DSL,No internet service,No internet service,No internet service,No internet service,No internet service,No internet service,month-to-month,Yes,electronic_check,59.85,598.54,Yes
CUST-05857,Male,1,Yes,No,61,Yes,No,No,No,No,Yes,No internet service,No,Yes,month-to-month,Yes,electronic_check,2.02,123.39,No
CUST-05858,Female,1,No,No,63,Yes,No,No,No,No,No,No,No internet service,No,two year,Yes,mailed_check,37.72,2376.26,No
CUST-05859,Female,0,No,Yes,17,No,No phone service,DSL,Yes,No,No,Yes,Yes,No internet service,month-to-month,Yes,mailed_check,46.85,796.43,No
CUST-05860,Female,0,Yes,No,45,Yes,Yes,DSL,No,No,No,No,No,Yes,one year,Yes,credit_card,81.49,3667.11,No
CUST-05861,Female,1,Yes,No,65,Yes,No,Fiber optic,Yes,Yes,No,No,Yes,No internet service,one year,No,bank_transfer,114.04,7412.28,No
CUST-05862,Female,1,Yes,No,30,Yes,Yes,Fiber optic,No internet service,No internet service,No,No internet service,Yes,Yes,month-to-month,Yes,electronic_check,103.76,3112.75,No
CUST-05863,Female,1,No,No,4,Yes,Yes,Fiber optic,No,No internet service,Yes,No,Yes,No,two year,Yes,electronic_check,89.7,358.78,Yes
CUST-05864,Female,0,No,No,53,No,No phone service,No,Yes,No,No,No internet service,No,Yes,month-to-month,Yes,electronic_check,35.39,1875.84,Yes
CUST-05865,Female,1,No,No,60,Yes,No,DSL,Yes,No internet service,No,Yes,No internet service,No,month-to-month,No,bank_transfer,81.18,4870.6,No
CUST-05866,Female,0,No,Yes,72,Yes,Yes,DSL,Yes,No,No,Yes,No internet service,No,two year,Yes,credit_card,38.13,2745.29,No
CUST-05867,Male,0,No,No,7,Yes,No,DSL,No,No internet service,No,Yes,Yes,No internet service,two year,Yes,electronic_check,77.14,539.98,No
CUST-05868,Female,1,No,Yes,63,Yes,No,No,No,No,No internet service,Yes,No internet service,No,two year,Yes,mailed_check,12.48,786.27,No
CUST-05869,Male,0,Yes,No,68,Yes,No,Fiber optic,No,No internet service,No internet service,No,No internet service,No,month-to-month,Yes,electronic_check,122.59,8335.91,No
CUST-05870,Female,0,No,No,29,Yes,No,DSL,Yes,Yes,No internet service,No,No internet service,No,month-to-month,Yes,electronic_check,39.78,1153.66,Yes
CUST-05871,Female,0,No,Yes,12,Yes,No,Fiber optic,Yes,No internet service,No,Yes,No,No,month-to-month,Yes,mailed_check,111.85,1342.25,No
CUST-05872,Male,1,No,Yes,25,Yes,Yes,DSL,Yes,No,Yes,No,No,Yes,month-to-month,No,credit_card,36.85,921.35,No
CUST-05873,Female,0,No,No,62,Yes,No,Fiber optic,Yes,No,No,Yes,No,No internet service,month-to-month,No,credit_card,92.16,5713.84,No
CUST-05874,Female,1,Yes,No,29,Yes,Yes,Fiber optic,No internet service,No internet service,No,No internet service,No,No internet service,month-to-month,Yes,electronic_check,129.63,3759.24,No
CUST-05875,Female,0,Yes,No,34,Yes,Yes,Fiber optic,Yes,No,No internet service,No internet service,Yes,No,two year,Yes,electronic_check,114.63,3897.45,No
CUST-05876,Female,0,Yes,No,50,Yes,Yes,Fiber optic,Yes,No,Yes,No,No internet service,No,month-to-month,Yes,bank_transfer,93.0,4650.07,No
CUST-05877,Male,0,Yes,Yes,51,Yes,Yes,Fiber optic,No,Yes,No,No internet service,Yes,No,month-to-month,No,electronic_check,128.77,6567.35,Yes
CUST-05878,Female,0,No,No,35,Yes,No,DSL,Yes,Yes,No,Yes,No,No,one year,Yes,mailed_check,67.77,2371.79,No
CUST-05879,Male,0,Yes,Yes,59,Yes,Yes,DSL,Yes,No,No internet service,Yes,Yes,No,one year,Yes,bank_transfer,61.25,3613.75,No
CUST-05880,Male,1,Yes,No,51,No,No phone service,DSL,No internet service,Yes,No,Yes,Yes,No internet service,month-to-month,No,bank_transfer,52.4,2672.47,No
CUST-05881,Female,1,Yes,Yes,65,Yes,Yes,No,Yes,No,No,Yes,No internet service,No internet service,two year,No,electronic_check,25.69,1669.95,No
CUST-05882,Male,0,No,No,20,Yes,No,Fiber optic,No,No,No,No,Yes,No internet service,month-to-month,No,electronic_check,79.15,1583.04,No
CUST-05883,Male,1,No,Yes,28,Yes,No,DSL,No,No,No,No,Yes,No,two year,Yes,electronic_check,51.04,1429.17,No
CUST-05884,Female,1,No,No,53,Yes,No,No,No internet service,No,No internet service,No,No,Yes,month-to-month,No,credit_card,14.03,743.59,No
CUST-05885,Female,1,No,No,40,Yes,No,Fiber optic,Yes,No,No,No,No,No,month-to-month,Yes,electronic_check,93.23,3729.21,Yes
CUST-05886,Female,0,Yes,No,14,Yes,No,DSL,Yes,No internet service,No internet service,Yes,Yes,No internet service,two year,Yes,bank_transfer,60.36,844.97,No
CUST-05887,Female,1,Yes,Yes,51,Yes,No,Fiber optic,Yes,No internet service,Yes,Yes,No,Yes,one year,Yes,credit_card,82.09,4186.67,No
CUST-05888,Female,1,Yes,Yes,3,Yes,No,DSL,Yes,Yes,No,No,No internet service,Yes,one year,Yes,bank_transfer,87.28,261.84,Yes
CUST-05889,Female,1,Yes,No,18,Yes,Yes,No,Yes,Yes,No internet service,No internet service,No,Yes,month-to-month,Yes,credit_card,18.95,341.18,No
CUST-05890,Female,0,Yes,No,7,Yes,Yes,DSL,Yes,Yes,Yes,Yes,No,No internet service,one year,No,bank_transfer,65.88,461.19,No
CUST-05891,Male,0,No,Yes,9,Yes,No,Fiber optic,Yes,Yes,No internet service,Yes,Yes,No,month-to-month,Yes,electronic_check,90.96,818.64,Yes
CUST-05892,Male,0,Yes,No,52,Yes,Yes,DSL,Yes,Yes,No internet service,No,No internet service,No internet service,two year,No,mailed_check,83.85,4360.33,No
CUST-05893,Female,0,Yes,No,38,No,No phone service,Fiber optic,Yes,No,No internet service,No,Yes,Yes,two year,Yes,credit_card,115.25,4379.43,No
CUST-05894,Female,1,No,Yes,46,Yes,Yes,Fiber optic,No,No internet service,No,No internet service,No internet service,No,month-to-month,Yes,electronic_check,110.42,5079.27,No
CUST-05895,Male,0,No,No,16,Yes,No,DSL,No,No,No,No internet service,No internet service,No internet service,one year,Yes,electronic_check,60.63,970.15,No
CUST-05896,Male,1,Yes,Yes,36,Yes,Yes,DSL,No,No internet service,No,No,No internet service,No,month-to-month,Yes,credit_card,81.51,2934.42,No
CUST-05897,Male,0,No,No,29,Yes,No,Fiber optic,No,Yes,No,Yes,Yes,Yes,one year,Yes,electronic_check,83.62,2425.1,Yes
CUST-05898,Female,0,No,No,48,No,No phone service,Fiber optic,Yes,No,No internet service,No,No internet service,No,month-to-month,No,mailed_check,111.03,5329.64,No
CUST-05899,Female,0,No,Yes,50,No,No phone service,Fiber optic,No internet service,No,No internet service,No,No,Yes,month-to-month,Yes,electronic_check,53.04,2651.85,No
CUST-05900,Female,0,No,No,40,Yes,No,Fiber optic,No internet service,Yes,No,No internet service,No internet service,No,one year,No,electronic_check,68.89,2755.46,No
CUST-05901,Female,0,No,No,4,Yes,No,DSL,No,No internet service,Yes,No internet service,Yes,Yes,two year,Yes,electronic_check,47.89,191.55,Yes
CUST-05902,Male,0,No,No,51,Yes,Yes,No,No,No,Yes,Yes,No internet service,Yes,month-to-month,Yes,mailed_check,14.83,756.08,No
CUST-05903,Male,1,Yes,No,59,Yes,No,Fiber optic,No internet service,No,No,Yes,No,No,one year,Yes,electronic_check,91.76,5413.77,No
CUST-05904,Female,0,Yes,No,50,No,No phone service,Fiber optic,No,No,No,No internet service,No internet service,No,two year,No,electronic_check,109.85,5492.41,No
CUST-05905,Male,1,Yes,No,1,Yes,No,Fiber optic,No internet service,No,No,No internet service,No,Yes,one year,No,credit_card,131.63,131.63,No
CUST-05906,Female,1,Yes,No,53,Yes,Yes,Fiber optic,No internet service,No,No,No,No internet service,No,one year,Yes,electronic_check,136.15,7215.98,No
CUST-05907,Male,0,No,Yes,7,Yes,Yes,DSL,No internet service,Yes,No internet service,Yes,No internet service,No,month-to-month,Yes,bank_transfer,42.35,296.46,No
CUST-05908,Female,0,No,No,61,Yes,No,Fiber optic,No internet service,No,Yes,Yes,No,No internet service,two year,No,electronic_check,114.28,6970.96,No
CUST-05909,Male,1,Yes,No,65,Yes,No,DSL,No,No,Yes,No,No,No internet service,one year,No,bank_transfer,66.88,4347.33,No
CUST-05910,Male,1,No,No,33,Yes,Yes,DSL,Yes,Yes,Yes,Yes,No,No,month-to-month,Yes,bank_transfer,49.54,1634.95,No
CUST-05911,Female,1,Yes,No,64,Yes,Yes,Fiber optic,Yes,No,No internet service,Yes,No internet service,No internet service,month-to-month,No,mailed_check,136.87,8759.62,No
CUST-05912,Female,1,No,No,29,Yes,No,Fiber optic,No,No internet service,Yes,Yes,Yes,No,two year,Yes,bank_transfer,101.86,2953.99,No
CUST-05913,Female,1,No,No,8,Yes,Yes,DSL,Yes,No,No,No,Yes,Yes,one year,No,bank_transfer,70.59,564.74,No
CUST-05914,Female,1,No,No,5,Yes,Yes,Fiber optic,No,No,No,No internet service,No internet service,No internet service,one year,Yes,credit_card,106.73,533.64,Yes
CUST-05915,Male,0,Yes,No,65,Yes,No,DSL,No,Yes,No,Yes,No,Yes,month-to-month,Yes,electronic_check,89.86,5840.99,No
CUST-05916,Female,1,No,No,50,Yes,No,DSL,No,Yes,No,Yes,No internet service,No internet service,month-to-month,No,electronic_check,53.34,2667.21,No
CUST-05917,Male,0,Yes,No,37,Yes,No,DSL,No internet service,Yes,Yes,No internet service,No,No,two year,Yes,electronic_check,67.76,2507.03,No
CUST-05918,Female,0,No,Yes,58,Yes,No,Fiber optic,No internet service,No,No internet service,No,Yes,No internet service,month-to-month,Yes,mailed_check,100.06,5803.33,No
CUST-05919,Male,0,No,No,45,Yes,Yes,DSL,No,Yes,No internet service,No internet service,Yes,No internet service,two year,Yes,credit_card,91.33,4109.75,No
CUST-05920,Female,1,No,No,40,Yes,No,Fiber optic,No internet service,No,No internet service,Yes,No internet service,Yes,month-to-month,Yes,mailed_check,93.56,3742.54,No
CUST-05921,Male,1,Yes,No,58,Yes,No,DSL,No,Yes,Yes,No,No,Yes,one year,Yes,mailed_check,40.04,2322.24,No
CUST-05922,Female,1,Yes,No,42,No,No phone service,DSL,No internet service,No,No,No,No,No,month-to-month,Yes,electronic_check,56.98,2393.18,No
CUST-05923,Male,1,Yes,Yes,66,Yes,Yes,Fiber optic,No,No,No internet service,No internet service,No internet service,Yes,month-to-month,No,electronic_check,97.5,6434.67,No
CUST-05924,Male,0,No,No,47,Yes,No,Fiber optic,No internet service,No internet service,No,No,No,No internet service,month-to-month,Yes,bank_transfer,106.25,4993.66,No
CUST-05925,Female,1,No,No,21,Yes,No,Fiber optic,No internet service,Yes,No internet service,Yes,Yes,No,month-to-month,No,electronic_check,105.17,2208.66,Yes
CUST-05926,Female,1,No,Yes,2,Yes,Yes,DSL,Yes,Yes,Yes,No internet service,Yes,Yes,month-to-month,Yes,bank_transfer,79.07,158.14,No
CUST-05927,Female,1,No,No,20,Yes,No,Fiber optic,Yes,No,No,Yes,No,No internet service,one year,Yes,bank_transfer,91.73,1834.59,No
CUST-05928,Male,1,No,No,4,Yes,No,Fiber optic,No,Yes,No,No,No internet service,Yes,month-to-month,No,electronic_check,113.37,453.49,Yes
CUST-05929,Female,1,No,No,54,Yes,No,DSL,Yes,Yes,No internet service,Yes,Yes,No,month-to-month,Yes,bank_transfer,36.98,1996.75,No
CUST-05930,Female,0,Yes,No,61,Yes,No,Fiber optic,No,No,Yes,No,Yes,No internet service,month-to-month,No,bank_transfer,92.5,5642.4,No
CUST-05931,Male,1,No,Yes,8,No,No phone service,DSL,No internet service,No,No,No,No internet service,No internet service,one year,Yes,mailed_check,58.22,465.74,No
CUST-05932,Male,0,No,No,55,Yes,Yes,Fiber optic,Yes,No,No,No,No,No internet service,month-to-month,Yes,credit_card,69.01,3795.45,No
CUST-05933,Female,0,Yes,Yes,23,Yes,No,DSL,No,No,Yes,No,No,No,month-to-month,No,mailed_check,55.74,1281.91,No
CUST-05934,Female,0,Yes,No,38,Yes,Yes,No,No,No,No,No internet service,No internet service,No,month-to-month,Yes,electronic_check,6.67,253.44,No
CUST-05935,Female,0,No,No,15,No,No phone service,Fiber optic,Yes,Yes,Yes,No internet service,No internet service,No internet service,two year,No,electronic_check,84.67,1270.08,No
CUST-05936,Female,0,Yes,Yes,68,Yes,No,Fiber optic,No,No internet service,No,No,No internet service,No,one year,Yes,electronic_check,84.34,5735.28,No
CUST-05937,Female,0,Yes,No,11,No,No phone service,Fiber optic,No,No,No internet service,No,No internet service,No internet service,two year,No,bank_transfer,111.59,1227.52,No
CUST-05938,Female,0,Yes,No,3,Yes,No,Fiber optic,No internet service,No,No,No,No,No internet service,month-to-month,Yes,electronic_check,106.39,319.16,Yes
CUST-05939,Female,1,No,No,33,Yes,No,Fiber optic,No internet service,No internet service,Yes,No,Yes,Yes,two year,Yes,credit_card,116.17,3833.75,No
CUST-05940,Female,1,Yes,Yes,24,Yes,Yes,DSL,Yes,Yes,No,No internet service,No internet service,No,one year,Yes,bank_transfer,64.58,1549.84,No
CUST-05941,Female,1,Yes,No,10,Yes,No,Fiber optic,Yes,No internet service,No,Yes,No,No internet service,one year,No,mailed_check,97.16,971.59,No
CUST-05942,Male,1,No,Yes,9,Yes,Yes,DSL,No,Yes,Yes,No internet service,No,Yes,month-to-month,Yes,electronic_check,56.41,507.69,No
CUST-05943,Male,0,No,Yes,38,Yes,No,Fiber optic,Yes,No internet service,Yes,Yes,No internet service,No internet service,month-to-month,Yes,electronic_check,86.83,3299.4,No
CUST-05944,Male,0,No,No,14,Yes,No,Fiber optic,No internet service,Yes,No,Yes,No,No internet service,one year,No,electronic_check,89.59,1254.21,Yes
CUST-05945,Male,1,Yes,No,13,Yes,No,Fiber optic,No,No internet service,No,No internet service,No,No,two year,Yes,bank_transfer,143.3,1862.91,No
CUST-05946,Female,1,No,Yes,64,Yes,No,Fiber optic,Yes,Yes,No,No internet service,No internet service,Yes,month-to-month,Yes,credit_card,134.09,8581.73,No
CUST-05947,Male,1,No,No,39,Yes,Yes,Fiber optic,No internet service,No,Yes,No,Yes,No,month-to-month,No,credit_card,102.43,3994.72,Yes
CUST-05948,Female,0,Yes,No,24,No,No phone service,Fiber optic,No,No internet service,No internet service,Yes,Yes,No internet service,one year,No,mailed_check,109.21,2621.13,No
CUST-05949,Male,0,No,No,51,Yes,Yes,DSL,Yes,No internet service,No,No,Yes,Yes,month-to-month,Yes,credit_card,31.72,1617.55,No
CUST-05950,Male,0,No,No,59,Yes,No,DSL,No,Yes,No,No internet service,No internet service,No internet service,one year,No,mailed_check,66.09,3899.39,No
CUST-05951,Female,0,No,Yes,5,Yes,No,Fiber optic,No,Yes,Yes,No internet service,Yes,No,one year,Yes,electronic_check,100.82,504.08,Yes
CUST-05952,Male,1,No,Yes,6,Yes,No,Fiber optic,No,No internet service,No internet service,No,No internet service,No,month-to-month,No,mailed_check,67.2,403.22,No
CUST-05953,Male,0,Yes,No,3,Yes,Yes,No,Yes,No internet service,No internet service,No internet service,Yes,Yes,month-to-month,Yes,mailed_check,21.58,64.75,Yes
CUST-05954,Female,0,Yes,No,19,Yes,No,Fiber optic,No,No,No internet service,No,Yes,Yes,month-to-month,No,mailed_check,133.36,2533.83,No
CUST-05955,Female,0,No,No,33,Yes,No,DSL,Yes,No,Yes,No internet service,No,No,one year,No,electronic_check,35.58,1174.11,No
CUST-05956,Male,1,Yes,Yes,32,Yes,No,Fiber optic,No internet service,No internet service,Yes,No internet service,No,No,month-to-month,No,mailed_check,98.17,3141.29,Yes
CUST-05957,Female,1,No,Yes,4,Yes,Yes,Fiber optic,No,No,Yes,No,No,Yes,month-to-month,No,bank_transfer,121.83,487.31,Yes
CUST-05958,Male,0,No,Yes,50,No,No phone service,DSL,No internet service,No,No internet service,Yes,No internet service,No internet service,month-to-month,Yes,electronic_check,43.34,2167.16,No
CUST-05959,Male,1,No,No,19,Yes,No,Fiber optic,No internet service,No internet service,No,No,Yes,Yes,one year,No,mailed_check,107.93,2050.75,No
CUST-05960,Female,0,Yes,No,31,Yes,No,Fiber optic,Yes,Yes,No,No internet service,No,Yes,one year,No,mailed_check,128.27,3976.34,No
CUST-05961,Female,1,Yes,No,65,Yes,Yes,DSL,No,Yes,Yes,No,No internet service,Yes,month-to-month,No,credit_card,54.65,3552.25,No
CUST-05962,Female,1,Yes,Yes,5,Yes,No,Fiber optic,Yes,No,No internet service,Yes,Yes,No,month-to-month,No,electronic_check,83.48,417.39,No
CUST-05963,Female,1,Yes,No,5,Yes,No,DSL,Yes,No internet service,No,No internet service,Yes,No internet service,two year,Yes,electronic_check,53.92,269.59,No
CUST-05964,Male,0,Yes,Yes,64,Yes,No,Fiber optic,No internet service,No internet service,Yes,No internet service,Yes,No,one year,Yes,credit_card,110.0,7040.0,No
CUST-05965,Female,0,No,No,6,Yes,Yes,DSL,No,No,No internet service,No,No internet service,No internet service,two year,Yes,mailed_check,59.88,359.25,No
CUST-05966,Male,1,Yes,No,47,Yes,Yes,Fiber optic,Yes,Yes,No internet service,No,No internet service,No,month-to-month,No,credit_card,118.66,5577.01,No
CUST-05967,Female,0,Yes,No,29,Yes,Yes,DSL,Yes,Yes,No internet service,No,No,Yes,month-to-month,No,electronic_check,61.31,1778.0,Yes
CUST-05968,Male,0,Yes,Yes,58,Yes,No,No,No internet service,No,No,Yes,No,No,month-to-month,No,bank_transfer,0.37,21.34,No
CUST-05969,Male,1,Yes,No,41,Yes,No,Fiber optic,No internet service,No,No,No internet service,No,No,month-to-month,No,mailed_check,111.72,4580.32,No
CUST-05970,Female,0,No,No,41,Yes,No,Fiber optic,No,No internet service,No internet service,No,No internet service,No,month-to-month,No,electronic_check,119.31,4891.53,No
CUST-05971,Male,0,No,No,40,Yes,Yes,DSL,No,No,No internet service,Yes,No internet service,No,two year,Yes,credit_card,70.54,2821.61,No
CUST-05972,Female,1,No,No,4,Yes,Yes,Fiber optic,No internet service,No internet service,No,No internet service,No,No,one year,Yes,electronic_check,110.19,440.75,Yes
CUST-05973,Male,0,Yes,No,28,Yes,No,Fiber optic,Yes,No,No internet service,No internet service,No,Yes,month-to-month,No,electronic_check,83.22,2330.04,Yes
CUST-05974,Male,0,No,Yes,5,No,No phone service,Fiber optic,No,No internet service,No,Yes,No,No internet service,one year,Yes,credit_card,98.43,492.15,No
CUST-05975,Female,1,No,Yes,24,Yes,No,DSL,Yes,Yes,No,No internet service,Yes,No,one year,Yes,electronic_check,59.89,1437.45,Yes
CUST-05976,Male,1,Yes,Yes,25,Yes,Yes,Fiber optic,No,Yes,No internet service,Yes,No,No internet service,two year,Yes,credit_card,108.55,2713.8,No
CUST-05977,Male,1,No,Yes,20,Yes,No,DSL,No,No,Yes,No internet service,No,No,two year,Yes,credit_card,69.76,1395.2,No
CUST-05978,Female,1,Yes,No,41,Yes,No,DSL,Yes,No,Yes,No internet service,No,Yes,one year,No,credit_card,73.93,3031.01,No
CUST-05979,Male,1,No,No,12,No,No phone service,Fiber optic,Yes,No,Yes,No,No,Yes,month-to-month,No,credit_card,88.35,1060.15,Yes
CUST-05980,Male,1,Yes,No,41,Yes,Yes,No,No internet service,No internet service,No internet service,No,No internet service,Yes,two year,No,mailed_check,19.12,783.8,No
CUST-05981,Male,1,No,No,44,Yes,No,Fiber optic,Yes,No internet service,Yes,No internet service,Yes,Yes,one year,No,mailed_check,85.28,3752.38,No
CUST-05982,Male,0,Yes,No,7,No,No phone service,Fiber optic,Yes,No internet service,No,Yes,No,No internet service,month-to-month,No,credit_card,125.53,878.71,Yes
CUST-05983,Female,0,Yes,Yes,50,Yes,No,Fiber optic,Yes,Yes,No,No,No internet service,No,month-to-month,No,mailed_check,119.37,5968.37,No
CUST-05984,Female,1,No,No,53,Yes,No,No,No,Yes,No internet service,No internet service,No,No internet service,two year,Yes,electronic_check,30.23,1602.38,No
CUST-05985,Female,1,Yes,Yes,53,Yes,Yes,No,No internet service,No internet service,Yes,Yes,No,No internet service,one year,Yes,mailed_check,19.27,1021.33,No
CUST-05986,Female,0,No,Yes,67,Yes,Yes,DSL,No,No,No internet service,Yes,Yes,No,one year,Yes,credit_card,66.54,4457.89,No
CUST-05987,Male,1,Yes,No,44,Yes,No,Fiber optic,Yes,No,No internet service,No internet service,No,No,month-to-month,Yes,electronic_check,110.37,4856.09,Yes
CUST-05988,Male,1,No,Yes,45,Yes,Yes,No,Yes,No,Yes,No,No,No,one year,Yes,electronic_check,35.69,1606.24,No
CUST-05989,Female,1,Yes,No,60,Yes,No,DSL,No,Yes,Yes,No,No,Yes,one year,No,mailed_check,68.75,4124.96,No
CUST-05990,Female,0,No,No,60,No,No phone service,Fiber optic,No,No,No,No,No,Yes,one year,No,mailed_check,83.21,4992.87,No
CUST-05991,Female,0,No,No,48,Yes,No,DSL,No,No internet service,No internet service,No,Yes,Yes,one year,Yes,mailed_check,31.53,1513.34,No
CUST-05992,Male,1,No,No,26,Yes,No,DSL,No,No internet service,No,Yes,No,No,month-to-month,Yes,electronic_check,49.14,1277.64,Yes
CUST-05993,Male,0,No,No,30,Yes,Yes,Fiber optic,No internet service,No internet service,No,No,No,No,one year,Yes,bank_transfer,116.68,3500.39,No
CUST-05994,Male,1,No,No,20,Yes,No,DSL,Yes,Yes,Yes,No internet service,No,No internet service,month-to-month,Yes,electronic_check,52.63,1052.63,No
CUST-05995,Male,1,No,No,11,Yes,No,DSL,Yes,No internet service,Yes,No internet service,No,Yes,month-to-month,No,bank_transfer,62.57,688.29,Yes
CUST-05996,Male,0,No,No,14,Yes,Yes,DSL,No internet service,No,No,No internet service,Yes,No,month-to-month,Yes,bank_transfer,56.73,794.29,No
CUST-05997,Female,1,Yes,Yes,64,Yes,No,Fiber optic,No internet service,No,No,No internet service,No,No,month-to-month,Yes,mailed_check,70.49,4511.11,No
CUST-05998,Female,0,No,Yes,40,Yes,No,Fiber optic,No internet service,No,No internet service,No,Yes,No internet service,month-to-month,No,credit_card,93.12,3724.66,No
CUST-05999,Female,1,Yes,No,58,Yes,Yes,Fiber optic,No internet service,No,No internet service,No internet service,Yes,No,month-to-month,Yes,bank_transfer,97.16,5635.26,No
CUST-06000,Male,0,No,No,33,Yes,No,DSL,No,Yes,No internet service,No internet service,Yes,No,one year,Yes,bank_transfer,78.26,2582.47,No
CUST-06001,Male,0,No,No,72,Yes,Yes,Fiber optic,No,No,No internet service,Yes,No internet service,No internet service,two year,Yes,credit_card,137.5,9899.97,No
CUST-06002,Male,1,No,No,23,Yes,Yes,DSL,Yes,No,Yes,Yes,Yes,No internet service,two year,Yes,mailed_check,48.1,1106.27,No
CUST-06003,Male,0,Yes,No,29,No,No phone service,DSL,No,No,No,No,No,No internet service,two year,Yes,electronic_check,101.47,2942.49,No
CUST-06004,Male,0,No,No,31,Yes,Yes,DSL,No,No internet service,No,No,No internet service,No,one year,No,credit_card,52.51,1627.77,No
CUST-06005,Female,0,No,No,9,Yes,No,DSL,No,No,Yes,Yes,No,No internet service,month-to-month,No,electronic_check,57.48,517.31,No
CUST-06006,Male,0,No,Yes,14,Yes,No,DSL,No internet service,No internet service,No,No internet service,No internet service,No internet service,month-to-month,Yes,credit_card,59.82,837.52,No
CUST-06007,Female,0,Yes,No,66,Yes,No,DSL,No internet service,No,Yes,Yes,No,No internet service,month-to-month,No,credit_card,63.39,4183.91,No
CUST-06008,Male,1,No,No,71,Yes,No,DSL,No,Yes,Yes,Yes,No,No,month-to-month,Yes,electronic_check,55.49,3939.63,No
CUST-06009,Male,1,Yes,No,5,Yes,Yes,Fiber optic,No internet service,Yes,Yes,No internet service,No,No,month-to-month,Yes,mailed_check,132.28,661.42,No
CUST-06010,Male,0,No,No,26,Yes,Yes,Fiber optic,Yes,Yes,No,No,No,Yes,month-to-month,Yes,electronic_check,90.29,2347.47,No
CUST-06011,Female,0,Yes,No,65,Yes,No,DSL,No,Yes,Yes,Yes,No,No,month-to-month,Yes,bank_transfer,55.66,3617.66,No
CUST-06012,Female,1,Yes,No,53,Yes,Yes,DSL,No internet service,Yes,No internet service,No,No internet service,No internet service,month-to-month,Yes,mailed_check,23.98,1270.74,No
CUST-06013,Female,0,No,No,32,Yes,Yes,Fiber optic,No internet service,Yes,No,No internet service,No,No,month-to-month,Yes,credit_card,94.05,3009.72,Yes
CUST-06014,Female,1,Yes,No,54,Yes,No,Fiber optic,Yes,No,Yes,Yes,No internet service,No,month-to-month,No,electronic_check,126.84,6849.59,No
CUST-06015,Male,0,No,Yes,45,Yes,No,No,Yes,No internet service,No internet service,Yes,No,No,two year,No,electronic_check,25.66,1154.69,No
CUST-06016,Male,0,Yes,No,8,Yes,No,Fiber optic,No,No internet service,No,No,No internet service,No,month-to-month,No,bank_transfer,91.89,735.11,No
CUST-06017,Female,1,No,No,64,Yes,Yes,DSL,No,Yes,No,No,No internet service,Yes,month-to-month,No,bank_transfer,51.44,3291.89,No
CUST-06018,Female,1,Yes,No,33,Yes,No,No,No internet service,Yes,No,No internet service,No,No,month-to-month,Yes,credit_card,10.18,335.86,No
CUST-06019,Female,0,No,No,49,Yes,No,Fiber optic,No internet service,Yes,No,No internet service,Yes,Yes,month-to-month,No,electronic_check,118.55,5809.11,No
CUST-06020,Female,1,No,Yes,67,Yes,Yes,DSL,Yes,No internet service,Yes,No,Yes,No internet service,one year,No,credit_card,47.46,3179.49,No
CUST-06021,Female,0,No,No,35,No,No phone service,DSL,No internet service,No,No,No,Yes,No,one year,No,electronic_check,56.58,1980.35,No
CUST-06022,Male,1,No,Yes,41,Yes,Yes,DSL,Yes,No,No internet service,No internet service,No internet service,Yes,month-to-month,No,electronic_check,64.69,2652.32,No
CUST-06023,Male,0,No,No,45,Yes,No,Fiber optic,No internet service,Yes,No,No internet service,No internet service,No,month-to-month,Yes,mailed_check,131.01,5895.65,No
CUST-06024,Male,0,No,No,53,No,No phone service,Fiber optic,No internet service,Yes,No internet service,No internet service,Yes,Yes,month-to-month,Yes,credit_card,102.29,5421.61,No
CUST-06025,Male,0,Yes,Yes,37,Yes,Yes,Fiber optic,No,Yes,Yes,Yes,Yes,Yes,one year,No,electronic_check,115.7,4281.03,No
CUST-06026,Female,0,Yes,No,48,Yes,No,Fiber optic,Yes,No internet service,No,No,No internet service,No internet service,two year,Yes,bank_transfer,87.88,4218.05,No
CUST-06027,Female,1,Yes,No,58,Yes,No,DSL,No internet service,Yes,No,No internet service,No,Yes,one year,No,credit_card,30.16,1749.2,No
CUST-06028,Female,1,Yes,No,32,Yes,No,DSL,No internet service,No,Yes,Yes,Yes,No internet service,month-to-month,Yes,mailed_check,63.26,2024.39,No
CUST-06029,Female,0,No,Yes,56,Yes,No,DSL,Yes,No,Yes,Yes,Yes,Yes,month-to-month,Yes,electronic_check,29.95,1677.43,No
CUST-06030,Male,1,Yes,Yes,61,Yes,No,Fiber optic,Yes,No,No internet service,No,No internet service,No,month-to-month,Yes,credit_card,107.89,6581.12,No
CUST-06031,Female,1,No,No,22,Yes,Yes,DSL,No internet service,Yes,No,No,No,No,month-to-month,No,electronic_check,51.78,1139.1,Yes
CUST-06032,Female,1,No,No,23,No,No phone service,DSL,No,No,Yes,No internet service,Yes,No internet service,month-to-month,No,electronic_check,70.87,1630.02,No
CUST-06033,Male,1,Yes,No,58,Yes,Yes,DSL,Yes,No internet service,No internet service,No,Yes,No internet service,two year,No,electronic_check,71.3,4135.44,No
CUST-06034,Female,1,Yes,No,48,Yes,No,No,No,No,No,No,Yes,No internet service,two year,Yes,electronic_check,17.06,818.84,No
CUST-06035,Female,1,No,No,62,Yes,No,Fiber optic,No,No,Yes,Yes,Yes,No internet service,one year,Yes,mailed_check,73.82,4577.08,No
CUST-06036,Male,1,No,Yes,69,Yes,No,DSL,No,No,No internet service,No,No,No,month-to-month,No,mailed_check,80.88,5580.9,No
CUST-06037,Male,0,Yes,No,34,Yes,Yes,DSL,Yes,Yes,No internet service,No internet service,Yes,No,month-to-month,No,electronic_check,51.19,1740.57,Yes
CUST-06038,Female,0,No,No,44,Yes,Yes,Fiber optic,Yes,Yes,No,Yes,No internet service,No,two year,Yes,electronic_check,85.4,3757.53,No
CUST-06039,Male,0,No,No,33,Yes,Yes,DSL,No,No,No,No internet service,No,No,month-to-month,Yes,bank_transfer,92.24,3044.0,No
CUST-06040,Male,1,No,No,49,No,No phone service,DSL,No internet service,No,No,No,No internet service,No internet service,month-to-month,No,electronic_check,67.65,3315.01,No
CUST-06041,Female,1,No,No,54,Yes,No,No,No,No,No internet service,No,Yes,No,two year,Yes,credit_card,22.4,1209.48,No
CUST-06042,Male,1,No,No,64,Yes,No,Fiber optic,No,Yes,No,Yes,No,Yes,two year,Yes,mailed_check,116.6,7462.17,No
CUST-06043,Male,0,Yes,No,33,Yes,No,DSL,No,No internet service,No,No,No,Yes,two year,Yes,mailed_check,50.57,1668.92,No
CUST-06044,Female,0,No,Yes,48,Yes,No,DSL,No,Yes,No internet service,No,Yes,No,two year,Yes,mailed_check,41.85,2009.03,No
CUST-06045,Female,1,No,No,34,Yes,No,Fiber optic,Yes,No,No,No internet service,No internet service,Yes,one year,No,electronic_check,83.64,2843.64,No
CUST-06046,Male,1,No,No,22,Yes,Yes,Fiber optic,No,Yes,No internet service,No,No internet service,No internet service,month-to-month,Yes,mailed_check,75.06,1651.32,Yes
CUST-06047,Female,1,No,No,26,Yes,No,No,No,Yes,Yes,No internet service,No,No,month-to-month,Yes,bank_transfer,27.39,712.25,No
CUST-06048,Female,1,Yes,No,44,Yes,No,DSL,No internet service,Yes,Yes,No internet service,No,Yes,month-to-month,No,electronic_check,70.7,3110.87,No
CUST-06049,Female,1,No,No,29,Yes,Yes,DSL,No internet service,No internet service,No,Yes,No internet service,No internet service,one year,Yes,bank_transfer,57.68,1672.79,No
CUST-06050,Female,0,No,No,34,No,No phone service,DSL,Yes,No,No,No internet service,Yes,No internet service,one year,Yes,mailed_check,68.78,2338.51,No
CUST-06051,Male,0,Yes,Yes,17,Yes,No,DSL,No,No internet service,No,No,No,No,month-to-month,No,credit_card,79.31,1348.31,Yes
CUST-06052,Female,0,No,No,0,Yes,No,Fiber optic,No,No,Yes,Yes,No,No internet service,month-to-month,Yes,credit_card,67.86,67.86,Yes
CUST-06053,Female,1,Yes,Yes,61,No,No phone service,Fiber optic,No,No internet service,Yes,No,Yes,Yes,two year,No,mailed_check,132.32,8071.3,No
CUST-06054,Female,0,No,No,1,Yes,Yes,No,No,No,No,Yes,No internet service,No internet service,month-to-month,No,bank_transfer,10.4,10.4,No
CUST-06055,Female,1,No,Yes,62,Yes,No,DSL,Yes,No internet service,Yes,No,Yes,Yes,two year,Yes,bank_transfer,72.63,4503.19,No
CUST-06056,Male,1,No,No,5,Yes,Yes,Fiber optic,No internet service,Yes,No internet service,Yes,No,No internet service,one year,Yes,bank_transfer,128.22,641.11,No
CUST-06057,Male,1,No,Yes,6,Yes,Yes,No,Yes,Yes,No,Yes,No,No internet service,month-to-month,No,electronic_check,19.07,114.45,No
CUST-06058,Female,1,No,Yes,67,Yes,No,DSL,No,Yes,No,Yes,No internet service,No internet service,month-to-month,No,mailed_check,43.44,2910.37,No
CUST-06059,Female,0,Yes,No,67,Yes,No,Fiber optic,No,No internet service,No,No internet service,Yes,No,month-to-month,No,electronic_check,95.47,6396.41,No
CUST-06060,Female,1,No,No,22,Yes,No,DSL,No,No internet service,Yes,Yes,No internet service,No,month-to-month,Yes,electronic_check,86.23,1896.97,No
CUST-06061,Male,1,No,No,40,Yes,No,No,Yes,Yes,No,No,Yes,Yes,one year,Yes,electronic_check,26.4,1055.89,No
CUST-06062,Female,0,No,Yes,45,Yes,Yes,DSL,No internet service,Yes,No internet service,No internet service,Yes,Yes,month-to-month,Yes,mailed_check,50.69,2281.03,No
CUST-06063,Male,0,No,No,57,Yes,Yes,Fiber optic,No,No internet service,No,No,Yes,Yes,month-to-month,No,electronic_check,110.04,6272.52,No
CUST-06064,Male,1,Yes,No,55,Yes,Yes,No,Yes,Yes,Yes,No,No internet service,No,one year,Yes,mailed_check,18.54,1019.86,No
CUST-06065,Female,0,Yes,Yes,59,Yes,No,DSL,No,No,No internet service,No,Yes,Yes,month-to-month,No,mailed_check,45.31,2673.4,No
CUST-06066,Male,0,No,No,2,Yes,No,DSL,Yes,Yes,No,Yes,No,No internet service,one year,Yes,mailed_check,57.99,115.97,No
CUST-06067,Female,1,Yes,Yes,30,Yes,No,Fiber optic,No internet service,Yes,Yes,No internet service,No,No,one year,Yes,mailed_check,91.1,2733.1,No
CUST-06068,Female,0,No,No,31,Yes,No,Fiber optic,No internet service,No,Yes,Yes,No,No,two year,Yes,credit_card,118.44,3671.66,No
CUST-06069,Male,0,Yes,No,51,Yes,No,DSL,No,Yes,No,Yes,No,Yes,month-to-month,No,electronic_check,39.35,2006.63,No
CUST-06070,Male,1,No,Yes,8,Yes,No,Fiber optic,No,No internet service,Yes,No,No internet service,No,month-to-month,Yes,mailed_check,122.67,981.38,Yes
CUST-06071,Female,0,No,No,35,Yes,Yes,Fiber optic,No internet service,No,Yes,No internet service,Yes,No internet service,month-to-month,Yes,electronic_check,107.04,3746.24,No
CUST-06072,Female,1,Yes,No,31,Yes,Yes,DSL,No,No,No,Yes,Yes,Yes,one year,Yes,mailed_check,47.29,1466.01,No
CUST-06073,Female,1,No,No,21,Yes,Yes,Fiber optic,No internet service,Yes,Yes,No internet service,Yes,No,one year,No,credit_card,108.71,2282.82,No
CUST-06074,Female,0,No,No,6,Yes,No,DSL,No,Yes,No,Yes,No,No,month-to-month,Yes,credit_card,26.08,156.46,Yes
CUST-06075,Female,1,No,No,40,Yes,No,Fiber optic,No,No internet service,No internet service,No,Yes,No,one year,Yes,mailed_check,101.71,4068.3,No
CUST-06076,Female,1,No,No,19,Yes,No,DSL,No,No internet service,Yes,No,No,No internet service,one year,Yes,mailed_check,47.99,911.87,No
CUST-06077,Female,0,No,No,71,Yes,No,DSL,No internet service,No,No internet service,No,No,No internet service,one year,Yes,credit_card,72.18,5125.12,No
CUST-06078,Female,0,Yes,No,12,Yes,No,DSL,No,No internet service,Yes,No,No internet service,Yes,two year,Yes,mailed_check,36.5,438.0,No
CUST-06079,Female,1,No,No,15,Yes,Yes,Fiber optic,No internet service,No internet service,No,No,No,No internet service,month-to-month,Yes,credit_card,83.15,1247.22,No
CUST-06080,Male,0,Yes,No,70,Yes,No,Fiber optic,No internet service,No internet service,No internet service,No,No internet service,Yes,month-to-month,Yes,electronic_check,130.25,9117.59,No
CUST-06081,Male,1,No,Yes,12,Yes,No,Fiber optic,No internet service,Yes,No,Yes,Yes,No internet service,month-to-month,Yes,electronic_check,93.33,1119.98,Yes
CUST-06082,Female,0,Yes,No,72,Yes,Yes,DSL,Yes,No internet service,Yes,Yes,Yes,Yes,month-to-month,No,electronic_check,76.1,5479.37,No
CUST-06083,Female,1,Yes,No,26,Yes,No,Fiber optic,Yes,No internet service,No,No internet service,No,No,one year,Yes,electronic_check,121.2,3151.29,No
CUST-06084,Female,0,Yes,No,39,Yes,Yes,Fiber optic,No internet service,No,No,No,Yes,No,month-to-month,Yes,electronic_check,117.22,4571.48,Yes
CUST-06085,Female,1,Yes,No,44,Yes,No,Fiber optic,No,No,No internet service,No,No,No internet service,two year,No,bank_transfer,97.98,4311.03,No
CUST-06086,Female,1,No,Yes,72,Yes,No,DSL,No,Yes,No internet service,No internet service,Yes,No internet service,one year,Yes,credit_card,63.79,4592.65,No
CUST-06087,Male,1,No,No,31,Yes,Yes,Fiber optic,No,Yes,No,Yes,No internet service,No,two year,Yes,bank_transfer,110.27,3418.32,No
CUST-06088,Male,1,No,No,27,No,No phone service,Fiber optic,No,No internet service,No,Yes,No,No,month-to-month,Yes,bank_transfer,89.61,2419.4,No
CUST-06089,Female,0,Yes,Yes,10,Yes,Yes,DSL,No internet service,No internet service,No,No internet service,No internet service,Yes,two year,Yes,credit_card,89.63,896.27,No
CUST-06090,Female,0,No,Yes,42,Yes,No,Fiber optic,No internet service,No,No,No,No,No,two year,Yes,mailed_check,99.84,4193.21,No
CUST-06091,Male,0,Yes,No,44,Yes,No,DSL,Yes,Yes,Yes,No,Yes,Yes,month-to-month,Yes,mailed_check,35.65,1568.71,No
CUST-06092,Female,0,Yes,No,19,Yes,No,DSL,Yes,Yes,No internet service,No,Yes,No,month-to-month,No,mailed_check,68.12,1294.35,No
CUST-06093,Male,0,No,No,12,Yes,No,Fiber optic,No internet service,No,No internet service,No internet service,No,Yes,month-to-month,Yes,electronic_check,89.49,1073.83,Yes
CUST-06094,Female,0,No,No,37,Yes,No,Fiber optic,No,No internet service,No,No,No internet service,No internet service,one year,Yes,electronic_check,79.59,2944.81,No
CUST-06095,Female,0,Yes,Yes,51,Yes,No,DSL,No,No internet service,No,No,No,Yes,one year,No,credit_card,59.14,3016.37,No
CUST-06096,Male,1,Yes,No,66,Yes,Yes,No,No,Yes,No,Yes,No internet service,Yes,month-to-month,Yes,mailed_check,31.93,2107.35,No
CUST-06097,Female,0,No,No,35,Yes,Yes,Fiber optic,Yes,Yes,Yes,No,No internet service,No internet service,one year,No,mailed_check,108.98,3814.36,No
CUST-06098,Female,0,No,No,47,Yes,No,DSL,No internet service,No,No,No internet service,Yes,No,one year,Yes,electronic_check,62.22,2924.56,No
CUST-06099,Female,1,No,No,14,Yes,No,Fiber optic,No,No,Yes,No internet service,No,Yes,month-to-month,No,bank_transfer,102.9,1440.62,Yes
CUST-06100,Male,0,Yes,Yes,60,Yes,Yes,Fiber optic,No internet service,No,No,No internet service,Yes,No internet service,month-to-month,No,credit_card,91.77,5506.12,No
CUST-06101,Male,0,No,No,32,Yes,No,Fiber optic,No,No,No internet service,No,Yes,No,month-to-month,Yes,mailed_check,112.86,3611.65,Yes
CUST-06102,Male,0,No,No,35,Yes,Yes,No,Yes,No internet service,No internet service,No,Yes,Yes,one year,Yes,credit_card,30.34,1062.01,No
CUST-06103,Female,1,Yes,No,47,Yes,Yes,DSL,Yes,No,Yes,Yes,No internet service,No,month-to-month,No,mailed_check,44.48,2090.56,No
CUST-06104,Male,1,No,No,32,No,No phone service,Fiber optic,Yes,Yes,No internet service,No,No,No internet service,month-to-month,Yes,credit_card,57.27,1832.62,No
CUST-06105,Female,1,No,No,58,Yes,Yes,Fiber optic,Yes,Yes,No,No,Yes,Yes,month-to-month,Yes,electronic_check,86.87,5038.3,No
CUST-06106,Male,0,No,Yes,61,Yes,Yes,DSL,Yes,No internet service,No,Yes,No,No,one year,No,bank_transfer,66.8,4075.03,No
CUST-06107,Female,1,No,No,62,Yes,No,Fiber optic,No,No,Yes,No,No internet service,No,month-to-month,Yes,mailed_check,100.92,6257.31,No
CUST-06108,Male,0,No,No,17,Yes,No,DSL,No internet service,No,No,No,No,No,month-to-month,Yes,mailed_check,38.84,660.29,Yes
CUST-06109,Male,1,Yes,No,16,Yes,Yes,Fiber optic,No,No internet service,Yes,Yes,No,No,month-to-month,Yes,bank_transfer,88.89,1422.2,No
CUST-06110,Female,0,Yes,No,37,Yes,No,DSL,No,No internet service,Yes,No,Yes,Yes,month-to-month,Yes,bank_transfer,62.84,2325.19,No
CUST-06111,Male,1,No,No,61,Yes,Yes,DSL,Yes,No internet service,No,Yes,No internet service,No,month-to-month,No,bank_transfer,73.34,4473.93,No
CUST-06112,Male,0,No,Yes,14,Yes,Yes,Fiber optic,No,Yes,Yes,No,No internet service,No,two year,No,electronic_check,119.68,1675.49,Yes
CUST-06113,Male,0,Yes,No,41,Yes,Yes,DSL,No internet service,No internet service,Yes,No,No internet service,No,two year,Yes,credit_card,67.17,2754.12,No
CUST-06114,Male,1,No,No,11,Yes,No,DSL,No,No,No internet service,No,Yes,No internet service,one year,Yes,electronic_check,66.01,726.08,No
CUST-06115,Male,0,Yes,Yes,12,Yes,Yes,DSL,No,No,No,No,No,Yes,one year,Yes,mailed_check,82.83,994.0,No
CUST-06116,Female,1,No,No,46,Yes,Yes,Fiber optic,No,Yes,Yes,No internet service,Yes,Yes,month-to-month,No,electronic_check,100.24,4610.81,Yes
CUST-06117,Male,1,Yes,No,28,Yes,Yes,Fiber optic,No,No,No,No,No internet service,No,month-to-month,Yes,mailed_check,105.73,2960.47,Yes
CUST-06118,Male,1,No,Yes,48,Yes,Yes,DSL,Yes,Yes,No,No,No internet service,No internet service,two year,Yes,electronic_check,44.05,2114.27,No
CUST-06119,Female,0,Yes,No,21,Yes,No,Fiber optic,No internet service,Yes,No,Yes,No,Yes,month-to-month,No,bank_transfer,94.13,1976.81,No
CUST-06120,Female,1,Yes,No,60,Yes,No,DSL,No,No,Yes,No internet service,No,No internet service,month-to-month,No,bank_transfer,73.25,4395.26,No
CUST-06121,Male,1,Yes,Yes,2,Yes,Yes,DSL,Yes,No,No internet service,Yes,No internet service,Yes,month-to-month,Yes,credit_card,43.84,87.67,No
CUST-06122,Female,0,Yes,No,44,No,No phone service,Fiber optic,No,No,Yes,No,Yes,No,two year,Yes,credit_card,143.22,6301.74,No
CUST-06123,Male,1,No,Yes,11,Yes,No,No,No,No,No,No internet service,Yes,No,one year,Yes,bank_transfer,25.59,281.51,No
CUST-06124,Male,1,Yes,No,29,Yes,Yes,Fiber optic,Yes,No,No,No internet service,Yes,No,month-to-month,No,electronic_check,90.86,2634.81,No
CUST-06125,Male,1,No,No,22,Yes,No,DSL,No internet service,No,No,No,No internet service,Yes,two year,No,electronic_check,78.26,1721.75,No
CUST-06126,Female,1,No,No,69,Yes,No,Fiber optic,Yes,Yes,No,Yes,No,Yes,month-to-month,No,mailed_check,74.94,5170.54,No
CUST-06127,Male,0,Yes,No,55,No,No phone service,Fiber optic,Yes,Yes,No internet service,Yes,Yes,No internet service,month-to-month,No,bank_transfer,122.49,6736.68,No
CUST-06128,Female,1,No,No,47,Yes,Yes,Fiber optic,No internet service,No,Yes,No,No,Yes,one year,No,mailed_check,105.35,4951.26,No
CUST-06129,Male,1,No,No,65,Yes,No,Fiber optic,No internet service,No,No,No,No,Yes,month-to-month,No,mailed_check,75.3,4894.59,No
CUST-06130,Male,0,Yes,No,66,Yes,Yes,DSL,Yes,Yes,No,No,No,No,one year,No,credit_card,55.7,3676.26,No
CUST-06131,Female,1,Yes,Yes,21,Yes,Yes,DSL,No internet service,No,No,No,Yes,No internet service,two year,Yes,credit_card,55.72,1170.18,No
CUST-06132,Female,1,Yes,No,39,Yes,No,DSL,Yes,Yes,No,No,Yes,No internet service,one year,No,bank_transfer,55.73,2173.33,No
CUST-06133,Male,0,No,Yes,33,Yes,Yes,DSL,No,No internet service,No internet service,No internet service,No,Yes,two year,Yes,credit_card,39.64,1308.09,No
CUST-06134,Female,1,Yes,No,56,Yes,Yes,DSL,No internet service,Yes,Yes,No internet service,No internet service,No,month-to-month,No,electronic_check,63.22,3540.05,No
CUST-06135,Male,1,Yes,No,20,Yes,No,DSL,No internet service,No internet service,No,No,No internet service,No internet service,month-to-month,No,mailed_check,35.07,701.43,No
CUST-06136,Male,1,Yes,No,37,Yes,No,Fiber optic,Yes,No,Yes,No internet service,Yes,No,month-to-month,Yes,bank_transfer,108.13,4000.96,Yes
CUST-06137,Male,0,Yes,No,67,Yes,No,DSL,No internet service,No,No internet service,Yes,No,Yes,month-to-month,Yes,bank_transfer,74.05,4961.32,No
CUST-06138,Female,0,No,No,68,Yes,Yes,DSL,No internet service,No,No internet service,Yes,No,Yes,month-to-month,No,mailed_check,28.23,1919.31,No
CUST-06139,Female,1,Yes,No,10,Yes,Yes,Fiber optic,No,No internet service,Yes,No internet service,Yes,No,one year,No,electronic_check,94.14,941.43,No
CUST-06140,Female,0,Yes,No,72,No,No phone service,DSL,No internet service,Yes,No,No,No,No internet service,month-to-month,Yes,bank_transfer,72.9,5248.63,No
CUST-06141,Male,1,Yes,Yes,29,Yes,No,DSL,No,No internet service,No,No,No,Yes,one year,No,bank_transfer,40.8,1183.32,No
CUST-06142,Male,1,Yes,No,15,Yes,No,Fiber optic,No internet service,Yes,No,No internet service,No internet service,Yes,month-to-month,No,mailed_check,120.68,1810.18,No
CUST-06143,Female,0,Yes,No,57,Yes,No,DSL,Yes,Yes,No,No,Yes,No,month-to-month,Yes,mailed_check,44.9,2559.36,No
CUST-06144,Female,1,No,No,18,No,No phone service,No,Yes,Yes,Yes,No,Yes,No,two year,Yes,electronic_check,43.79,788.13,No
CUST-06145,Male,0,Yes,No,4,Yes,Yes,Fiber optic,No,No internet service,Yes,No,No,No internet service,month-to-month,No,electronic_check,116.9,467.61,Yes
CUST-06146,Female,1,Yes,No,62,Yes,No,No,No,Yes,No,No,Yes,No internet service,one year,Yes,mailed_check,38.61,2394.03,No
CUST-06147,Female,0,Yes,No,30,Yes,No,DSL,No,Yes,No,No internet service,No,No,two year,Yes,credit_card,52.98,1589.29,No
CUST-06148,Male,1,Yes,Yes,58,Yes,Yes,Fiber optic,No,No internet service,Yes,No,No,No,month-to-month,No,mailed_check,120.22,6972.79,No
CUST-06149,Female,0,Yes,No,56,Yes,Yes,DSL,Yes,No internet service,No,No internet service,Yes,No,two year,No,bank_transfer,44.07,2468.01,No
CUST-06150,Female,0,No,Yes,63,No,No phone service,DSL,Yes,Yes,No,No,No,No,month-to-month,Yes,electronic_check,38.86,2448.29,No
CUST-06151,Female,1,No,No,38,Yes,Yes,DSL,No internet service,No internet service,No,No,Yes,No,month-to-month,No,bank_transfer,49.3,1873.33,No
CUST-06152,Male,1,Yes,No,67,Yes,No,Fiber optic,Yes,Yes,Yes,No internet service,Yes,Yes,month-to-month,Yes,electronic_check,101.87,6825.21,No
CUST-06153,Male,0,No,No,32,Yes,Yes,Fiber optic,Yes,No,Yes,No,Yes,Yes,month-to-month,Yes,bank_transfer,110.89,3548.62,No
CUST-06154,Male,0,Yes,No,71,Yes,Yes,Fiber optic,No,No internet service,Yes,Yes,No internet service,Yes,month-to-month,No,bank_transfer,90.79,6445.87,No
CUST-06155,Female,1,Yes,Yes,33,Yes,No,DSL,No internet service,No internet service,No,No,No,No,month-to-month,Yes,credit_card,68.76,2269.05,No
CUST-06156,Male,1,No,No,29,Yes,Yes,DSL,No internet service,Yes,No internet service,No,No,No,month-to-month,No,electronic_check,23.65,685.84,No
CUST-06157,Male,0,No,No,19,Yes,Yes,Fiber optic,No,No,No,No,No internet service,Yes,one year,No,bank_transfer,97.2,1846.85,No
CUST-06158,Female,1,Yes,No,41,Yes,No,DSL,No,No internet service,No internet service,Yes,No internet service,No,month-to-month,No,electronic_check,43.87,1798.8,No
CUST-06159,Female,1,Yes,No,5,Yes,Yes,Fiber optic,No,No,No internet service,No,No internet service,No,month-to-month,Yes,electronic_check,132.17,660.87,No
CUST-06160,Male,1,No,Yes,66,Yes,No,Fiber optic,Yes,No,Yes,Yes,Yes,Yes,one year,Yes,credit_card,91.22,6020.4,No
CUST-06161,Male,1,No,Yes,13,Yes,No,DSL,No internet service,No,Yes,No,No,Yes,one year,Yes,electronic_check,65.84,855.91,No
CUST-06162,Female,1,Yes,No,19,No,No phone service,DSL,Yes,Yes,No internet service,Yes,Yes,Yes,one year,Yes,electronic_check,66.75,1268.31,No
CUST-06163,Male,1,No,Yes,54,Yes,Yes,No,No internet service,Yes,Yes,No internet service,No,No,one year,No,bank_transfer,31.57,1704.8,No
CUST-06164,Male,1,Yes,No,48,Yes,No,Fiber optic,No internet service,Yes,No internet service,Yes,Yes,No internet service,one year,No,electronic_check,68.91,3307.46,No
CUST-06165,Female,1,Yes,No,6,No,No phone service,DSL,No,Yes,Yes,No internet service,Yes,No,month-to-month,No,mailed_check,34.91,209.44,No
CUST-06166,Female,1,No,No,56,Yes,No,DSL,No internet service,No,Yes,No,No internet service,No,month-to-month,Yes,electronic_check,77.77,4355.1,No
CUST-06167,Male,1,No,No,7,Yes,Yes,DSL,No internet service,Yes,Yes,Yes,No internet service,Yes,one year,Yes,electronic_check,91.55,640.88,No
CUST-06168,Male,1,Yes,Yes,51,Yes,No,DSL,No internet service,No,No internet service,No,Yes,No internet service,month-to-month,No,electronic_check,46.7,2381.73,No
CUST-06169,Male,0,Yes,No,29,Yes,Yes,No,No,Yes,No,Yes,No internet service,No internet service,one year,Yes,electronic_check,31.94,926.25,No
CUST-06170,Male,0,Yes,No,59,Yes,Yes,No,Yes,No internet service,Yes,No internet service,Yes,Yes,two year,No,credit_card,28.6,1687.57,No
CUST-06171,Female,0,No,Yes,65,Yes,Yes,Fiber optic,Yes,No,No internet service,Yes,No,No,two year,Yes,electronic_check,136.21,8853.89,No
CUST-06172,Male,0,Yes,Yes,27,Yes,Yes,Fiber optic,No internet service,No internet service,No,No,No,No,one year,Yes,mailed_check,89.05,2404.25,No
CUST-06173,Male,1,Yes,No,37,Yes,No,Fiber optic,No,No internet service,Yes,Yes,No internet service,No internet service,month-to-month,No,mailed_check,100.49,3718.08,No
CUST-06174,Male,0,Yes,Yes,58,Yes,No,Fiber optic,No internet service,No,Yes,Yes,No internet service,Yes,month-to-month,Yes,electronic_check,68.64,3980.86,No
CUST-06175,Male,1,Yes,Yes,53,Yes,Yes,No,Yes,Yes,No internet service,Yes,No,Yes,month-to-month,Yes,bank_transfer,27.85,1475.87,No
CUST-06176,Male,1,No,No,32,Yes,Yes,No,No internet service,No internet service,Yes,No internet service,No,No internet service,month-to-month,No,bank_transfer,0.77,24.54,No
CUST-06177,Male,0,Yes,Yes,61,Yes,No,Fiber optic,No internet service,Yes,No,Yes,Yes,Yes,month-to-month,Yes,electronic_check,108.89,6642.32,No
CUST-06178,Female,1,Yes,No,60,Yes,No,Fiber optic,No internet service,No internet service,No,No,Yes,No,two year,No,bank_transfer,94.45,5666.71,No
CUST-06179,Female,1,No,Yes,46,Yes,No,DSL,Yes,No,No,No internet service,No,No,month-to-month,No,electronic_check,71.81,3303.42,No
CUST-06180,Male,1,Yes,No,62,Yes,Yes,DSL,No,No,No internet service,No,Yes,No,one year,No,electronic_check,64.51,3999.67,No
CUST-06181,Female,1,Yes,No,22,No,No phone service,Fiber optic,Yes,No,No internet service,Yes,No,Yes,two year,No,credit_card,95.28,2096.2,No
CUST-06182,Female,1,Yes,Yes,63,Yes,No,Fiber optic,Yes,No internet service,No internet service,No,No,Yes,month-to-month,Yes,electronic_check,100.86,6354.37,No
CUST-06183,Female,1,No,Yes,16,No,No phone service,Fiber optic,No,No internet service,No,No,No,No,two year,No,mailed_check,120.35,1925.61,No
CUST-06184,Male,1,Yes,No,33,Yes,Yes,DSL,No internet service,Yes,Yes,Yes,No internet service,No,month-to-month,Yes,bank_transfer,45.56,1503.44,No
CUST-06185,Female,0,No,No,29,Yes,No,Fiber optic,No,Yes,No internet service,No internet service,No,No,month-to-month,No,mailed_check,100.42,2912.15,No
CUST-06186,Male,0,No,Yes,9,Yes,Yes,No,Yes,Yes,No,No,No,No,month-to-month,Yes,bank_transfer,1.14,10.3,No
CUST-06187,Female,0,No,No,28,No,No phone service,Fiber optic,No internet service,Yes,No,Yes,No internet service,No internet service,one year,Yes,electronic_check,96.38,2698.66,No
CUST-06188,Male,1,No,Yes,6,Yes,No,Fiber optic,Yes,Yes,Yes,No,No,No internet service,month-to-month,No,electronic_check,87.5,524.97,Yes
CUST-06189,Male,0,No,Yes,59,Yes,Yes,Fiber optic,No internet service,No,No,No,No internet service,Yes,month-to-month,Yes,bank_transfer,93.74,5530.37,No
CUST-06190,Female,0,Yes,No,42,Yes,No,Fiber optic,No internet service,No,No internet service,No,No,No,one year,Yes,mailed_check,91.28,3833.67,No
CUST-06191,Female,0,No,No,40,Yes,No,DSL,No,No internet service,No,No,No,No,month-to-month,No,electronic_check,53.21,2128.28,No
CUST-06192,Female,1,No,Yes,29,Yes,No,No,No internet service,No,No internet service,Yes,No internet service,No,one year,Yes,bank_transfer,23.02,667.53,No
CUST-06193,Male,1,No,No,53,Yes,Yes,No,No internet service,No,No internet service,Yes,No,Yes,month-to-month,Yes,mailed_check,3.54,187.87,No
CUST-06194,Female,1,Yes,No,13,Yes,No,Fiber optic,No,No,No internet service,Yes,No internet service,No,one year,Yes,mailed_check,102.64,1334.34,No
CUST-06195,Female,0,Yes,No,54,Yes,Yes,Fiber optic,Yes,Yes,No,No,Yes,No,two year,Yes,electronic_check,100.21,5411.46,No
CUST-06196,Female,0,No,Yes,69,Yes,No,DSL,No internet service,No,Yes,No,No internet service,No,month-to-month,Yes,credit_card,27.31,1884.25,No
CUST-06197,Male,0,No,Yes,37,Yes,No,DSL,Yes,Yes,No,Yes,No internet service,No,one year,Yes,electronic_check,60.12,2224.34,No
CUST-06198,Male,0,Yes,No,19,Yes,No,Fiber optic,No internet service,No internet service,No,No,No,No,month-to-month,Yes,mailed_check,99.1,1882.92,No
CUST-06199,Female,1,No,No,57,Yes,No,Fiber optic,Yes,No,No,Yes,No,Yes,month-to-month,Yes,bank_transfer,108.2,6167.49,No
CUST-06200,Male,0,Yes,No,72,Yes,Yes,DSL,No,No,No,Yes,Yes,Yes,month-to-month,Yes,electronic_check,66.97,4821.67,No
CUST-06201,Female,1,No,No,24,Yes,No,Fiber optic,Yes,No,No internet service,No internet service,Yes,No,month-to-month,Yes,electronic_check,96.77,2322.58,No
CUST-06202,Male,1,Yes,No,32,Yes,Yes,DSL,Yes,No internet service,Yes,Yes,No internet service,Yes,month-to-month,No,bank_transfer,74.74,2391.83,No
CUST-06203,Male,1,No,Yes,8,No,No phone service,DSL,No internet service,Yes,No internet service,No,Yes,No internet service,two year,No,mailed_check,76.04,608.33,No
CUST-06204,Female,1,Yes,No,21,No,No phone service,No,No internet service,No,Yes,No,No,Yes,one year,Yes,electronic_check,16.25,341.21,No
CUST-06205,Female,1,Yes,No,58,Yes,No,Fiber optic,No internet service,No internet service,No,No internet service,No,No internet service,month-to-month,No,credit_card,102.53,5946.81,No
CUST-06206,Female,0,Yes,No,29,Yes,Yes,DSL,Yes,Yes,No,Yes,No internet service,No internet service,month-to-month,No,bank_transfer,38.02,1102.68,Yes
CUST-06207,Female,1,No,Yes,63,Yes,Yes,Fiber optic,No internet service,No internet service,No,No internet service,No internet service,No,one year,No,mailed_check,110.06,6933.99,No
CUST-06208,Female,1,No,No,3,Yes,Yes,No,No internet service,Yes,No,Yes,No,Yes,month-to-month,Yes,credit_card,8.2,24.6,No
CUST-06209,Male,1,No,No,32,Yes,Yes,DSL,No,No,No internet service,Yes,No,No,one year,Yes,bank_transfer,44.78,1433.0,No
CUST-06210,Female,1,No,No,44,Yes,No,Fiber optic,No,Yes,No internet service,No internet service,No internet service,No internet service,month-to-month,Yes,bank_transfer,87.32,3842.14,No
CUST-06211,Male,0,No,Yes,40,No,No phone service,DSL,No,No internet service,Yes,Yes,No internet service,No internet service,month-to-month,No,credit_card,61.08,2443.27,No
CUST-06212,Male,1,No,Yes,28,Yes,No,DSL,No internet service,No internet service,No internet service,No,Yes,No,two year,Yes,credit_card,65.08,1822.3,No
CUST-06213,Male,1,Yes,Yes,42,No,No phone service,Fiber optic,No,Yes,Yes,No internet service,No internet service,No internet service,one year,Yes,mailed_check,91.78,3854.84,No
CUST-06214,Male,0,Yes,Yes,27,Yes,No,DSL,No,No,No,No,No,No,two year,Yes,mailed_check,50.32,1358.62,No
CUST-06215,Female,1,Yes,No,59,Yes,No,No,No,Yes,No,No,Yes,No,two year,Yes,credit_card,41.49,2447.75,No
CUST-06216,Female,1,No,No,22,Yes,No,Fiber optic,No,Yes,Yes,No,No internet service,Yes,month-to-month,Yes,mailed_check,122.72,2699.9,No
CUST-06217,Female,1,Yes,No,23,Yes,No,DSL,No,No,Yes,Yes,No internet service,Yes,one year,Yes,electronic_check,73.22,1683.97,No
CUST-06218,Male,1,No,No,55,Yes,Yes,Fiber optic,No internet service,Yes,No,Yes,Yes,No,two year,No,electronic_check,115.96,6378.07,No
CUST-06219,Female,0,No,No,69,Yes,Yes,DSL,Yes,Yes,Yes,No internet service,No internet service,No internet service,one year,Yes,mailed_check,63.2,4361.1,No
CUST-06220,Male,0,No,No,62,Yes,No,Fiber optic,Yes,No,No internet service,No,Yes,No,month-to-month,Yes,bank_transfer,119.11,7384.57,No
CUST-06221,Female,1,No,Yes,1,Yes,No,DSL,Yes,No,No internet service,No internet service,Yes,Yes,one year,Yes,electronic_check,69.7,69.7,No
CUST-06222,Female,1,No,No,3,Yes,Yes,No,Yes,No internet service,No,No internet service,No,No internet service,month-to-month,No,credit_card,27.12,81.37,Yes
CUST-06223,Male,0,No,No,59,Yes,Yes,DSL,Yes,No,Yes,No,No,Yes,one year,Yes,bank_transfer,75.9,4478.33,No
CUST-06224,Female,0,No,No,7,Yes,Yes,DSL,No internet service,No internet service,No,No,Yes,Yes,two year,No,bank_transfer,89.73,628.13,No
CUST-06225,Female,1,Yes,No,23,Yes,No,Fiber optic,No internet service,No,Yes,Yes,No,Yes,month-to-month,Yes,electronic_check,84.37,1940.42,No
CUST-06226,Male,0,Yes,Yes,46,Yes,Yes,DSL,No,No internet service,No,No internet service,Yes,No internet service,one year,Yes,electronic_check,59.01,2714.63,No
CUST-06227,Female,0,Yes,No,9,Yes,Yes,DSL,No,Yes,No,No internet service,No internet service,Yes,one year,Yes,electronic_check,55.3,497.66,Yes
CUST-06228,Female,0,Yes,No,62,Yes,Yes,Fiber optic,No internet service,No,Yes,Yes,Yes,Yes,month-to-month,Yes,bank_transfer,135.24,8384.89,No
CUST-06229,Male,1,Yes,No,19,Yes,No,DSL,Yes,No,Yes,No internet service,No,No,month-to-month,No,electronic_check,57.53,1093.0,Yes
CUST-06230,Female,0,Yes,No,25,Yes,Yes,DSL,Yes,No internet service,Yes,No,Yes,Yes,month-to-month,No,bank_transfer,55.87,1396.73,No
CUST-06231,Male,0,Yes,Yes,30,Yes,Yes,DSL,No,No,Yes,Yes,No,No internet service,month-to-month,Yes,electronic_check,37.25,1117.61,No
CUST-06232,Female,0,Yes,Yes,47,Yes,No,Fiber optic,No internet service,No,No internet service,No internet service,Yes,Yes,one year,No,bank_transfer,123.76,5816.8,No
CUST-06233,Female,1,No,Yes,14,Yes,Yes,DSL,No internet service,No internet service,Yes,Yes,No internet service,No internet service,one year,Yes,electronic_check,77.43,1083.96,No
CUST-06234,Male,1,No,No,48,Yes,No,DSL,No internet service,No,Yes,No,Yes,Yes,one year,Yes,mailed_check,60.29,2893.72,No
CUST-06235,Female,1,No,No,50,Yes,No,Fiber optic,No,No,No internet service,Yes,No internet service,No,one year,No,bank_transfer,91.94,4596.92,No
CUST-06236,Male,0,No,No,40,Yes,Yes,DSL,Yes,No internet service,No,Yes,Yes,No internet service,one year,No,credit_card,74.88,2995.33,No
CUST-06237,Female,0,Yes,No,21,No,No phone service,No,Yes,Yes,No,No,No internet service,No internet service,one year,Yes,bank_transfer,20.63,433.23,No
CUST-06238,Female,0,No,No,7,Yes,No,Fiber optic,No internet service,Yes,Yes,No internet service,Yes,No internet service,month-to-month,Yes,electronic_check,100.3,702.12,Yes
CUST-06239,Female,1,No,No,26,Yes,Yes,DSL,No,No,No,No internet service,No internet service,No internet service,one year,Yes,credit_card,86.07,2237.88,No
CUST-06240,Male,0,No,No,21,Yes,No,No,No,No internet service,Yes,No,No internet service,No internet service,one year,No,mailed_check,35.58,747.15,No
CUST-06241,Female,1,Yes,Yes,29,Yes,No,Fiber optic,Yes,Yes,No,No internet service,No,Yes,month-to-month,Yes,credit_card,65.65,1903.98,No
CUST-06242,Male,1,Yes,No,17,Yes,Yes,Fiber optic,Yes,Yes,No internet service,Yes,No,No internet service,month-to-month,Yes,electronic_check,96.56,1641.44,Yes
CUST-06243,Male,0,No,No,34,Yes,Yes,Fiber optic,Yes,No internet service,No internet service,No internet service,Yes,Yes,month-to-month,Yes,mailed_check,78.61,2672.86,No
CUST-06244,Male,1,No,No,51,Yes,No,Fiber optic,No,No internet service,No,No internet service,Yes,No internet service,month-to-month,Yes,electronic_check,90.52,4616.72,Yes
CUST-06245,Male,1,No,Yes,0,Yes,No,Fiber optic,No internet service,Yes,No,Yes,No,Yes,month-to-month,No,electronic_check,88.13,88.13,Yes
CUST-06246,Female,1,No,Yes,65,Yes,No,Fiber optic,No,Yes,Yes,No,Yes,Yes,one year,Yes,electronic_check,100.3,6519.43,No
CUST-06247,Female,0,No,No,14,Yes,Yes,Fiber optic,No,No,Yes,No,No internet service,No,one year,Yes,electronic_check,123.39,1727.48,No
CUST-06248,Female,0,Yes,No,61,Yes,No,Fiber optic,No internet service,No internet service,No,Yes,No,Yes,month-to-month,Yes,electronic_check,82.38,5024.94,No
CUST-06249,Male,1,No,Yes,29,Yes,No,No,No,No internet service,No,No,Yes,Yes,month-to-month,No,bank_transfer,4.99,144.76,No
CUST-06250,Female,0,No,No,33,Yes,No,DSL,No internet service,Yes,Yes,No internet service,No internet service,No,month-to-month,Yes,electronic_check,61.59,2032.57,Yes
CUST-06251,Female,0,Yes,No,34,Yes,Yes,DSL,Yes,No internet service,Yes,No,No,No internet service,month-to-month,Yes,bank_transfer,52.09,1770.95,No
CUST-06252,Female,0,No,No,45,Yes,Yes,DSL,No,No,No,Yes,No,Yes,two year,Yes,credit_card,101.08,4548.6,No
CUST-06253,Male,0,No,No,65,No,No phone service,DSL,No,No internet service,Yes,No internet service,No internet service,No,one year,Yes,electronic_check,66.92,4349.85,No
CUST-06254,Male,0,No,No,28,Yes,No,DSL,Yes,Yes,No,Yes,No,Yes,one year,Yes,electronic_check,49.78,1393.94,No
CUST-06255,Female,0,No,No,37,Yes,Yes,Fiber optic,Yes,Yes,No,No,No,No,month-to-month,No,credit_card,97.32,3600.71,No
CUST-06256,Female,0,No,Yes,66,Yes,Yes,DSL,No,No internet service,Yes,Yes,No,No internet service,one year,Yes,mailed_check,58.78,3879.66,No
CUST-06257,Female,0,Yes,No,60,Yes,No,Fiber optic,Yes,No internet service,No,Yes,Yes,No,month-to-month,Yes,credit_card,84.13,5047.53,No
CUST-06258,Male,0,No,No,30,Yes,Yes,Fiber optic,No,No internet service,No,No,Yes,No,month-to-month,Yes,electronic_check,96.17,2885.23,No
CUST-06259,Female,1,Yes,No,12,No,No phone service,Fiber optic,No,No,No,No internet service,No,No internet service,two year,Yes,mailed_check,126.8,1521.64,No
CUST-06260,Male,0,No,Yes,69,Yes,No,DSL,No,No,Yes,Yes,No,No,month-to-month,No,mailed_check,38.43,2651.42,No
CUST-06261,Female,0,No,No,66,Yes,No,Fiber optic,No internet service,No internet service,No,No,No internet service,No,month-to-month,Yes,mailed_check,122.41,8078.77,No
CUST-06262,Female,0,Yes,Yes,60,Yes,Yes,DSL,Yes,No,No,No,No internet service,Yes,month-to-month,No,credit_card,68.27,4096.07,No
CUST-06263,Male,0,Yes,No,52,Yes,No,DSL,Yes,No,No,Yes,No,No internet service,month-to-month,Yes,credit_card,63.66,3310.12,No
CUST-06264,Female,1,Yes,Yes,60,Yes,No,No,Yes,No,No,No,No,No internet service,one year,No,bank_transfer,20.84,1250.46,No
CUST-06265,Female,0,Yes,No,72,Yes,Yes,Fiber optic,No internet service,Yes,No internet service,No,No,No internet service,one year,No,mailed_check,110.33,7943.86,No
CUST-06266,Female,1,No,No,58,Yes,Yes,Fiber optic,Yes,Yes,No,No,No,No,month-to-month,Yes,electronic_check,73.1,4239.99,No
CUST-06267,Female,1,No,No,14,Yes,No,No,No internet service,No,Yes,No,No,No,month-to-month,Yes,electronic_check,4.54,63.54,Yes
CUST-06268,Female,1,Yes,No,46,Yes,No,DSL,Yes,No,Yes,Yes,Yes,No internet service,one year,Yes,bank_transfer,77.72,3575.3,No
CUST-06269,Female,0,Yes,No,13,Yes,No,Fiber optic,No internet service,No,No,Yes,No internet service,Yes,one year,No,electronic_check,79.17,1029.19,Yes
CUST-06270,Male,1,Yes,No,64,No,No phone service,DSL,No internet service,Yes,No,No internet service,Yes,Yes,month-to-month,Yes,credit_card,24.14,1544.85,No
CUST-06271,Female,1,Yes,No,52,Yes,No,Fiber optic,Yes,No,No internet service,No,No,No,month-to-month,Yes,electronic_check,112.37,5843.27,Yes
CUST-06272,Female,0,Yes,Yes,18,Yes,No,DSL,Yes,Yes,Yes,Yes,No,No internet service,month-to-month,Yes,credit_card,58.3,1049.45,No
CUST-06273,Male,1,Yes,No,10,Yes,No,DSL,Yes,No,Yes,Yes,No,No internet service,two year,Yes,electronic_check,87.95,879.54,No
CUST-06274,Female,1,No,No,47,No,No phone service,DSL,No internet service,No,No,No,No,No internet service,month-to-month,Yes,electronic_check,38.65,1816.55,No
CUST-06275,Female,0,Yes,No,16,Yes,Yes,DSL,No,No,No,No internet service,Yes,Yes,two year,No,mailed_check,52.81,845.03,No
CUST-06276,Female,0,No,Yes,58,No,No phone service,Fiber optic,Yes,No internet service,No,No,No internet service,Yes,one year,No,electronic_check,99.02,5742.89,No
CUST-06277,Male,1,Yes,Yes,9,Yes,No,Fiber optic,Yes,No,No internet service,Yes,No internet service,No internet service,month-to-month,Yes,credit_card,104.71,942.41,No
CUST-06278,Male,0,No,Yes,34,No,No phone service,DSL,No internet service,No,No,No internet service,Yes,No internet service,month-to-month,No,electronic_check,52.69,1791.5,No
CUST-06279,Female,0,Yes,No,7,Yes,Yes,Fiber optic,No,No,No,No,No,No internet service,month-to-month,Yes,bank_transfer,86.96,608.7,Yes
CUST-06280,Male,0,Yes,Yes,31,Yes,No,No,No internet service,No,No internet service,No internet service,No,Yes,two year,No,credit_card,24.93,772.86,No
CUST-06281,Female,1,Yes,Yes,9,No,No phone service,DSL,No internet service,No internet service,No,No,No,Yes,month-to-month,Yes,credit_card,52.04,468.33,Yes
CUST-06282,Male,0,No,No,69,Yes,No,DSL,No internet service,No,Yes,Yes,No,No,month-to-month,Yes,electronic_check,43.46,2998.67,No
CUST-06283,Female,0,Yes,No,39,Yes,Yes,DSL,No,No internet service,No internet service,No,No,Yes,one year,Yes,electronic_check,58.87,2295.74,No
CUST-06284,Female,1,No,No,16,Yes,No,DSL,No,No internet service,Yes,Yes,No internet service,Yes,two year,No,credit_card,81.12,1297.88,No
CUST-06285,Female,0,No,Yes,33,Yes,Yes,DSL,No internet service,No,Yes,No,Yes,Yes,month-to-month,No,mailed_check,81.76,2698.13,No
CUST-06286,Male,0,No,No,63,Yes,No,Fiber optic,No internet service,No internet service,No,No internet service,Yes,Yes,month-to-month,No,mailed_check,132.44,8343.54,No
CUST-06287,Female,1,Yes,No,32,No,No phone service,DSL,Yes,No,Yes,Yes,No internet service,Yes,month-to-month,Yes,electronic_check,42.69,1366.07,No
CUST-06288,Female,1,No,Yes,14,Yes,No,Fiber optic,No internet service,Yes,Yes,No internet service,No,No internet service,month-to-month,No,electronic_check,109.57,1534.0,No
CUST-06289,Female,1,No,No,8,Yes,No,DSL,No,Yes,No,Yes,Yes,No,month-to-month,No,credit_card,45.72,365.75,No
CUST-06290,Male,1,No,No,34,Yes,No,Fiber optic,No,No,No,No,Yes,No,two year,Yes,bank_transfer,110.39,3753.25,No
CUST-06291,Female,1,No,Yes,58,Yes,No,DSL,Yes,Yes,No,No,No internet service,No,month-to-month,Yes,mailed_check,66.28,3844.23,No
CUST-06292,Male,0,Yes,No,26,Yes,Yes,Fiber optic,No,No internet service,No internet service,No internet service,Yes,No,month-to-month,Yes,credit_card,125.92,3273.95,Yes
CUST-06293,Male,1,No,No,48,Yes,No,DSL,Yes,No internet service,No internet service,No internet service,No internet service,No internet service,month-to-month,Yes,electronic_check,83.16,3991.9,No
CUST-06294,Female,0,No,No,28,No,No phone service,Fiber optic,Yes,Yes,No internet service,No internet service,No internet service,Yes,month-to-month,No,electronic_check,124.78,3493.85,No
CUST-06295,Male,1,Yes,No,69,Yes,No,Fiber optic,No internet service,No,No internet service,Yes,No,No internet service,month-to-month,Yes,electronic_check,120.77,8333.28,No
CUST-06296,Female,1,No,Yes,47,Yes,Yes,DSL,No,No,Yes,No,No,Yes,month-to-month,No,bank_transfer,53.04,2492.9,No
CUST-06297,Female,0,No,No,12,Yes,Yes,DSL,No,Yes,No,Yes,No internet service,No internet service,month-to-month,No,electronic_check,59.31,711.76,No
CUST-06298,Female,0,Yes,Yes,7,Yes,No,DSL,No internet service,Yes,No internet service,No,No,No,month-to-month,No,electronic_check,39.83,278.78,No
CUST-06299,Male,0,No,Yes,5,Yes,No,DSL,No internet service,Yes,No internet service,Yes,Yes,No,one year,Yes,electronic_check,59.86,299.3,No
CUST-06300,Male,0,Yes,Yes,52,Yes,No,DSL,No,No internet service,No,No,Yes,Yes,one year,Yes,bank_transfer,60.33,3137.09,No
CUST-06301,Female,1,No,No,67,Yes,No,Fiber optic,No internet service,No,No internet service,Yes,No,No,one year,Yes,bank_transfer,104.54,7004.06,No
CUST-06302,Female,1,Yes,No,15,Yes,No,DSL,No internet service,Yes,No internet service,No,Yes,No,one year,Yes,electronic_check,71.95,1079.2,No
CUST-06303,Male,1,Yes,Yes,30,Yes,No,Fiber optic,No,No,No,Yes,No,Yes,one year,No,bank_transfer,88.62,2658.55,No
CUST-06304,Female,1,No,No,1,Yes,Yes,Fiber optic,No,No,No internet service,No internet service,No internet service,No,month-to-month,No,electronic_check,115.98,115.98,Yes
CUST-06305,Male,0,Yes,No,27,Yes,No,DSL,Yes,No,No,Yes,No internet service,No internet service,one year,Yes,electronic_check,60.35,1629.57,No
CUST-06306,Male,0,Yes,No,11,Yes,Yes,Fiber optic,No,Yes,Yes,No internet service,No internet service,No internet service,one year,No,mailed_check,107.91,1187.05,No
CUST-06307,Male,0,Yes,No,38,Yes,No,DSL,Yes,No internet service,Yes,No,No internet service,No,month-to-month,Yes,credit_card,38.83,1475.39,No
CUST-06308,Male,0,No,Yes,39,Yes,Yes,Fiber optic,No,No internet service,No,Yes,No,No internet service,two year,Yes,mailed_check,87.73,3421.49,No
CUST-06309,Female,1,Yes,No,35,Yes,No,Fiber optic,No,No internet service,Yes,No internet service,Yes,No internet service,month-to-month,Yes,electronic_check,75.51,2642.8,No
CUST-06310,Female,0,Yes,No,69,Yes,No,Fiber optic,Yes,No internet service,Yes,Yes,Yes,No,month-to-month,No,bank_transfer,86.54,5971.29,No
CUST-06311,Female,0,Yes,No,44,No,No phone service,Fiber optic,No,No,Yes,Yes,No internet service,Yes,two year,Yes,electronic_check,128.56,5656.73,No
CUST-06312,Female,0,No,Yes,25,Yes,Yes,Fiber optic,Yes,No,No,No,No,No internet service,two year,No,credit_card,111.72,2792.89,No
CUST-06313,Male,1,No,No,43,Yes,No,No,No,Yes,No,No,No,No,one year,Yes,credit_card,28.19,1212.16,No
CUST-06314,Male,1,Yes,Yes,2,Yes,No,Fiber optic,No internet service,No internet service,No,No,No internet service,Yes,month-to-month,Yes,bank_transfer,104.79,209.59,Yes
CUST-06315,Male,1,No,No,38,Yes,Yes,DSL,No,Yes,No internet service,No internet service,Yes,Yes,one year,Yes,mailed_check,59.52,2261.65,No
CUST-06316,Male,0,No,No,9,Yes,Yes,DSL,Yes,No internet service,No,Yes,No internet service,Yes,month-to-month,No,electronic_check,58.68,528.13,Yes
CUST-06317,Male,0,No,Yes,17,Yes,Yes,Fiber optic,No,No internet service,Yes,No internet service,No internet service,No internet service,two year,Yes,mailed_check,109.65,1864.1,No
CUST-06318,Female,0,No,No,50,Yes,Yes,DSL,No internet service,Yes,No,No internet service,No internet service,No internet service,one year,No,electronic_check,51.95,2597.66,No
CUST-06319,Male,1,Yes,Yes,38,Yes,No,DSL,No,No,No,No,No,No internet service,two year,No,electronic_check,86.53,3288.32,No
CUST-06320,Female,0,No,No,20,Yes,Yes,DSL,Yes,No internet service,No,No internet service,No internet service,Yes,one year,No,mailed_check,51.73,1034.51,No
CUST-06321,Female,0,Yes,Yes,6,Yes,No,No,Yes,No,Yes,No internet service,Yes,No,month-to-month,No,electronic_check,0.46,2.77,Yes
CUST-06322,Female,0,No,No,27,Yes,No,DSL,Yes,No internet service,Yes,No,Yes,Yes,month-to-month,Yes,credit_card,74.96,2024.0,Yes
CUST-06323,Female,0,No,No,7,No,No phone service,DSL,Yes,No internet service,Yes,No,No,No,one year,No,electronic_check,94.98,664.88,No
CUST-06324,Female,1,Yes,Yes,58,Yes,No,Fiber optic,No,No,No internet service,No internet service,No internet service,No internet service,one year,Yes,electronic_check,88.1,5109.93,No
CUST-06325,Male,1,Yes,No,4,Yes,No,No,Yes,No,Yes,No,Yes,No,month-to-month,Yes,electronic_check,35.14,140.57,Yes
CUST-06326,Female,1,No,No,27,Yes,Yes,DSL,No,No,No internet service,Yes,No,No,two year,Yes,electronic_check,67.14,1812.65,No
CUST-06327,Female,0,Yes,No,30,Yes,Yes,Fiber optic,No,No internet service,No,No internet service,Yes,Yes,one year,No,mailed_check,65.04,1951.24,No
CUST-06328,Male,1,No,No,38,No,No phone service,Fiber optic,Yes,No,No internet service,No,Yes,Yes,one year,No,bank_transfer,83.5,3172.89,No
CUST-06329,Female,1,No,No,32,Yes,No,No,No internet service,No internet service,No,No,Yes,No internet service,one year,No,bank_transfer,30.66,981.03,No
CUST-06330,Female,0,No,No,16,Yes,No,Fiber optic,Yes,No,No,No internet service,No,Yes,month-to-month,Yes,electronic_check,92.32,1477.18,No
CUST-06331,Male,0,No,No,15,Yes,Yes,DSL,No internet service,Yes,No internet service,No,Yes,No internet service,month-to-month,Yes,bank_transfer,57.72,865.74,Yes
CUST-06332,Male,1,No,No,30,Yes,No,DSL,Yes,Yes,Yes,Yes,No,Yes,two year,No,credit_card,54.07,1622.13,No
CUST-06333,Male,1,No,No,65,Yes,No,Fiber optic,Yes,No internet service,No,No internet service,Yes,No,month-to-month,Yes,credit_card,109.59,7123.03,No
CUST-06334,Male,1,Yes,No,22,Yes,No,Fiber optic,Yes,No internet service,No,No,Yes,No internet service,month-to-month,No,bank_transfer,128.05,2817.18,No
CUST-06335,Male,0,No,Yes,52,Yes,No,DSL,No internet service,No internet service,No,No,No internet service,No internet service,one year,Yes,mailed_check,52.34,2721.6,No
CUST-06336,Male,0,No,No,49,Yes,Yes,Fiber optic,No,No internet service,No internet service,Yes,Yes,No internet service,two year,No,electronic_check,111.5,5463.53,No
CUST-06337,Female,0,Yes,No,0,Yes,Yes,DSL,No,No internet service,No internet service,No,No internet service,Yes,month-to-month,Yes,credit_card,90.85,90.85,No
CUST-06338,Male,0,No,No,7,Yes,Yes,Fiber optic,No internet service,Yes,No internet service,No,No,Yes,month-to-month,Yes,electronic_check,138.76,971.35,Yes
CUST-06339,Female,1,No,No,10,Yes,No,Fiber optic,No,Yes,No internet service,No,Yes,No internet service,month-to-month,Yes,electronic_check,93.13,931.31,Yes
CUST-06340,Male,0,No,Yes,27,Yes,No,DSL,No,Yes,No,No,Yes,No,one year,No,electronic_check,57.33,1547.95,No
CUST-06341,Male,1,Yes,No,10,Yes,No,No,No,Yes,No,No internet service,No,No,month-to-month,No,electronic_check,9.84,98.41,Yes
CUST-06342,Female,0,Yes,No,26,Yes,Yes,Fiber optic,Yes,No internet service,No internet service,Yes,No internet service,No,month-to-month,Yes,electronic_check,100.23,2605.97,No
CUST-06343,Male,0,No,No,45,Yes,Yes,Fiber optic,No,No,No,No,No,No,month-to-month,Yes,bank_transfer,74.32,3344.57,No
CUST-06344,Male,0,No,Yes,46,Yes,Yes,No,Yes,Yes,No,No internet service,No internet service,No,one year,Yes,credit_card,34.65,1593.85,No
CUST-06345,Female,0,Yes,No,51,Yes,No,DSL,No,No,No internet service,No,No internet service,No,month-to-month,No,electronic_check,48.67,2482.27,No
CUST-06346,Female,1,No,No,43,Yes,No,DSL,No,No internet service,Yes,No,No,No,month-to-month,Yes,electronic_check,78.74,3385.81,No
CUST-06347,Female,1,No,Yes,1,Yes,Yes,Fiber optic,Yes,No internet service,No,Yes,Yes,No,two year,Yes,electronic_check,75.96,75.96,Yes
CUST-06348,Female,1,Yes,No,6,Yes,Yes,DSL,Yes,Yes,No,No internet service,No,No,month-to-month,Yes,electronic_check,40.23,241.36,Yes
CUST-06349,Male,1,No,No,29,Yes,No,DSL,No internet service,No internet service,Yes,No,No,No internet service,month-to-month,No,bank_transfer,49.43,1433.36,No
CUST-06350,Female,1,No,No,35,Yes,Yes,Fiber optic,No,No,No internet service,No internet service,No internet service,No,month-to-month,No,electronic_check,129.31,4525.7,No
CUST-06351,Female,1,No,No,28,Yes,No,DSL,No,No internet service,No,No,No,Yes,month-to-month,No,mailed_check,67.58,1892.17,No
CUST-06352,Female,1,Yes,No,46,Yes,No,DSL,Yes,Yes,Yes,No internet service,No internet service,No,month-to-month,No,credit_card,61.43,2825.64,No
CUST-06353,Female,0,No,Yes,47,Yes,No,DSL,No internet service,No internet service,No internet service,No,No,Yes,one year,Yes,mailed_check,34.15,1604.84,No
CUST-06354,Male,1,Yes,Yes,3,Yes,Yes,DSL,No,Yes,No internet service,Yes,No internet service,Yes,month-to-month,Yes,electronic_check,75.27,225.81,No
CUST-06355,Male,1,No,Yes,68,Yes,No,DSL,No internet service,No,Yes,No,No,No internet service,one year,Yes,mailed_check,79.49,5405.02,No
CUST-06356,Male,0,Yes,Yes,12,Yes,No,DSL,Yes,No,Yes,No,No,No internet service,month-to-month,Yes,bank_transfer,61.76,741.18,No
CUST-06357,Male,1,No,No,17,Yes,Yes,DSL,No internet service,No internet service,No,Yes,No,No,two year,No,electronic_check,84.11,1429.82,No
CUST-06358,Male,1,Yes,No,66,Yes,Yes,Fiber optic,No internet service,No internet service,No internet service,No internet service,No internet service,Yes,month-to-month,No,credit_card,81.3,5366.08,No
CUST-06359,Female,1,Yes,No,9,Yes,Yes,DSL,No,Yes,No internet service,Yes,No internet service,Yes,month-to-month,Yes,electronic_check,81.54,733.85,No
CUST-06360,Female,0,Yes,Yes,13,Yes,No,Fiber optic,No internet service,No internet service,Yes,Yes,No internet service,Yes,month-to-month,No,mailed_check,100.35,1304.56,No
CUST-06361,Female,0,No,Yes,43,Yes,Yes,DSL,No,No,No,No,No internet service,No,month-to-month,Yes,electronic_check,40.17,1727.47,No
CUST-06362,Female,0,No,No,29,Yes,No,Fiber optic,No internet service,No internet service,No internet service,Yes,No,Yes,month-to-month,Yes,electronic_check,116.95,3391.43,No
CUST-06363,Female,1,Yes,No,34,Yes,No,DSL,No internet service,No internet service,No internet service,No,No internet service,No,month-to-month,Yes,bank_transfer,65.15,2215.06,No
CUST-06364,Female,0,No,Yes,27,Yes,No,DSL,No internet service,No,No,No,No internet service,No,two year,Yes,mailed_check,80.47,2172.8,No
CUST-06365,Female,0,No,No,13,No,No phone service,No,Yes,No,No,Yes,No,No internet service,month-to-month,Yes,electronic_check,33.67,437.74,Yes
CUST-06366,Female,1,Yes,No,21,Yes,Yes,DSL,No,No internet service,No,No internet service,Yes,Yes,one year,Yes,bank_transfer,61.72,1296.12,No
CUST-06367,Female,1,No,No,23,Yes,No,Fiber optic,No internet service,Yes,No internet service,No,Yes,No internet service,one year,Yes,mailed_check,99.26,2282.96,No
CUST-06368,Male,1,Yes,No,46,Yes,No,DSL,No internet service,No,Yes,No internet service,Yes,No internet service,one year,Yes,credit_card,83.27,3830.26,No
CUST-06369,Female,1,No,No,10,Yes,Yes,No,No,Yes,Yes,No internet service,Yes,No internet service,month-to-month,Yes,mailed_check,5.78,57.84,No
CUST-06370,Male,1,Yes,Yes,34,Yes,No,Fiber optic,No internet service,No internet service,No,Yes,Yes,No,month-to-month,No,mailed_check,66.94,2276.0,No
CUST-06371,Female,1,Yes,No,5,Yes,Yes,DSL,Yes,No internet service,No,Yes,Yes,No,month-to-month,No,electronic_check,70.11,350.55,No
CUST-06372,Female,1,Yes,No,43,Yes,No,Fiber optic,No,Yes,No,No,No,Yes,one year,No,mailed_check,88.24,3794.29,No
CUST-06373,Female,0,No,No,24,Yes,No,Fiber optic,No,Yes,No,No,No,No,month-to-month,No,electronic_check,105.19,2524.56,No
CUST-06374,Male,1,No,No,43,Yes,No,DSL,No internet service,No,No,No internet service,Yes,No internet service,month-to-month,No,bank_transfer,52.16,2242.87,No
CUST-06375,Male,1,No,No,7,Yes,No,Fiber optic,No internet service,Yes,No internet service,Yes,No,No internet service,two year,No,bank_transfer,84.28,589.97,No
CUST-06376,Male,0,No,No,59,Yes,No,DSL,Yes,No internet service,No,No internet service,Yes,No,month-to-month,Yes,bank_transfer,47.43,2798.54,No
CUST-06377,Male,0,No,No,56,Yes,No,Fiber optic,No internet service,Yes,No,No,Yes,Yes,two year,Yes,credit_card,88.43,4951.97,No
CUST-06378,Male,0,Yes,No,72,Yes,No,Fiber optic,Yes,No internet service,No,No internet service,Yes,No,two year,Yes,electronic_check,90.48,6514.47,No
CUST-06379,Female,0,No,Yes,21,Yes,Yes,Fiber optic,Yes,No,No,No,Yes,No internet service,month-to-month,Yes,bank_transfer,115.78,2431.35,No
CUST-06380,Male,1,Yes,No,45,Yes,No,Fiber optic,No,Yes,Yes,No internet service,No internet service,No,two year,No,electronic_check,131.84,5932.88,No
CUST-06381,Male,1,Yes,No,34,Yes,No,Fiber optic,No,No,No internet service,No internet service,No,No,month-to-month,Yes,credit_card,106.7,3627.87,No
CUST-06382,Female,0,Yes,No,8,Yes,No,DSL,No internet service,No,No internet service,No internet service,No,No,month-to-month,Yes,bank_transfer,52.15,417.16,Yes
CUST-06383,Male,0,Yes,No,55,Yes,No,Fiber optic,Yes,Yes,Yes,No,No,No internet service,two year,Yes,electronic_check,99.06,5448.22,No
CUST-06384,Male,0,Yes,No,42,Yes,No,DSL,No internet service,No,Yes,No,No internet service,No,month-to-month,Yes,credit_card,56.18,2359.6,No
CUST-06385,Male,0,No,No,2,Yes,Yes,DSL,No internet service,No,No,No,Yes,No,month-to-month,Yes,mailed_check,52.49,104.98,No
CUST-06386,Female,1,No,Yes,15,Yes,Yes,No,No,No internet service,No internet service,Yes,No,No,two year,Yes,bank_transfer,18.7,280.48,No
CUST-06387,Male,0,Yes,No,42,Yes,No,Fiber optic,Yes,No,No,No,No,No,month-to-month,Yes,credit_card,81.92,3440.45,No
CUST-06388,Male,0,No,Yes,46,No,No phone service,DSL,Yes,Yes,No,Yes,Yes,No,month-to-month,Yes,bank_transfer,76.86,3535.54,No
CUST-06389,Male,1,No,No,26,Yes,No,Fiber optic,No,No,No,No,No internet service,Yes,one year,Yes,electronic_check,82.78,2152.39,No
CUST-06390,Male,1,No,No,26,No,No phone service,DSL,No,Yes,No,Yes,Yes,No internet service,one year,Yes,mailed_check,67.62,1758.08,No
CUST-06391,Male,0,No,Yes,36,Yes,No,Fiber optic,Yes,No internet service,No,Yes,No internet service,No internet service,month-to-month,Yes,electronic_check,69.32,2495.47,No
CUST-06392,Female,1,Yes,No,61,Yes,Yes,DSL,No internet service,No internet service,No,No,No,Yes,two year,No,electronic_check,60.7,3702.7,No
CUST-06393,Male,1,No,No,45,Yes,No,Fiber optic,No,No internet service,No internet service,No,No,No internet service,month-to-month,No,bank_transfer,77.78,3500.04,No
CUST-06394,Female,0,No,Yes,20,No,No phone service,DSL,No internet service,No,Yes,No,Yes,No,month-to-month,Yes,electronic_check,38.59,771.75,Yes
CUST-06395,Male,1,No,Yes,28,No,No phone service,Fiber optic,Yes,No internet service,No,Yes,No,No,one year,No,mailed_check,72.67,2034.69,No
CUST-06396,Female,1,Yes,No,17,Yes,No,Fiber optic,No,No,No,No,No,No internet service,month-to-month,Yes,mailed_check,124.12,2110.04,No
CUST-06397,Female,1,Yes,Yes,42,Yes,Yes,Fiber optic,No internet service,No internet service,No,Yes,Yes,Yes,two year,No,bank_transfer,90.72,3810.12,No
CUST-06398,Female,1,Yes,No,71,Yes,No,Fiber optic,No internet service,No internet service,Yes,No,No,No internet service,month-to-month,Yes,bank_transfer,71.87,5102.69,No
CUST-06399,Female,1,No,No,37,Yes,Yes,Fiber optic,No internet service,No,No,No,Yes,Yes,month-to-month,No,electronic_check,100.36,3713.43,No
CUST-06400,Male,0,Yes,No,1,Yes,No,Fiber optic,No internet service,No,No internet service,No internet service,No internet service,No,month-to-month,Yes,electronic_check,122.1,122.1,Yes
CUST-06401,Male,1,Yes,Yes,9,No,No phone service,Fiber optic,No,Yes,No,No internet service,No internet service,Yes,month-to-month,Yes,electronic_check,133.8,1204.19,Yes
CUST-06402,Male,1,No,No,8,Yes,No,DSL,Yes,No internet service,No internet service,No,Yes,No internet service,month-to-month,Yes,electronic_check,65.73,525.8,Yes
CUST-06403,Male,0,No,No,64,Yes,No,Fiber optic,No internet service,No internet service,No internet service,Yes,Yes,Yes,month-to-month,No,electronic_check,124.92,7994.85,No
CUST-06404,Male,0,Yes,No,48,Yes,No,Fiber optic,No,Yes,No internet service,No,No internet service,No,month-to-month,No,electronic_check,98.1,4708.78,Yes
CUST-06405,Female,1,Yes,Yes,68,Yes,No,Fiber optic,Yes,No,No,No,No,No internet service,two year,Yes,credit_card,128.88,8764.17,No
CUST-06406,Male,0,No,No,41,Yes,Yes,No,No,No,No,No,No internet service,No internet service,month-to-month,Yes,bank_transfer,14.59,598.26,No
CUST-06407,Male,0,Yes,No,48,Yes,No,DSL,No,No internet service,No,No,No,Yes,month-to-month,Yes,credit_card,58.42,2803.96,No
CUST-06408,Female,1,Yes,No,14,Yes,Yes,Fiber optic,No internet service,No,No,Yes,No,No internet service,one year,Yes,bank_transfer,89.18,1248.51,No
CUST-06409,Male,0,No,Yes,7,Yes,No,Fiber optic,No internet service,No,No,Yes,No internet service,No internet service,month-to-month,No,bank_transfer,91.08,637.57,No
CUST-06410,Female,1,Yes,No,49,Yes,No,DSL,Yes,No internet service,No internet service,No,No,Yes,month-to-month,No,credit_card,68.49,3356.14,No
CUST-06411,Male,0,No,No,43,Yes,No,DSL,Yes,No,No,No,No internet service,No internet service,month-to-month,No,electronic_check,33.75,1451.2,No
CUST-06412,Male,0,Yes,No,31,Yes,No,DSL,Yes,No,Yes,No internet service,No,No,month-to-month,Yes,electronic_check,66.51,2061.96,Yes
CUST-06413,Female,0,No,No,15,No,No phone service,DSL,Yes,No,No,No,No,Yes,month-to-month,Yes,electronic_check,54.82,822.25,Yes
CUST-06414,Male,1,Yes,No,22,Yes,Yes,DSL,No internet service,Yes,No,No,No internet service,Yes,month-to-month,No,credit_card,79.11,1740.36,No
CUST-06415,Female,0,No,No,6,Yes,No,Fiber optic,No internet service,No internet service,Yes,Yes,No internet service,No internet service,month-to-month,No,credit_card,113.41,680.44,No
CUST-06416,Male,0,No,No,68,Yes,No,Fiber optic,Yes,Yes,No,Yes,No,No,month-to-month,Yes,electronic_check,98.3,6684.36,No
CUST-06417,Female,0,No,No,67,Yes,No,Fiber optic,Yes,No internet service,Yes,Yes,No internet service,No internet service,month-to-month,No,credit_card,61.01,4087.53,No
CUST-06418,Female,0,Yes,No,55,Yes,No,DSL,No,No,Yes,No,No,No internet service,month-to-month,Yes,credit_card,39.9,2194.28,No
CUST-06419,Male,1,No,No,65,Yes,Yes,Fiber optic,Yes,Yes,No,No internet service,No,Yes,two year,No,electronic_check,72.23,4695.23,No
CUST-06420,Female,0,Yes,No,32,Yes,Yes,Fiber optic,No,Yes,No,No,No,Yes,month-to-month,Yes,electronic_check,82.51,2640.47,No
CUST-06421,Female,0,Yes,No,71,Yes,No,DSL,Yes,No,No internet service,No,No,No,month-to-month,No,credit_card,48.9,3472.03,No
CUST-06422,Male,0,Yes,No,68,Yes,Yes,DSL,No,Yes,No internet service,No,No,No,month-to-month,Yes,bank_transfer,72.69,4943.09,No
CUST-06423,Male,1,Yes,Yes,62,Yes,Yes,Fiber optic,Yes,No,No internet service,Yes,No internet service,Yes,month-to-month,No,mailed_check,75.44,4677.32,No
CUST-06424,Female,1,Yes,No,3,Yes,Yes,Fiber optic,No internet service,No,No,No internet service,No,Yes,month-to-month,Yes,bank_transfer,73.61,220.82,Yes
CUST-06425,Female,0,No,Yes,34,Yes,No,Fiber optic,No internet service,No,No internet service,No internet service,No,No,month-to-month,No,electronic_check,63.3,2152.05,No
CUST-06426,Male,1,Yes,No,32,Yes,No,DSL,No internet service,Yes,No,No,No,Yes,one year,No,bank_transfer,72.87,2331.73,No
CUST-06427,Female,0,No,No,12,Yes,Yes,Fiber optic,Yes,No internet service,No internet service,No internet service,No,No,month-to-month,Yes,mailed_check,90.21,1082.52,No
CUST-06428,Female,1,No,No,45,No,No phone service,Fiber optic,No internet service,No,Yes,No,Yes,No,two year,Yes,credit_card,112.75,5073.72,No
CUST-06429,Female,1,Yes,Yes,9,Yes,Yes,DSL,No,No,No,No internet service,Yes,No,one year,Yes,bank_transfer,46.99,422.94,No
CUST-06430,Male,1,No,No,71,Yes,No,Fiber optic,No,Yes,Yes,Yes,Yes,Yes,one year,Yes,bank_transfer,86.17,6117.97,No
CUST-06431,Male,0,Yes,No,34,Yes,No,Fiber optic,Yes,No,No internet service,No,No,No,two year,Yes,bank_transfer,100.99,3433.63,No
CUST-06432,Female,1,No,No,17,Yes,Yes,No,No,Yes,No internet service,No,No,No,month-to-month,Yes,electronic_check,4.12,70.06,Yes
CUST-06433,Male,0,Yes,No,39,Yes,No,Fiber optic,Yes,No,No,No,No,No internet service,two year,Yes,credit_card,129.92,5066.73,No
CUST-06434,Female,0,Yes,No,72,Yes,Yes,DSL,Yes,No,Yes,No,No,Yes,month-to-month,No,credit_card,67.48,4858.92,No
CUST-06435,Female,0,No,No,58,Yes,Yes,DSL,No,No,No,No,No,No internet service,month-to-month,Yes,bank_transfer,55.65,3227.47,No
CUST-06436,Female,0,No,No,40,Yes,Yes,DSL,Yes,No,No internet service,No,No internet service,No,month-to-month,Yes,electronic_check,75.29,3011.75,No
CUST-06437,Female,1,Yes,No,28,Yes,No,Fiber optic,No,No internet service,Yes,Yes,No,No internet service,month-to-month,Yes,mailed_check,134.72,3772.23,No
CUST-06438,Female,0,Yes,No,43,Yes,No,DSL,No internet service,No,No,No,No internet service,No internet service,month-to-month,Yes,credit_card,53.25,2289.95,No
CUST-06439,Female,1,Yes,Yes,17,Yes,No,Fiber optic,No,Yes,No internet service,No internet service,No,No,two year,No,credit_card,91.88,1562.02,No
CUST-06440,Male,0,No,No,64,No,No phone service,Fiber optic,No,No internet service,No,No,Yes,Yes,month-to-month,No,electronic_check,89.09,5701.6,No
CUST-06441,Male,1,Yes,No,56,Yes,No,Fiber optic,No,No,No,Yes,No internet service,Yes,two year,Yes,credit_card,103.15,5776.61,No
CUST-06442,Male,1,No,No,22,Yes,No,Fiber optic,Yes,No,No internet service,Yes,No,Yes,month-to-month,Yes,electronic_check,63.99,1407.85,Yes
CUST-06443,Male,1,Yes,No,6,Yes,Yes,Fiber optic,No internet service,No internet service,Yes,No internet service,Yes,No,one year,Yes,credit_card,98.75,592.52,No
CUST-06444,Female,0,Yes,Yes,61,Yes,Yes,Fiber optic,Yes,No,No,No internet service,No,Yes,one year,No,bank_transfer,121.42,7406.35,No
CUST-06445,Male,0,Yes,Yes,55,Yes,No,Fiber optic,Yes,No,Yes,No,Yes,No internet service,month-to-month,Yes,bank_transfer,114.36,6289.95,No
CUST-06446,Female,1,Yes,No,31,Yes,No,Fiber optic,No internet service,Yes,No,Yes,Yes,Yes,one year,No,bank_transfer,98.8,3062.79,No
CUST-06447,Male,1,Yes,No,49,No,No phone service,No,Yes,No,No internet service,No internet service,No internet service,No,one year,Yes,mailed_check,18.02,882.86,No
CUST-06448,Male,1,No,Yes,28,Yes,Yes,DSL,Yes,Yes,Yes,No internet service,No,No,month-to-month,No,electronic_check,52.74,1476.83,No
CUST-06449,Male,1,Yes,Yes,8,Yes,Yes,Fiber optic,Yes,No internet service,No internet service,No,Yes,No internet service,month-to-month,No,credit_card,81.92,655.4,No
CUST-06450,Male,0,Yes,No,5,Yes,Yes,Fiber optic,No,No internet service,Yes,No,Yes,No internet service,month-to-month,Yes,credit_card,121.69,608.47,Yes
CUST-06451,Male,1,No,No,35,Yes,Yes,No,No,No,No internet service,No,No internet service,No internet service,month-to-month,No,mailed_check,1.59,55.8,No
CUST-06452,Male,0,No,No,34,Yes,Yes,No,Yes,No,No,No,Yes,No internet service,month-to-month,No,mailed_check,18.74,637.01,No
CUST-06453,Female,0,Yes,No,60,Yes,Yes,DSL,No,Yes,No,No internet service,No,No internet service,one year,Yes,electronic_check,48.64,2918.22,No
CUST-06454,Male,1,No,No,34,Yes,Yes,DSL,Yes,No,Yes,No,Yes,Yes,month-to-month,Yes,electronic_check,69.83,2374.31,No
CUST-06455,Female,0,Yes,No,19,Yes,Yes,Fiber optic,No internet service,No,No internet service,Yes,No,Yes,one year,Yes,mailed_check,143.04,2717.77,No
CUST-06456,Female,0,Yes,No,8,Yes,No,No,No internet service,Yes,Yes,No,No internet service,No internet service,month-to-month,No,mailed_check,12.38,99.05,No
CUST-06457,Female,1,No,No,57,Yes,Yes,DSL,Yes,No internet service,No,No internet service,Yes,No,month-to-month,Yes,credit_card,59.44,3388.23,No
CUST-06458,Male,1,Yes,No,41,Yes,Yes,DSL,No internet service,Yes,No,No internet service,No,No internet service,month-to-month,No,electronic_check,43.85,1797.78,No
CUST-06459,Female,1,No,No,40,Yes,Yes,Fiber optic,No,Yes,No internet service,No,No,No internet service,month-to-month,Yes,mailed_check,73.46,2938.25,Yes
CUST-06460,Male,0,No,No,18,Yes,No,Fiber optic,Yes,No,No,No internet service,No,Yes,two year,Yes,electronic_check,104.72,1884.88,No
CUST-06461,Female,1,No,No,39,Yes,No,DSL,No,No,Yes,No internet service,Yes,No,one year,Yes,credit_card,56.22,2192.74,No
CUST-06462,Male,1,No,No,52,Yes,No,Fiber optic,Yes,Yes,No,Yes,No,Yes,month-to-month,Yes,bank_transfer,104.14,5415.17,No
CUST-06463,Male,1,No,Yes,63,Yes,No,DSL,No,No,No,No internet service,Yes,No,month-to-month,No,mailed_check,56.77,3576.4,No
CUST-06464,Female,1,No,Yes,7,Yes,No,No,Yes,No internet service,Yes,No,Yes,No,two year,Yes,electronic_check,43.83,306.8,No
CUST-06465,Male,0,No,No,9,Yes,Yes,DSL,No,No,Yes,No,Yes,Yes,month-to-month,No,electronic_check,41.38,372.43,Yes
CUST-06466,Female,0,No,No,69,Yes,No,No,No,Yes,No internet service,No internet service,Yes,Yes,month-to-month,Yes,mailed_check,0.25,17.17,No
CUST-06467,Female,0,Yes,No,55,No,No phone service,DSL,No internet service,No,No,No internet service,No,No,month-to-month,No,mailed_check,51.52,2833.83,No
CUST-06468,Male,0,No,No,21,Yes,Yes,No,Yes,No,No,No internet service,No,No,month-to-month,Yes,electronic_check,7.36,154.56,Yes
CUST-06469,Male,1,Yes,Yes,0,Yes,Yes,DSL,No,No,No internet service,Yes,No internet service,Yes,month-to-month,Yes,mailed_check,40.1,40.1,No
CUST-06470,Male,1,Yes,No,69,Yes,No,No,No internet service,No internet service,Yes,No,Yes,Yes,month-to-month,Yes,bank_transfer,23.75,1638.58,No
CUST-06471,Female,0,Yes,No,54,Yes,No,DSL,No internet service,No internet service,Yes,No,No,No internet service,month-to-month,Yes,bank_transfer,72.02,3889.03,No
CUST-06472,Male,1,Yes,Yes,50,Yes,Yes,Fiber optic,Yes,No internet service,No internet service,No,No,No internet service,month-to-month,Yes,mailed_check,84.51,4225.65,No
CUST-06473,Female,1,No,No,68,Yes,No,DSL,No internet service,No,No internet service,No internet service,Yes,No,month-to-month,Yes,mailed_check,71.23,4843.33,No
CUST-06474,Female,0,Yes,No,43,No,No phone service,Fiber optic,No,Yes,No,No internet service,No internet service,Yes,month-to-month,No,credit_card,105.04,4516.75,No
CUST-06475,Male,0,Yes,No,60,Yes,Yes,DSL,No internet service,Yes,No,No internet service,No internet service,No,two year,No,electronic_check,37.31,2238.67,No
CUST-06476,Male,1,Yes,No,34,Yes,Yes,No,No,Yes,No,Yes,No internet service,No,two year,Yes,electronic_check,14.84,504.48,No
CUST-06477,Male,0,No,Yes,38,Yes,Yes,DSL,No,Yes,No,No internet service,Yes,No,one year,No,electronic_check,72.25,2745.5,No
CUST-06478,Female,1,Yes,No,44,Yes,Yes,Fiber optic,No,No,No,Yes,No,Yes,month-to-month,Yes,electronic_check,116.45,5123.93,No
CUST-06479,Male,1,No,No,37,Yes,No,Fiber optic,Yes,Yes,Yes,No internet service,No internet service,Yes,one year,Yes,bank_transfer,101.11,3741.23,No
CUST-06480,Female,1,No,No,3,Yes,Yes,No,No internet service,Yes,Yes,No,No,No,two year,No,bank_transfer,15.5,46.51,No
CUST-06481,Male,1,No,Yes,33,Yes,No,Fiber optic,No internet service,No internet service,No internet service,Yes,No,No internet service,one year,Yes,bank_transfer,115.25,3803.28,No
CUST-06482,Male,0,No,No,32,Yes,No,Fiber optic,No,No internet service,No,No,No,No,month-to-month,No,bank_transfer,86.7,2774.4,Yes
CUST-06483,Female,1,Yes,Yes,34,Yes,Yes,DSL,Yes,No,No,No internet service,Yes,Yes,month-to-month,No,electronic_check,75.05,2551.58,No
CUST-06484,Male,0,No,No,11,No,No phone service,DSL,No,No,No,No,Yes,Yes,month-to-month,Yes,mailed_check,56.74,624.09,Yes
CUST-06485,Female,1,Yes,Yes,48,Yes,No,Fiber optic,No internet service,Yes,No internet service,No,Yes,No,one year,Yes,electronic_check,117.72,5650.44,No
CUST-06486,Female,1,No,No,33,Yes,No,Fiber optic,No,Yes,Yes,No,Yes,No internet service,month-to-month,No,electronic_check,95.3,3144.87,Yes
CUST-06487,Female,1,Yes,Yes,39,Yes,Yes,DSL,No,No,No internet service,No,Yes,No,month-to-month,No,electronic_check,66.44,2591.18,No
CUST-06488,Female,1,Yes,No,22,Yes,No,DSL,Yes,No,Yes,Yes,No internet service,No,two year,No,mailed_check,61.76,1358.72,No
CUST-06489,Male,1,Yes,No,7,Yes,Yes,Fiber optic,No,No,Yes,No,Yes,No,two year,No,mailed_check,102.06,714.39,No
CUST-06490,Female,0,Yes,Yes,31,Yes,No,DSL,No internet service,Yes,No,No,No,No internet service,month-to-month,Yes,electronic_check,78.67,2438.66,No
CUST-06491,Female,1,No,No,28,Yes,Yes,Fiber optic,No,No internet service,No internet service,No,Yes,Yes,month-to-month,No,bank_transfer,80.6,2256.66,Yes
CUST-06492,Female,1,No,No,23,Yes,No,No,No internet service,Yes,Yes,No,No internet service,Yes,one year,Yes,electronic_check,22.62,520.18,No
CUST-06493,Male,1,No,No,35,Yes,No,Fiber optic,Yes,Yes,No,No,No internet service,No,month-to-month,Yes,mailed_check,125.2,4382.16,No
CUST-06494,Female,0,No,No,6,Yes,No,Fiber optic,Yes,Yes,No internet service,No internet service,No internet service,Yes,two year,No,credit_card,134.68,808.07,No
CUST-06495,Male,1,Yes,No,16,Yes,Yes,Fiber optic,No internet service,No,No internet service,No,No internet service,No,month-to-month,Yes,mailed_check,54.02,864.33,No
CUST-06496,Female,1,Yes,No,4,Yes,No,No,Yes,No,Yes,No,No internet service,No internet service,month-to-month,Yes,bank_transfer,2.56,10.22,No
CUST-06497,Female,0,Yes,No,13,Yes,No,Fiber optic,Yes,No internet service,No internet service,Yes,Yes,No,month-to-month,Yes,electronic_check,69.91,908.89,Yes
CUST-06498,Male,0,No,No,13,Yes,No,DSL,No internet service,Yes,Yes,No internet service,No internet service,No internet service,two year,Yes,electronic_check,87.65,1139.44,No
CUST-06499,Male,1,Yes,No,38,Yes,No,DSL,No,Yes,No internet service,No internet service,No,No,two year,Yes,mailed_check,63.43,2410.51,No
CUST-06500,Male,1,Yes,Yes,1,Yes,Yes,DSL,Yes,No,No,Yes,No,No,two year,No,electronic_check,83.98,83.98,No
CUST-06501,Female,1,Yes,No,36,No,No phone service,DSL,Yes,No,No internet service,Yes,No,No,month-to-month,No,credit_card,74.27,2673.73,No
CUST-06502,Male,0,Yes,No,9,Yes,No,DSL,No internet service,No,Yes,No internet service,No,Yes,month-to-month,No,mailed_check,46.67,420.07,No
CUST-06503,Male,1,No,Yes,42,Yes,No,Fiber optic,No internet service,No internet service,No internet service,Yes,No internet service,Yes,month-to-month,Yes,electronic_check,135.0,5669.91,No
CUST-06504,Female,0,No,No,38,Yes,Yes,DSL,No,No,Yes,No,No internet service,Yes,month-to-month,Yes,electronic_check,59.7,2268.43,No
CUST-06505,Male,0,No,No,5,Yes,Yes,DSL,No internet service,No internet service,No,No internet service,No internet service,Yes,month-to-month,No,credit_card,39.67,198.33,Yes
CUST-06506,Female,0,No,Yes,42,Yes,No,Fiber optic,No,Yes,No internet service,No,Yes,No,one year,No,electronic_check,86.82,3646.52,No
CUST-06507,Female,1,No,No,9,Yes,No,Fiber optic,Yes,No internet service,No,No,Yes,Yes,one year,No,bank_transfer,86.79,781.09,No
CUST-06508,Male,1,Yes,No,25,Yes,Yes,DSL,Yes,No,Yes,No,No,No internet service,two year,Yes,mailed_check,63.1,1577.6,No
CUST-06509,Male,0,Yes,No,47,Yes,No,Fiber optic,No,No internet service,No,No,No internet service,Yes,two year,No,credit_card,80.58,3787.22,No
CUST-06510,Female,0,No,No,52,Yes,No,Fiber optic,No internet service,Yes,Yes,No,No,Yes,month-to-month,Yes,credit_card,81.48,4236.87,No
CUST-06511,Female,1,No,No,3,Yes,Yes,Fiber optic,No internet service,No internet service,Yes,No,No internet service,No,month-to-month,Yes,electronic_check,123.07,369.21,Yes
CUST-06512,Female,0,No,No,68,No,No phone service,Fiber optic,Yes,No,No internet service,No,Yes,Yes,two year,Yes,mailed_check,137.62,9358.09,No
CUST-06513,Female,0,No,No,9,Yes,Yes,DSL,No,Yes,Yes,No,No,No internet service,month-to-month,Yes,electronic_check,60.42,543.81,Yes
CUST-06514,Male,0,No,No,58,Yes,No,Fiber optic,No internet service,No,No,No,Yes,No,two year,Yes,mailed_check,116.21,6740.11,No
CUST-06515,Male,0,No,No,0,Yes,No,Fiber optic,Yes,No internet service,No,No,No,No internet service,month-to-month,Yes,credit_card,130.93,130.93,Yes
CUST-06516,Female,1,Yes,Yes,44,Yes,Yes,DSL,No,No,No,Yes,Yes,No,month-to-month,No,bank_transfer,61.96,2726.38,No
CUST-06517,Male,0,Yes,No,21,Yes,Yes,Fiber optic,No,Yes,No,No,No internet service,No internet service,one year,Yes,bank_transfer,115.35,2422.35,No
CUST-06518,Male,0,No,Yes,16,Yes,Yes,DSL,No,No internet service,No,No internet service,Yes,No,month-to-month,Yes,electronic_check,58.49,935.81,No
CUST-06519,Female,0,Yes,No,13,Yes,No,No,No,No,Yes,Yes,Yes,Yes,month-to-month,No,mailed_check,36.05,468.7,No
CUST-06520,Male,0,Yes,No,14,Yes,No,Fiber optic,No internet service,Yes,No internet service,No internet service,No internet service,No,two year,Yes,electronic_check,113.7,1591.86,Yes
CUST-06521,Female,0,No,No,53,Yes,No,DSL,No internet service,No internet service,No,No internet service,No,No,one year,Yes,bank_transfer,59.17,3136.05,No
CUST-06522,Male,1,No,No,50,Yes,Yes,Fiber optic,No,No,No internet service,No internet service,Yes,No internet service,two year,No,electronic_check,102.61,5130.58,No
CUST-06523,Male,1,No,No,18,Yes,Yes,Fiber optic,Yes,No internet service,No internet service,Yes,No,Yes,month-to-month,Yes,electronic_check,103.51,1863.26,Yes
CUST-06524,Male,0,No,Yes,49,Yes,No,Fiber optic,No,No,No internet service,No,Yes,No,month-to-month,Yes,bank_transfer,80.57,3948.11,No
CUST-06525,Female,0,Yes,No,66,Yes,No,DSL,No,Yes,No internet service,No,No internet service,No,two year,Yes,mailed_check,73.65,4860.99,No
CUST-06526,Female,0,Yes,No,19,Yes,Yes,Fiber optic,Yes,No internet service,No internet service,No internet service,Yes,No,two year,Yes,credit_card,102.12,1940.22,No
CUST-06527,Male,1,Yes,Yes,57,Yes,Yes,DSL,No,No,Yes,No internet service,No internet service,No internet service,one year,No,electronic_check,85.61,4879.72,No
CUST-06528,Female,0,No,No,58,Yes,No,No,No,Yes,Yes,No internet service,No,No internet service,month-to-month,Yes,bank_transfer,11.86,688.01,No
CUST-06529,Female,1,Yes,No,31,Yes,No,DSL,Yes,Yes,No internet service,Yes,No,No,month-to-month,Yes,credit_card,53.79,1667.57,No
CUST-06530,Male,1,Yes,Yes,44,Yes,No,DSL,No,No,Yes,No internet service,No,No internet service,two year,Yes,electronic_check,90.3,3972.99,No
CUST-06531,Male,0,No,No,20,Yes,Yes,Fiber optic,Yes,No,Yes,No,No internet service,No,two year,No,electronic_check,105.12,2102.33,No
CUST-06532,Female,1,Yes,No,9,Yes,No,DSL,Yes,Yes,Yes,Yes,No internet service,No internet service,month-to-month,Yes,electronic_check,72.33,650.99,No
CUST-06533,Male,0,Yes,No,62,Yes,No,Fiber optic,No internet service,No,Yes,Yes,No internet service,No internet service,two year,No,electronic_check,107.71,6677.89,No
CUST-06534,Male,1,No,Yes,38,Yes,Yes,Fiber optic,No,No internet service,Yes,No,No,No,month-to-month,Yes,electronic_check,79.32,3014.31,Yes
CUST-06535,Female,0,Yes,Yes,63,No,No phone service,Fiber optic,Yes,No internet service,Yes,No,Yes,No,two year,Yes,mailed_check,131.95,8312.74,No
CUST-06536,Male,1,Yes,No,42,Yes,No,Fiber optic,No,No,Yes,Yes,Yes,No internet service,month-to-month,Yes,bank_transfer,72.69,3053.02,No
CUST-06537,Male,0,Yes,No,39,Yes,No,Fiber optic,No internet service,Yes,No internet service,Yes,No internet service,No,two year,No,bank_transfer,105.09,4098.65,No
CUST-06538,Female,1,Yes,No,34,Yes,Yes,Fiber optic,No,Yes,No,No internet service,Yes,No internet service,month-to-month,Yes,electronic_check,114.82,3903.72,Yes
CUST-06539,Male,0,No,Yes,14,Yes,No,Fiber optic,No internet service,No internet service,No internet service,Yes,No,No,two year,No,bank_transfer,121.04,1694.55,No
CUST-06540,Male,0,No,No,19,Yes,Yes,DSL,Yes,No internet service,No,No,Yes,No internet service,one year,No,mailed_check,62.91,1195.23,No
CUST-06541,Female,1,No,No,39,Yes,No,Fiber optic,No internet service,No,No internet service,No,No internet service,No internet service,month-to-month,Yes,bank_transfer,116.01,4524.27,No
CUST-06542,Male,1,Yes,Yes,47,No,No phone service,DSL,No,Yes,Yes,No internet service,Yes,Yes,two year,Yes,bank_transfer,92.79,4361.33,No
CUST-06543,Male,0,Yes,Yes,32,Yes,No,DSL,No,Yes,No internet service,No internet service,No,No,two year,No,credit_card,71.09,2274.89,No
CUST-06544,Male,1,Yes,No,21,Yes,Yes,DSL,No internet service,Yes,No,No,No internet service,Yes,one year,Yes,bank_transfer,61.67,1295.13,No
CUST-06545,Female,1,Yes,No,12,Yes,Yes,No,No,No internet service,Yes,No internet service,No,No,month-to-month,Yes,mailed_check,0.68,8.16,Yes
CUST-06546,Male,0,Yes,Yes,12,Yes,No,DSL,No,No,No internet service,No,No internet service,No,one year,Yes,electronic_check,50.79,609.5,No
CUST-06547,Male,0,Yes,No,19,Yes,No,DSL,Yes,No internet service,No internet service,No,Yes,Yes,month-to-month,No,mailed_check,47.55,903.47,No
CUST-06548,Female,1,No,Yes,39,Yes,Yes,DSL,No internet service,Yes,No,Yes,No,No,month-to-month,Yes,credit_card,49.99,1949.72,No
CUST-06549,Female,0,No,No,8,Yes,No,DSL,Yes,No internet service,No,No internet service,No internet service,Yes,month-to-month,No,mailed_check,60.19,481.5,Yes
CUST-06550,Female,1,No,Yes,44,Yes,No,DSL,No,No,No internet service,Yes,No,Yes,month-to-month,Yes,bank_transfer,53.68,2362.13,No
CUST-06551,Female,0,Yes,Yes,68,Yes,No,Fiber optic,No,Yes,Yes,No internet service,No,No,one year,No,electronic_check,77.73,5285.77,No
CUST-06552,Male,1,No,No,39,Yes,No,DSL,Yes,No,No internet service,No internet service,No internet service,No internet service,month-to-month,No,electronic_check,52.04,2029.38,No
CUST-06553,Male,0,No,Yes,64,Yes,Yes,DSL,No,No internet service,No,No internet service,No,No,month-to-month,Yes,credit_card,70.83,4533.26,No
CUST-06554,Male,1,No,No,58,Yes,No,No,No,No,Yes,No internet service,Yes,No,one year,No,credit_card,13.26,768.82,No
CUST-06555,Male,1,Yes,No,2,Yes,Yes,DSL,No,Yes,No internet service,No internet service,No,Yes,month-to-month,No,electronic_check,64.49,128.99,No
CUST-06556,Male,0,Yes,No,2,Yes,No,Fiber optic,No,Yes,No internet service,No,No,Yes,two year,Yes,electronic_check,114.82,229.63,No
CUST-06557,Female,1,No,No,56,Yes,No,Fiber optic,No,No,Yes,No,No,No internet service,month-to-month,No,bank_transfer,124.06,6947.33,No
CUST-06558,Male,0,Yes,No,53,Yes,No,DSL,Yes,No,No,No,No,No,month-to-month,Yes,electronic_check,62.67,3321.58,No
CUST-06559,Female,1,No,No,53,Yes,No,DSL,Yes,No,Yes,Yes,Yes,No,month-to-month,No,mailed_check,40.27,2134.26,No
CUST-06560,Male,0,Yes,No,12,Yes,No,Fiber optic,No,No,No internet service,No internet service,No internet service,No internet service,one year,No,credit_card,86.97,1043.68,No
CUST-06561,Male,1,Yes,No,33,No,No phone service,Fiber optic,No,No internet service,No internet service,No,Yes,Yes,month-to-month,Yes,mailed_check,98.34,3245.25,No
CUST-06562,Female,0,No,No,14,No,No phone service,DSL,Yes,No,No internet service,No internet service,No internet service,Yes,month-to-month,Yes,bank_transfer,70.16,982.28,No
CUST-06563,Male,0,No,No,69,Yes,Yes,Fiber optic,Yes,No,Yes,No,Yes,No internet service,month-to-month,Yes,mailed_check,108.15,7462.2,No
CUST-06564,Female,0,No,No,55,Yes,No,Fiber optic,No internet service,No internet service,Yes,No,No,No,month-to-month,Yes,mailed_check,96.77,5322.08,No
CUST-06565,Male,1,Yes,No,51,Yes,No,Fiber optic,No,Yes,Yes,No internet service,No,No internet service,month-to-month,Yes,credit_card,78.87,4022.14,No
CUST-06566,Male,0,No,Yes,17,Yes,No,No,Yes,Yes,No internet service,No internet service,No,No internet service,two year,Yes,bank_transfer,46.81,795.8,Yes
CUST-06567,Female,0,No,Yes,20,No,No phone service,Fiber optic,No internet service,Yes,No internet service,Yes,Yes,No,month-to-month,No,electronic_check,93.13,1862.54,No
CUST-06568,Male,1,Yes,No,29,No,No phone service,DSL,No internet service,Yes,No internet service,No internet service,No,No,month-to-month,Yes,credit_card,54.28,1574.14,No
CUST-06569,Male,1,Yes,Yes,72,Yes,Yes,Fiber optic,Yes,Yes,No internet service,No,No internet service,No internet service,two year,Yes,bank_transfer,121.39,8740.09,No
CUST-06570,Male,0,No,Yes,61,Yes,Yes,DSL,Yes,No internet service,No,No internet service,Yes,No,two year,No,mailed_check,81.02,4941.93,No
CUST-06571,Male,0,No,No,8,No,No phone service,DSL,Yes,Yes,No internet service,No,No,Yes,month-to-month,Yes,electronic_check,24.59,196.73,Yes
CUST-06572,Male,0,No,No,12,Yes,Yes,Fiber optic,Yes,No,No internet service,No,Yes,No,month-to-month,No,bank_transfer,65.29,783.54,No
CUST-06573,Male,0,No,No,9,Yes,Yes,Fiber optic,No internet service,No internet service,No,No internet service,No,No internet service,one year,No,mailed_check,139.4,1254.56,Yes
CUST-06574,Female,1,Yes,No,49,Yes,Yes,No,No internet service,No internet service,Yes,No,No internet service,Yes,two year,No,electronic_check,39.54,1937.44,No
CUST-06575,Female,1,No,Yes,49,Yes,Yes,DSL,Yes,No,No,No,Yes,No internet service,month-to-month,Yes,credit_card,64.59,3165.13,No
CUST-06576,Female,0,No,No,63,Yes,No,DSL,No,No internet service,Yes,No,No,No internet service,two year,Yes,mailed_check,69.64,4387.56,No
CUST-06577,Male,1,No,No,51,Yes,No,Fiber optic,No internet service,No internet service,No internet service,No,Yes,Yes,month-to-month,Yes,electronic_check,110.64,5642.82,No
CUST-06578,Male,1,No,No,28,Yes,Yes,DSL,Yes,Yes,No internet service,Yes,Yes,Yes,month-to-month,No,electronic_check,54.89,1536.8,No
CUST-06579,Female,1,Yes,Yes,51,Yes,No,DSL,No internet service,Yes,No internet service,No internet service,No,Yes,two year,Yes,mailed_check,90.71,4626.25,No
CUST-06580,Female,1,No,No,65,Yes,No,DSL,Yes,Yes,Yes,No internet service,No,Yes,month-to-month,No,bank_transfer,51.49,3346.64,No
CUST-06581,Female,0,Yes,No,6,Yes,No,Fiber optic,No,No,No,No,No,No,month-to-month,Yes,bank_transfer,66.61,399.66,No
CUST-06582,Male,0,No,Yes,42,Yes,No,Fiber optic,No,Yes,Yes,No,No internet service,Yes,one year,Yes,electronic_check,103.58,4350.21,No
CUST-06583,Female,0,No,No,43,Yes,Yes,DSL,No,No internet service,No,Yes,No internet service,No internet service,one year,Yes,bank_transfer,52.66,2264.47,No
CUST-06584,Female,1,Yes,No,36,Yes,No,DSL,Yes,No,Yes,No internet service,Yes,No,month-to-month,No,electronic_check,42.66,1535.91,No
CUST-06585,Female,0,No,No,25,Yes,No,Fiber optic,No,Yes,Yes,Yes,No,Yes,one year,Yes,bank_transfer,70.87,1771.73,No
CUST-06586,Male,1,No,No,66,Yes,No,Fiber optic,No internet service,No,No,No,No internet service,Yes,one year,No,electronic_check,98.85,6524.21,No
CUST-06587,Female,1,No,No,16,Yes,Yes,DSL,No internet service,No internet service,No internet service,No,No internet service,No internet service,month-to-month,No,electronic_check,48.03,768.53,No
CUST-06588,Female,1,No,No,26,Yes,No,Fiber optic,No,No,No,No,No,No internet service,month-to-month,No,mailed_check,90.53,2353.79,Yes
CUST-06589,Female,1,No,Yes,23,Yes,Yes,No,No internet service,No internet service,Yes,Yes,Yes,No,month-to-month,No,mailed_check,31.34,720.77,No
CUST-06590,Female,0,No,Yes,45,Yes,No,No,No,No internet service,No,Yes,No,No,month-to-month,No,credit_card,27.53,1239.02,No
CUST-06591,Female,1,Yes,No,10,Yes,Yes,Fiber optic,No internet service,No internet service,Yes,No,Yes,No,one year,No,mailed_check,72.46,724.58,No
CUST-06592,Male,1,No,No,27,Yes,Yes,DSL,No internet service,No,Yes,No internet service,No,No internet service,one year,Yes,mailed_check,55.3,1493.0,No
CUST-06593,Male,0,No,No,25,Yes,No,DSL,No internet service,No internet service,No,No,No internet service,No,month-to-month,No,bank_transfer,61.53,1538.23,No
CUST-06594,Male,0,Yes,No,35,Yes,Yes,DSL,No,Yes,Yes,No internet service,No,Yes,month-to-month,Yes,mailed_check,77.37,2707.82,No
CUST-06595,Female,1,No,No,4,Yes,Yes,Fiber optic,No,No internet service,Yes,No,Yes,No,month-to-month,Yes,bank_transfer,92.48,369.93,Yes
CUST-06596,Male,1,Yes,No,14,No,No phone service,Fiber optic,No internet service,Yes,No,No,Yes,No,month-to-month,Yes,mailed_check,114.63,1604.83,Yes
CUST-06597,Male,0,Yes,No,39,Yes,Yes,Fiber optic,No internet service,No,No internet service,Yes,No,Yes,month-to-month,Yes,credit_card,124.08,4838.97,No
CUST-06598,Male,0,No,Yes,42,Yes,No,Fiber optic,Yes,Yes,No,No internet service,No internet service,No internet service,month-to-month,No,mailed_check,79.45,3336.88,No
CUST-06599,Female,0,No,No,50,Yes,Yes,DSL,Yes,No,No,No internet service,Yes,No internet service,month-to-month,No,mailed_check,36.73,1836.33,No
CUST-06600,Female,1,No,Yes,58,Yes,Yes,DSL,No,Yes,No internet service,No,No internet service,Yes,one year,No,bank_transfer,67.09,3891.34,No
CUST-06601,Male,0,Yes,No,42,Yes,Yes,DSL,No,No,No internet service,Yes,No internet service,No internet service,one year,Yes,credit_card,40.02,1680.92,No
CUST-06602,Female,0,No,No,19,Yes,No,Fiber optic,No internet service,No,Yes,No internet service,No,No internet service,month-to-month,Yes,bank_transfer,87.27,1658.05,No
CUST-06603,Male,0,Yes,Yes,41,Yes,No,No,Yes,No internet service,No internet service,No internet service,No internet service,No internet service,two year,Yes,electronic_check,23.1,947.11,No
CUST-06604,Female,1,No,No,47,Yes,No,Fiber optic,No internet service,No,No,No,No,No internet service,two year,No,mailed_check,68.46,3217.59,No
CUST-06605,Male,1,No,No,8,Yes,Yes,DSL,No internet service,No,No internet service,No,Yes,No internet service,month-to-month,No,bank_transfer,48.91,391.27,No
CUST-06606,Male,1,Yes,No,67,Yes,No,Fiber optic,Yes,No,No internet service,No internet service,No,No,month-to-month,No,credit_card,106.54,7138.28,No
CUST-06607,Female,0,No,Yes,12,Yes,No,Fiber optic,No internet service,No,Yes,No,No internet service,Yes,month-to-month,No,mailed_check,75.31,903.75,Yes
CUST-06608,Female,1,Yes,No,14,Yes,Yes,DSL,No,No,Yes,No,No internet service,No internet service,one year,Yes,bank_transfer,58.65,821.07,No
CUST-06609,Male,0,No,No,40,No,No phone service,No,No,Yes,Yes,Yes,No,No,month-to-month,No,credit_card,21.16,846.55,No
CUST-06610,Male,0,No,No,18,No,No phone service,Fiber optic,No,Yes,No,Yes,No internet service,Yes,month-to-month,No,credit_card,87.6,1576.82,Yes
CUST-06611,Female,1,No,Yes,69,Yes,Yes,DSL,Yes,Yes,No,No,No,Yes,one year,No,electronic_check,73.32,5058.84,No
CUST-06612,Female,0,No,No,54,Yes,Yes,DSL,No internet service,Yes,Yes,Yes,Yes,No internet service,month-to-month,No,credit_card,31.17,1683.21,No
CUST-06613,Female,1,No,No,11,Yes,No,DSL,No,No,No internet service,Yes,No,No,one year,Yes,credit_card,54.77,602.46,No
CUST-06614,Male,1,No,No,66,Yes,No,Fiber optic,No,No,No,Yes,No internet service,No,one year,No,bank_transfer,132.32,8733.27,No
CUST-06615,Male,1,Yes,No,36,Yes,No,DSL,No,No internet service,Yes,No internet service,No,Yes,one year,Yes,credit_card,69.39,2498.2,No
CUST-06616,Female,0,No,Yes,70,Yes,No,Fiber optic,No internet service,No,No internet service,No internet service,Yes,No internet service,month-to-month,Yes,mailed_check,90.46,6332.45,No
CUST-06617,Female,0,Yes,Yes,22,Yes,No,Fiber optic,Yes,Yes,Yes,No,No internet service,No internet service,one year,Yes,bank_transfer,94.98,2089.6,No
CUST-06618,Female,1,Yes,No,35,Yes,No,Fiber optic,Yes,Yes,Yes,Yes,No internet service,No internet service,one year,No,electronic_check,67.19,2351.69,No
CUST-06619,Female,1,Yes,No,34,Yes,No,Fiber optic,No,No,No internet service,No,No,No,two year,No,electronic_check,131.05,4455.81,No
CUST-06620,Female,1,No,Yes,0,Yes,No,Fiber optic,No,No,No,Yes,No internet service,Yes,month-to-month,No,bank_transfer,130.96,130.96,No
CUST-06621,Male,1,No,No,5,Yes,No,DSL,No internet service,No,No internet service,No internet service,No,Yes,month-to-month,No,bank_transfer,50.78,253.89,No
CUST-06622,Male,0,No,Yes,57,Yes,No,DSL,No,No internet service,Yes,Yes,No,No,one year,Yes,credit_card,60.11,3426.34,No
CUST-06623,Male,1,Yes,No,6,Yes,No,Fiber optic,No internet service,No,Yes,Yes,Yes,No,two year,Yes,electronic_check,87.09,522.57,No
CUST-06624,Female,0,No,Yes,17,Yes,No,DSL,Yes,No internet service,No,Yes,No internet service,Yes,two year,Yes,electronic_check,65.43,1112.31,No
CUST-06625,Male,0,Yes,No,65,Yes,No,Fiber optic,Yes,No,No internet service,No internet service,Yes,No internet service,month-to-month,No,electronic_check,136.5,8872.75,No
CUST-06626,Male,1,No,No,23,Yes,Yes,Fiber optic,No internet service,Yes,Yes,No internet service,Yes,No,month-to-month,Yes,credit_card,86.01,1978.25,No
CUST-06627,Male,0,Yes,No,69,No,No phone service,DSL,Yes,No,Yes,No internet service,No,No,month-to-month,Yes,electronic_check,52.23,3603.53,No
CUST-06628,Male,1,No,No,70,Yes,No,No,No,Yes,Yes,Yes,No internet service,No,one year,No,bank_transfer,15.94,1115.98,No
CUST-06629,Male,1,No,Yes,45,Yes,No,DSL,Yes,No internet service,Yes,Yes,Yes,No,one year,Yes,credit_card,52.62,2367.86,No
CUST-06630,Male,1,Yes,Yes,11,Yes,Yes,DSL,No internet service,Yes,Yes,Yes,No,Yes,month-to-month,No,mailed_check,61.09,671.95,No
CUST-06631,Female,1,Yes,No,36,No,No phone service,Fiber optic,Yes,No internet service,No internet service,No,No,No,two year,No,bank_transfer,112.4,4046.39,No
CUST-06632,Male,1,Yes,No,10,Yes,No,Fiber optic,Yes,No internet service,No internet service,Yes,No,No internet service,one year,Yes,credit_card,107.3,1073.0,No
CUST-06633,Male,0,No,No,5,Yes,No,Fiber optic,No,No,Yes,No,No,No,two year,No,electronic_check,110.99,554.96,Yes
CUST-06634,Male,0,Yes,No,3,No,No phone service,Fiber optic,No internet service,No internet service,No,Yes,No,Yes,two year,Yes,credit_card,123.89,371.66,No
CUST-06635,Male,0,Yes,No,63,Yes,Yes,No,No internet service,Yes,Yes,No internet service,Yes,Yes,month-to-month,Yes,credit_card,33.25,2094.53,No
CUST-06636,Female,1,No,Yes,54,Yes,No,DSL,No,No internet service,No internet service,No internet service,No,Yes,month-to-month,Yes,electronic_check,47.83,2582.58,No
CUST-06637,Female,0,Yes,No,13,Yes,Yes,DSL,No internet service,No,No,No internet service,Yes,No,month-to-month,Yes,credit_card,73.04,949.51,No
CUST-06638,Female,0,No,No,39,Yes,No,Fiber optic,Yes,No,Yes,No,No internet service,No,month-to-month,No,mailed_check,111.46,4347.0,No
CUST-06639,Female,1,Yes,Yes,12,Yes,Yes,DSL,No internet service,No,No,No,No internet service,Yes,month-to-month,Yes,electronic_check,52.53,630.37,No
CUST-06640,Male,0,No,No,30,Yes,No,Fiber optic,Yes,No internet service,Yes,Yes,Yes,No internet service,month-to-month,Yes,electronic_check,87.26,2617.91,Yes
CUST-06641,Female,1,No,Yes,30,Yes,No,DSL,No,No internet service,Yes,Yes,No,Yes,month-to-month,Yes,electronic_check,61.26,1837.74,No
CUST-06642,Female,0,No,No,33,No,No phone service,DSL,No,Yes,No,Yes,No,No internet service,two year,Yes,bank_transfer,78.24,2581.86,No
CUST-06643,Male,1,No,No,4,Yes,No,DSL,No internet service,Yes,Yes,No,No,Yes,two year,Yes,electronic_check,78.41,313.65,No
CUST-06644,Female,1,Yes,Yes,10,Yes,No,DSL,Yes,No,Yes,No,No internet service,No internet service,two year,Yes,mailed_check,68.53,685.29,No
CUST-06645,Male,1,No,No,37,Yes,No,No,No internet service,No,Yes,No,No internet service,No,month-to-month,Yes,electronic_check,7.78,287.82,No
CUST-06646,Male,0,Yes,No,2,Yes,No,Fiber optic,No,No,No internet service,No internet service,Yes,Yes,month-to-month,Yes,mailed_check,99.61,199.21,Yes
CUST-06647,Female,1,Yes,Yes,62,Yes,Yes,DSL,No,No,No internet service,No internet service,No,No,one year,Yes,electronic_check,89.39,5541.94,No
CUST-06648,Female,1,No,Yes,43,Yes,Yes,DSL,No internet service,Yes,No,No internet service,No internet service,No,month-to-month,Yes,credit_card,29.44,1265.91,No
CUST-06649,Female,0,No,No,5,Yes,Yes,Fiber optic,No internet service,Yes,Yes,No,Yes,No internet service,month-to-month,No,mailed_check,90.33,451.63,No
CUST-06650,Male,0,No,No,3,No,No phone service,DSL,No,No,Yes,No internet service,No,No,month-to-month,No,bank_transfer,49.03,147.1,No
CUST-06651,Female,0,No,No,60,Yes,No,No,No internet service,Yes,No internet service,No,Yes,No internet service,month-to-month,Yes,bank_transfer,12.79,767.56,No
CUST-06652,Female,0,Yes,No,38,Yes,No,Fiber optic,Yes,No,No,No internet service,No internet service,No,two year,No,electronic_check,104.05,3953.96,No
CUST-06653,Female,0,No,No,1,Yes,Yes,Fiber optic,Yes,No,No,No,No internet service,No internet service,one year,No,bank_transfer,97.54,97.54,Yes
CUST-06654,Female,0,No,No,60,No,No phone service,Fiber optic,Yes,No internet service,No,No,Yes,No,month-to-month,No,electronic_check,89.24,5354.13,No
CUST-06655,Female,0,No,No,71,No,No phone service,DSL,No,No,No internet service,No,No,No,month-to-month,Yes,electronic_check,51.54,3659.67,No
CUST-06656,Female,0,No,No,1,No,No phone service,Fiber optic,No,No,No,No,Yes,No internet service,one year,Yes,credit_card,114.67,114.67,No
CUST-06657,Female,1,No,No,5,Yes,No,Fiber optic,No internet service,Yes,Yes,No internet service,No internet service,No,month-to-month,Yes,mailed_check,123.16,615.78,Yes
CUST-06658,Female,1,No,Yes,42,Yes,No,Fiber optic,Yes,No internet service,Yes,No,No internet service,Yes,month-to-month,Yes,mailed_check,70.65,2967.12,No
CUST-06659,Male,1,Yes,No,17,Yes,Yes,DSL,No,No,Yes,No,No,No,month-to-month,No,credit_card,56.6,962.17,Yes
CUST-06660,Female,0,No,No,26,Yes,No,DSL,No internet service,No,Yes,No internet service,No internet service,Yes,month-to-month,Yes,credit_card,45.97,1195.21,No
CUST-06661,Female,0,No,Yes,55,Yes,Yes,DSL,Yes,Yes,No internet service,Yes,No,No,two year,Yes,bank_transfer,44.89,2468.72,No
CUST-06662,Male,0,No,No,19,Yes,No,Fiber optic,Yes,No internet service,No,Yes,No,No internet service,one year,Yes,electronic_check,62.3,1183.69,No
CUST-06663,Male,1,Yes,No,44,Yes,Yes,DSL,No internet service,No internet service,No internet service,Yes,No,No,month-to-month,Yes,mailed_check,50.96,2242.33,No
CUST-06664,Male,0,Yes,Yes,12,Yes,Yes,DSL,No,Yes,Yes,No internet service,No,No,one year,No,bank_transfer,60.85,730.19,No
CUST-06665,Female,0,No,No,33,Yes,Yes,No,Yes,No,No,No internet service,Yes,No internet service,month-to-month,Yes,electronic_check,11.92,393.38,Yes
CUST-06666,Male,1,Yes,No,24,Yes,Yes,No,No,No internet service,No,No internet service,No internet service,No internet service,month-to-month,Yes,bank_transfer,14.85,356.38,No
CUST-06667,Male,1,No,No,39,Yes,No,DSL,No internet service,No,No internet service,No internet service,No,Yes,two year,No,electronic_check,93.14,3632.32,No
CUST-06668,Male,1,No,Yes,49,Yes,No,DSL,No internet service,Yes,Yes,No internet service,No,No,one year,Yes,electronic_check,76.55,3750.93,No
CUST-06669,Male,0,Yes,No,29,Yes,No,DSL,No internet service,Yes,No internet service,No internet service,No,Yes,month-to-month,No,mailed_check,56.86,1648.92,No
CUST-06670,Female,0,Yes,No,15,Yes,No,No,Yes,No internet service,No,No,Yes,No,two year,No,mailed_check,14.95,224.27,No
CUST-06671,Female,0,No,Yes,52,No,No phone service,Fiber optic,No,Yes,No,No internet service,No,No internet service,month-to-month,Yes,credit_card,119.28,6202.43,No
CUST-06672,Male,1,No,No,61,Yes,Yes,DSL,No internet service,Yes,No internet service,No,No,No,month-to-month,Yes,electronic_check,58.87,3591.17,Yes
CUST-06673,Female,0,No,No,17,Yes,No,DSL,Yes,No,No,No internet service,Yes,No,two year,No,bank_transfer,68.6,1166.22,No
CUST-06674,Male,0,Yes,Yes,45,Yes,Yes,Fiber optic,No,Yes,No,Yes,Yes,No internet service,one year,No,bank_transfer,104.68,4710.68,No
CUST-06675,Female,0,No,No,60,Yes,No,DSL,No internet service,Yes,No,No internet service,No internet service,No internet service,two year,Yes,bank_transfer,80.73,4843.93,No
CUST-06676,Female,1,No,Yes,39,Yes,No,DSL,No,Yes,No,Yes,No,No,two year,Yes,mailed_check,57.06,2225.26,No
CUST-06677,Male,0,Yes,No,51,Yes,Yes,Fiber optic,No,No,No internet service,No,No,No internet service,month-to-month,No,electronic_check,60.05,3062.76,No
CUST-06678,Female,1,No,No,0,Yes,Yes,No,Yes,Yes,No internet service,No,Yes,No,one year,Yes,electronic_check,41.3,41.3,No
CUST-06679,Male,1,Yes,No,30,No,No phone service,DSL,Yes,Yes,No,Yes,No,No,one year,No,credit_card,73.22,2196.67,No
CUST-06680,Male,1,Yes,Yes,63,Yes,No,Fiber optic,Yes,Yes,No,Yes,No internet service,No internet service,month-to-month,Yes,mailed_check,120.0,7560.12,No
CUST-06681,Female,1,No,No,67,Yes,Yes,Fiber optic,No,No,No,No,No internet service,Yes,one year,Yes,electronic_check,123.8,8294.71,No
CUST-06682,Male,1,Yes,No,33,Yes,Yes,Fiber optic,No,Yes,No,No,No internet service,Yes,one year,No,bank_transfer,118.18,3900.01,No
CUST-06683,Female,0,No,No,29,Yes,Yes,DSL,No,No internet service,No internet service,No,Yes,No,month-to-month,No,credit_card,74.72,2166.82,No
CUST-06684,Male,1,Yes,No,42,No,No phone service,Fiber optic,No internet service,Yes,No internet service,No internet service,No,No internet service,one year,Yes,mailed_check,102.5,4304.86,No
CUST-06685,Male,1,No,No,58,Yes,Yes,Fiber optic,No internet service,Yes,No,No,Yes,Yes,month-to-month,Yes,electronic_check,98.2,5695.4,No
CUST-06686,Male,1,Yes,No,67,Yes,No,DSL,No internet service,No internet service,No,No,Yes,Yes,two year,Yes,bank_transfer,74.47,4989.58,No
CUST-06687,Female,1,No,No,54,Yes,No,DSL,No internet service,No internet service,No internet service,No internet service,No internet service,No,month-to-month,Yes,mailed_check,57.44,3101.65,No
CUST-06688,Female,0,Yes,No,3,Yes,No,DSL,No,No,No,No,No internet service,Yes,month-to-month,No,electronic_check,62.5,187.51,No
CUST-06689,Female,1,No,Yes,38,Yes,Yes,DSL,No internet service,No internet service,No,No internet service,No,Yes,month-to-month,Yes,bank_transfer,57.14,2171.43,No
CUST-06690,Female,1,No,No,64,Yes,Yes,Fiber optic,No,No,No,No,No,No,one year,Yes,bank_transfer,92.81,5939.54,No
CUST-06691,Female,0,No,Yes,3,Yes,No,Fiber optic,Yes,Yes,No,No internet service,No internet service,Yes,two year,Yes,mailed_check,94.97,284.92,No
CUST-06692,Male,1,Yes,No,71,Yes,No,DSL,Yes,No,No,No internet service,Yes,No internet service,month-to-month,No,credit_card,68.4,4856.69,No
CUST-06693,Male,0,No,No,29,Yes,No,DSL,No,No,Yes,No internet service,Yes,No,month-to-month,Yes,electronic_check,49.31,1430.04,No
CUST-06694,Female,0,Yes,No,6,Yes,Yes,DSL,No,Yes,No internet service,No internet service,No,No internet service,month-to-month,Yes,electronic_check,24.96,149.77,No
CUST-06695,Female,0,Yes,Yes,41,Yes,No,DSL,Yes,Yes,Yes,No,Yes,No,two year,Yes,electronic_check,56.19,2303.96,No
CUST-06696,Female,1,Yes,Yes,35,Yes,No,Fiber optic,Yes,No internet service,No,No,No internet service,No internet service,month-to-month,Yes,electronic_check,119.45,4180.75,Yes
CUST-06697,Male,0,No,No,1,No,No phone service,DSL,Yes,Yes,No,No internet service,Yes,No internet service,month-to-month,Yes,mailed_check,34.71,34.71,Yes
CUST-06698,Male,0,No,No,23,Yes,No,Fiber optic,No,No internet service,Yes,Yes,No internet service,No internet service,month-to-month,Yes,electronic_check,83.24,1914.63,No
CUST-06699,Male,0,Yes,No,1,Yes,Yes,DSL,No,No,No,No internet service,No internet service,No internet service,one year,Yes,electronic_check,65.81,65.81,No
CUST-06700,Male,0,Yes,Yes,6,Yes,Yes,Fiber optic,No internet service,No,No,No,Yes,Yes,two year,Yes,electronic_check,109.39,656.34,Yes
CUST-06701,Female,0,Yes,No,34,Yes,No,Fiber optic,No,No,Yes,No,Yes,No,month-to-month,No,credit_card,104.2,3542.72,No
CUST-06702,Female,0,No,Yes,23,Yes,Yes,DSL,Yes,Yes,No internet service,No,No,Yes,one year,Yes,credit_card,74.58,1715.34,No
CUST-06703,Female,1,No,No,25,Yes,Yes,Fiber optic,No,Yes,No internet service,No internet service,No internet service,No,month-to-month,No,credit_card,101.58,2539.55,Yes
CUST-06704,Male,1,Yes,No,5,Yes,Yes,Fiber optic,No internet service,Yes,No,No,No internet service,No internet service,month-to-month,Yes,credit_card,109.73,548.65,Yes
CUST-06705,Male,1,No,Yes,40,Yes,No,Fiber optic,Yes,No internet service,No internet service,No internet service,No internet service,No internet service,month-to-month,Yes,electronic_check,107.72,4308.97,No
CUST-06706,Female,0,Yes,No,49,No,No phone service,DSL,No internet service,No,Yes,No,No internet service,No,two year,No,electronic_check,65.61,3214.99,No
CUST-06707,Female,1,Yes,No,64,Yes,Yes,Fiber optic,No internet service,Yes,No,No internet service,Yes,Yes,one year,No,bank_transfer,87.91,5626.2,Yes
CUST-06708,Female,1,Yes,No,9,Yes,Yes,Fiber optic,No internet service,No internet service,No internet service,No internet service,No,No,month-to-month,No,credit_card,77.36,696.21,Yes
CUST-06709,Male,1,No,Yes,13,Yes,No,No,Yes,No,Yes,No,No,Yes,one year,Yes,mailed_check,35.64,463.28,No
CUST-06710,Male,0,No,No,45,No,No phone service,No,No,No,Yes,No,Yes,No,month-to-month,Yes,electronic_check,3.65,164.21,No
CUST-06711,Female,1,No,No,13,Yes,Yes,DSL,No,No internet service,No,Yes,Yes,No internet service,two year,Yes,electronic_check,77.92,1012.97,No
CUST-06712,Male,1,No,Yes,1,Yes,Yes,DSL,Yes,No internet service,Yes,No,Yes,Yes,one year,Yes,credit_card,52.0,52.0,Yes
CUST-06713,Male,1,No,No,4,Yes,Yes,DSL,Yes,No internet service,Yes,Yes,No internet service,No,two year,No,electronic_check,72.62,290.47,No
CUST-06714,Male,1,Yes,Yes,26,Yes,No,Fiber optic,No,No internet service,No,Yes,No,No internet service,month-to-month,No,electronic_check,78.93,2052.28,Yes
CUST-06715,Female,1,No,No,53,Yes,No,DSL,No internet service,No,No internet service,No,No internet service,No internet service,month-to-month,Yes,bank_transfer,50.28,2665.07,No
CUST-06716,Female,0,Yes,No,12,Yes,No,DSL,Yes,No internet service,No,No internet service,Yes,No,month-to-month,No,mailed_check,66.75,801.01,No
CUST-06717,Male,0,Yes,No,32,Yes,Yes,DSL,Yes,Yes,Yes,No,No internet service,No internet service,month-to-month,Yes,electronic_check,33.24,1063.84,No
CUST-06718,Female,0,No,No,34,Yes,No,Fiber optic,No internet service,No,No internet service,Yes,No,Yes,month-to-month,Yes,electronic_check,117.44,3993.07,Yes
CUST-06719,Female,0,No,No,27,Yes,No,No,Yes,Yes,No internet service,No,Yes,No internet service,month-to-month,No,electronic_check,12.8,345.62,No
CUST-06720,Male,0,Yes,No,33,Yes,No,Fiber optic,Yes,No,Yes,No,Yes,No internet service,month-to-month,No,mailed_check,140.11,4623.76,Yes
CUST-06721,Male,0,No,No,23,Yes,No,Fiber optic,No internet service,No internet service,No,Yes,Yes,No,month-to-month,Yes,electronic_check,105.86,2434.86,Yes
CUST-06722,Female,1,Yes,Yes,15,Yes,No,Fiber optic,No,No internet service,No internet service,No,No internet service,No internet service,one year,Yes,electronic_check,109.68,1645.21,No
CUST-06723,Female,1,No,No,14,Yes,No,Fiber optic,Yes,No,No internet service,No internet service,No,No internet service,month-to-month,No,bank_transfer,67.96,951.48,No
CUST-06724,Female,1,No,Yes,54,Yes,No,DSL,Yes,No,Yes,No,Yes,No,month-to-month,Yes,bank_transfer,77.75,4198.32,No
CUST-06725,Male,1,No,No,71,No,No phone service,Fiber optic,No internet service,Yes,No,Yes,No internet service,No,two year,Yes,credit_card,122.61,8705.63,No
CUST-06726,Male,0,Yes,No,2,Yes,No,No,Yes,No internet service,No internet service,No internet service,No,No,one year,No,electronic_check,25.97,51.93,No
CUST-06727,Male,0,No,Yes,7,Yes,Yes,DSL,No internet service,Yes,No,No,No internet service,No internet service,one year,Yes,bank_transfer,29.3,205.1,No
CUST-06728,Female,1,Yes,No,37,Yes,No,DSL,No,Yes,Yes,Yes,Yes,Yes,one year,Yes,electronic_check,42.44,1570.45,No
CUST-06729,Male,1,No,No,40,Yes,No,Fiber optic,Yes,No,No,No,Yes,Yes,month-to-month,No,credit_card,101.14,4045.7,No
CUST-06730,Male,1,Yes,No,27,Yes,Yes,No,Yes,No internet service,No internet service,No,No,No,one year,No,electronic_check,11.08,299.14,No
CUST-06731,Male,0,Yes,No,45,Yes,No,DSL,No,Yes,Yes,No internet service,Yes,No internet service,one year,Yes,bank_transfer,80.54,3624.09,Yes
CUST-06732,Female,0,Yes,Yes,56,No,No phone service,DSL,Yes,Yes,Yes,No,Yes,No internet service,month-to-month,Yes,electronic_check,72.35,4051.76,No
CUST-06733,Male,0,Yes,No,7,Yes,No,DSL,No,No internet service,No internet service,No internet service,No internet service,No internet service,month-to-month,Yes,mailed_check,60.41,422.9,No
CUST-06734,Female,0,Yes,No,44,Yes,No,No,No,No,No,Yes,No,No internet service,one year,Yes,credit_card,11.81,519.78,No
CUST-06735,Female,0,Yes,Yes,21,Yes,No,DSL,No internet service,No internet service,No internet service,No,No,No,month-to-month,Yes,bank_transfer,76.65,1609.56,No
CUST-06736,Female,1,No,No,11,Yes,No,Fiber optic,Yes,No,No internet service,No,No,Yes,one year,No,electronic_check,100.66,1107.27,No
CUST-06737,Female,1,No,No,6,Yes,No,Fiber optic,Yes,Yes,No,Yes,No internet service,No,month-to-month,Yes,bank_transfer,118.64,711.86,No
CUST-06738,Female,1,Yes,No,8,Yes,No,Fiber optic,Yes,Yes,No internet service,No internet service,Yes,Yes,month-to-month,No,credit_card,103.19,825.56,No
CUST-06739,Male,0,No,No,15,Yes,No,DSL,No,No internet service,No,Yes,No internet service,No internet service,month-to-month,No,electronic_check,62.38,935.69,No
CUST-06740,Male,0,No,No,14,Yes,Yes,No,Yes,No,Yes,No,No,Yes,one year,No,bank_transfer,34.94,489.22,No
CUST-06741,Male,1,No,No,38,Yes,No,Fiber optic,No internet service,No,No,Yes,Yes,No,one year,Yes,bank_transfer,115.28,4380.65,No
CUST-06742,Male,1,No,No,61,Yes,No,Fiber optic,No,Yes,No internet service,No,No,Yes,one year,Yes,mailed_check,104.27,6360.17,No
CUST-06743,Male,1,No,No,61,Yes,Yes,No,No,No,No,No,No,No internet service,two year,No,electronic_check,34.12,2081.37,No
CUST-06744,Male,1,No,No,51,Yes,No,DSL,No internet service,Yes,Yes,No,Yes,No internet service,month-to-month,No,electronic_check,54.24,2766.07,No
CUST-06745,Male,0,No,Yes,42,Yes,No,Fiber optic,No internet service,No internet service,No,No,No internet service,Yes,one year,Yes,electronic_check,91.83,3856.67,No
CUST-06746,Female,1,Yes,Yes,19,Yes,No,Fiber optic,No,No internet service,No internet service,No internet service,No internet service,No,two year,No,credit_card,91.51,1738.7,No
CUST-06747,Female,1,No,No,41,Yes,Yes,DSL,No internet service,Yes,No,Yes,No internet service,No internet service,month-to-month,No,credit_card,43.52,1784.12,No
CUST-06748,Female,1,Yes,No,67,Yes,No,No,Yes,Yes,Yes,No,No,No,month-to-month,Yes,mailed_check,25.46,1705.74,No
CUST-06749,Male,0,Yes,No,58,Yes,Yes,Fiber optic,Yes,No,Yes,No internet service,No,No,one year,Yes,credit_card,94.48,5479.72,No
CUST-06750,Female,0,Yes,No,38,Yes,No,Fiber optic,Yes,Yes,No internet service,Yes,No,No,one year,Yes,electronic_check,109.48,4160.29,No
CUST-06751,Male,1,No,Yes,70,Yes,No,Fiber optic,Yes,Yes,No internet service,No,No,Yes,one year,Yes,bank_transfer,82.89,5802.0,No
CUST-06752,Female,1,No,No,53,Yes,No,No,Yes,No internet service,No,No,Yes,No internet service,month-to-month,Yes,electronic_check,23.16,1227.58,No
CUST-06753,Female,0,No,Yes,39,Yes,No,No,Yes,No,No,No,Yes,Yes,month-to-month,Yes,electronic_check,7.58,295.58,No
CUST-06754,Male,0,No,No,7,Yes,Yes,Fiber optic,No internet service,Yes,No,Yes,No,Yes,month-to-month,No,bank_transfer,91.96,643.69,Yes
CUST-06755,Male,0,No,Yes,30,Yes,Yes,DSL,No internet service,Yes,No internet service,No,No internet service,Yes,month-to-month,No,electronic_check,44.66,1339.72,No
CUST-06756,Male,1,No,Yes,38,Yes,Yes,DSL,No internet service,No internet service,Yes,No internet service,No internet service,Yes,month-to-month,Yes,electronic_check,53.77,2043.31,No
CUST-06757,Female,0,Yes,No,66,Yes,Yes,DSL,No,No,No internet service,No,Yes,Yes,month-to-month,Yes,electronic_check,55.75,3679.61,No
CUST-06758,Male,1,No,No,35,Yes,No,Fiber optic,Yes,Yes,Yes,No internet service,Yes,No,month-to-month,Yes,mailed_check,70.21,2457.43,Yes
CUST-06759,Male,1,Yes,No,31,Yes,No,DSL,No,No,No internet service,No,No,No internet service,one year,No,electronic_check,58.99,1828.79,No
CUST-06760,Female,1,No,No,58,Yes,No,DSL,No,No internet service,No internet service,No,No internet service,No internet service,month-to-month,No,electronic_check,66.89,3879.34,No
CUST-06761,Male,1,Yes,No,41,No,No phone service,DSL,No internet service,No,Yes,Yes,Yes,Yes,two year,No,bank_transfer,91.4,3747.59,No
CUST-06762,Male,0,No,No,8,Yes,No,DSL,Yes,No internet service,Yes,Yes,Yes,No internet service,two year,Yes,bank_transfer,44.62,356.95,No
CUST-06763,Male,1,No,No,29,Yes,No,DSL,No,No,No internet service,No,No,No internet service,one year,No,electronic_check,73.2,2122.91,No
CUST-06764,Male,0,No,No,68,Yes,Yes,DSL,No internet service,No,No internet service,Yes,No internet service,Yes,month-to-month,No,credit_card,64.66,4397.06,No
CUST-06765,Female,0,Yes,No,64,Yes,No,No,No,No internet service,No,No,No internet service,No internet service,one year,No,bank_transfer,10.29,658.68,No
CUST-06766,Female,1,No,Yes,56,Yes,No,Fiber optic,Yes,No internet service,No,Yes,Yes,No,two year,No,credit_card,75.38,4221.08,No
CUST-06767,Male,0,Yes,No,70,No,No phone service,Fiber optic,Yes,No internet service,Yes,No internet service,No,No,two year,No,credit_card,106.44,7450.87,No
CUST-06768,Male,1,Yes,Yes,67,Yes,No,DSL,Yes,Yes,Yes,No,No,No,month-to-month,Yes,electronic_check,32.54,2180.41,No
CUST-06769,Male,1,No,No,72,Yes,No,DSL,No internet service,No internet service,No internet service,Yes,No internet service,No internet service,month-to-month,No,credit_card,87.0,6264.07,No
CUST-06770,Female,1,Yes,No,13,Yes,Yes,DSL,Yes,No internet service,No internet service,No,No,No internet service,two year,Yes,electronic_check,78.41,1019.34,No
CUST-06771,Male,1,Yes,No,24,No,No phone service,DSL,No,No,No,No,No internet service,No internet service,two year,No,electronic_check,72.55,1741.22,No
CUST-06772,Male,0,No,Yes,64,Yes,Yes,Fiber optic,No internet service,No,No,No,No,Yes,month-to-month,Yes,electronic_check,104.49,6687.14,No
CUST-06773,Female,1,No,No,56,Yes,No,Fiber optic,No internet service,Yes,Yes,No,No,Yes,one year,Yes,mailed_check,76.89,4305.82,No
CUST-06774,Male,0,Yes,No,8,Yes,No,Fiber optic,No,No,No internet service,No,No,Yes,two year,Yes,electronic_check,134.19,1073.49,No
CUST-06775,Male,0,No,Yes,56,Yes,No,DSL,Yes,No internet service,Yes,Yes,No,No,one year,Yes,bank_transfer,70.8,3964.95,No
CUST-06776,Female,0,Yes,Yes,22,Yes,Yes,Fiber optic,Yes,Yes,Yes,No,No,Yes,month-to-month,Yes,electronic_check,134.88,2967.31,Yes
CUST-06777,Female,1,Yes,No,44,Yes,No,DSL,Yes,No,Yes,No,No,No internet service,month-to-month,Yes,bank_transfer,58.29,2564.82,No
CUST-06778,Female,1,Yes,No,40,Yes,No,DSL,No internet service,No internet service,No,No,Yes,No,month-to-month,Yes,credit_card,76.96,3078.22,No
CUST-06779,Female,0,No,No,46,Yes,No,Fiber optic,Yes,No internet service,No,No,No internet service,No,two year,Yes,bank_transfer,111.52,5129.77,No
CUST-06780,Female,1,Yes,Yes,15,Yes,Yes,No,Yes,No,No internet service,No internet service,No,No,month-to-month,No,electronic_check,27.02,405.28,Yes
CUST-06781,Male,0,Yes,No,68,Yes,No,DSL,Yes,Yes,Yes,Yes,No,No internet service,one year,Yes,electronic_check,49.19,3344.62,No
CUST-06782,Male,1,No,Yes,63,Yes,No,Fiber optic,Yes,No,Yes,Yes,No,No internet service,month-to-month,No,electronic_check,119.57,7532.88,No
CUST-06783,Female,0,No,No,1,Yes,Yes,Fiber optic,No internet service,No internet service,Yes,No internet service,Yes,No,month-to-month,Yes,credit_card,106.52,106.52,Yes
CUST-06784,Female,0,Yes,No,18,Yes,Yes,DSL,No internet service,Yes,No,Yes,Yes,No internet service,month-to-month,No,credit_card,49.71,894.8,No
CUST-06785,Male,0,No,Yes,57,Yes,Yes,DSL,No,Yes,No,No internet service,No internet service,No internet service,month-to-month,Yes,credit_card,37.2,2120.34,No
CUST-06786,Female,0,Yes,Yes,31,Yes,Yes,Fiber optic,No,No internet service,Yes,No,No,No internet service,month-to-month,No,credit_card,75.65,2345.06,No
CUST-06787,Male,1,Yes,No,42,Yes,Yes,DSL,No,No,Yes,No,No,Yes,month-to-month,No,electronic_check,65.58,2754.21,No
CUST-06788,Male,0,Yes,Yes,72,Yes,No,DSL,No,No,No internet service,Yes,Yes,No internet service,one year,No,electronic_check,59.23,4264.63,No
CUST-06789,Male,0,No,Yes,64,Yes,No,DSL,No internet service,No,No internet service,No,Yes,Yes,month-to-month,Yes,electronic_check,46.64,2985.21,No
CUST-06790,Male,0,Yes,Yes,39,Yes,Yes,DSL,No internet service,No,Yes,No internet service,No internet service,No,two year,Yes,bank_transfer,57.17,2229.77,No
CUST-06791,Female,0,No,Yes,48,Yes,Yes,DSL,No internet service,No,Yes,No,No,No internet service,month-to-month,No,bank_transfer,58.59,2812.51,No
CUST-06792,Female,1,No,Yes,50,Yes,No,DSL,No,No,No internet service,Yes,No,No internet service,two year,No,credit_card,65.16,3258.07,No
CUST-06793,Male,0,No,No,16,Yes,No,DSL,No,No,Yes,No,Yes,No internet service,month-to-month,No,electronic_check,55.81,893.0,No
CUST-06794,Male,0,Yes,No,51,Yes,No,DSL,Yes,Yes,No,Yes,Yes,No,month-to-month,Yes,electronic_check,79.43,4051.02,No
CUST-06795,Female,0,No,No,2,Yes,No,DSL,Yes,Yes,No internet service,No,No,Yes,month-to-month,Yes,credit_card,75.8,151.6,Yes
CUST-06796,Female,1,Yes,Yes,64,Yes,Yes,DSL,No,No,No,No,No internet service,No,two year,Yes,electronic_check,37.9,2425.56,No
CUST-06797,Female,0,No,Yes,39,Yes,Yes,DSL,No internet service,No,No,Yes,Yes,No internet service,month-to-month,Yes,electronic_check,53.56,2088.84,No
CUST-06798,Male,0,Yes,No,58,Yes,Yes,DSL,No internet service,No internet service,No,No internet service,No internet service,Yes,two year,No,bank_transfer,70.25,4074.42,No
CUST-06799,Male,0,No,Yes,0,Yes,No,No,No,No,Yes,No,No internet service,No,two year,No,bank_transfer,34.18,34.18,No
CUST-06800,Male,0,Yes,No,32,Yes,No,Fiber optic,No,No,No internet service,No internet service,Yes,No,two year,Yes,credit_card,118.71,3798.85,No
CUST-06801,Male,0,No,No,21,Yes,Yes,Fiber optic,Yes,Yes,Yes,Yes,Yes,No internet service,two year,Yes,electronic_check,64.02,1344.51,Yes
CUST-06802,Male,0,No,No,9,No,No phone service,Fiber optic,No internet service,No,No,No,No,Yes,one year,Yes,credit_card,104.14,937.27,Yes
CUST-06803,Female,1,No,No,71,Yes,No,Fiber optic,No internet service,No,No internet service,Yes,No,No,one year,No,mailed_check,73.07,5187.93,No
CUST-06804,Female,0,Yes,Yes,56,Yes,No,Fiber optic,No,No internet service,Yes,Yes,No,Yes,two year,Yes,electronic_check,83.91,4698.76,No
CUST-06805,Male,1,No,No,1,No,No phone service,Fiber optic,No internet service,No,Yes,No,No internet service,No,two year,Yes,mailed_check,108.84,108.84,No
CUST-06806,Male,0,Yes,No,16,Yes,No,Fiber optic,No internet service,No,No,Yes,No internet service,No,month-to-month,No,electronic_check,85.07,1361.14,Yes
CUST-06807,Male,1,Yes,No,6,No,No phone service,DSL,Yes,Yes,Yes,No internet service,No,Yes,month-to-month,No,bank_transfer,70.91,425.49,No
CUST-06808,Female,1,No,No,31,Yes,Yes,DSL,No,No internet service,No,Yes,No,Yes,two year,No,credit_card,77.2,2393.19,No
CUST-06809,Female,1,Yes,No,45,Yes,No,DSL,No internet service,Yes,No,No internet service,No internet service,No,one year,No,bank_transfer,52.84,2377.79,No
CUST-06810,Female,1,Yes,Yes,69,Yes,Yes,Fiber optic,No internet service,Yes,No,No internet service,No internet service,Yes,month-to-month,Yes,mailed_check,73.39,5064.01,No
CUST-06811,Male,0,No,No,45,Yes,No,DSL,No,Yes,Yes,No,Yes,No,two year,No,bank_transfer,45.57,2050.75,No
CUST-06812,Male,1,No,No,55,Yes,No,Fiber optic,No,Yes,Yes,No,No,No internet service,one year,No,mailed_check,90.32,4967.56,No
CUST-06813,Male,1,No,Yes,65,Yes,Yes,Fiber optic,No internet service,No internet service,No,No,No internet service,No internet service,two year,Yes,mailed_check,84.27,5477.86,No
CUST-06814,Female,0,No,No,30,Yes,Yes,DSL,No,No,No,No internet service,No internet service,No,month-to-month,Yes,bank_transfer,56.25,1687.5,No
CUST-06815,Male,1,Yes,No,41,Yes,No,DSL,No internet service,No,Yes,No,Yes,Yes,two year,No,bank_transfer,52.68,2159.81,No
CUST-06816,Female,1,No,Yes,0,Yes,No,Fiber optic,No,Yes,Yes,No internet service,No,No,two year,Yes,bank_transfer,97.03,97.03,No
CUST-06817,Female,1,No,No,60,Yes,Yes,Fiber optic,Yes,Yes,No internet service,No internet service,Yes,Yes,one year,No,electronic_check,111.02,6660.99,No
CUST-06818,Male,0,No,No,9,Yes,No,DSL,No internet service,Yes,No,No internet service,Yes,No,two year,Yes,bank_transfer,77.05,693.44,No
CUST-06819,Female,0,No,Yes,62,Yes,No,Fiber optic,No,No,No,Yes,No,Yes,one year,No,electronic_check,110.88,6874.5,No
CUST-06820,Male,1,No,No,12,Yes,No,Fiber optic,Yes,No,No,Yes,Yes,No internet service,month-to-month,Yes,electronic_check,87.98,1055.7,Yes
CUST-06821,Male,0,Yes,No,68,Yes,No,Fiber optic,No,No,Yes,Yes,No internet service,No,one year,No,credit_card,78.55,5341.69,No
CUST-06822,Male,0,Yes,No,13,Yes,Yes,DSL,Yes,No internet service,Yes,Yes,No internet service,No,month-to-month,Yes,credit_card,39.8,517.38,Yes
CUST-06823,Female,1,No,No,1,Yes,Yes,Fiber optic,Yes,Yes,No,Yes,No internet service,No,two year,Yes,credit_card,94.67,94.67,No
CUST-06824,Female,1,Yes,Yes,16,Yes,Yes,Fiber optic,No,No,Yes,No internet service,No,Yes,month-to-month,No,credit_card,91.73,1467.74,Yes
CUST-06825,Male,1,Yes,No,62,Yes,Yes,DSL,No,Yes,Yes,No,No internet service,Yes,two year,No,electronic_check,71.58,4437.99,No
CUST-06826,Female,1,No,No,0,No,No phone service,Fiber optic,Yes,No,No,No,No,No internet service,month-to-month,No,bank_transfer,74.59,74.59,No
CUST-06827,Female,1,No,No,1,Yes,No,Fiber optic,No internet service,No internet service,No internet service,No,No,No,two year,Yes,bank_transfer,88.47,88.47,No
CUST-06828,Male,1,No,No,32,Yes,No,DSL,No,No internet service,Yes,No,Yes,No internet service,month-to-month,Yes,electronic_check,55.08,1762.44,No
CUST-06829,Female,0,Yes,No,38,Yes,No,DSL,No internet service,No internet service,No,No internet service,Yes,No internet service,two year,Yes,bank_transfer,75.41,2865.47,No
CUST-06830,Female,0,No,Yes,12,No,No phone service,Fiber optic,No,Yes,No internet service,Yes,Yes,No internet service,two year,Yes,electronic_check,129.52,1554.2,No
CUST-06831,Male,0,No,Yes,32,Yes,No,DSL,Yes,No internet service,Yes,Yes,No,No,month-to-month,Yes,electronic_check,45.84,1466.8,No
CUST-06832,Male,1,No,Yes,12,Yes,No,Fiber optic,Yes,No,Yes,No,Yes,No internet service,month-to-month,Yes,electronic_check,82.22,986.61,Yes
CUST-06833,Male,1,No,No,33,Yes,No,Fiber optic,Yes,Yes,No,No internet service,No internet service,No internet service,two year,No,electronic_check,111.73,3687.07,No
CUST-06834,Male,0,Yes,No,25,Yes,Yes,Fiber optic,No,No internet service,No internet service,No internet service,No internet service,No,one year,Yes,electronic_check,87.19,2179.66,No
CUST-06835,Female,0,No,No,39,Yes,Yes,Fiber optic,Yes,No,No internet service,No,No,No internet service,one year,No,electronic_check,64.51,2516.03,No
CUST-06836,Female,0,Yes,No,14,Yes,Yes,DSL,No internet service,Yes,Yes,No internet service,No internet service,No,month-to-month,Yes,electronic_check,71.08,995.11,No
CUST-06837,Female,1,No,No,68,Yes,Yes,DSL,No internet service,No internet service,No internet service,No,Yes,No internet service,month-to-month,Yes,credit_card,45.66,3104.7,No
CUST-06838,Male,1,Yes,No,66,Yes,No,Fiber optic,No internet service,Yes,No internet service,No internet service,Yes,No,one year,Yes,bank_transfer,115.54,7625.38,No
CUST-06839,Female,1,No,No,12,No,No phone service,Fiber optic,No internet service,No,No internet service,No,No,No internet service,one year,Yes,mailed_check,78.7,944.43,No
CUST-06840,Male,0,No,Yes,14,Yes,No,Fiber optic,Yes,No,Yes,Yes,No,No internet service,month-to-month,Yes,credit_card,105.98,1483.68,Yes
CUST-06841,Female,1,Yes,Yes,53,Yes,No,DSL,Yes,No,No,No internet service,Yes,No internet service,month-to-month,Yes,electronic_check,43.26,2292.52,No
CUST-06842,Male,0,Yes,No,68,Yes,No,No,No,No internet service,No,No internet service,No,Yes,month-to-month,No,electronic_check,21.13,1436.78,No
CUST-06843,Female,0,No,No,0,Yes,No,DSL,No,No internet service,No,Yes,No internet service,No internet service,one year,Yes,electronic_check,71.32,71.32,No
CUST-06844,Male,0,Yes,Yes,6,No,No phone service,DSL,No,Yes,Yes,Yes,Yes,No,month-to-month,Yes,bank_transfer,52.99,317.91,Yes
CUST-06845,Female,0,Yes,No,5,Yes,No,DSL,No internet service,Yes,No internet service,No,No,No,two year,Yes,electronic_check,35.94,179.68,No
CUST-06846,Male,1,Yes,No,69,Yes,No,DSL,No,No internet service,Yes,No internet service,No,No,month-to-month,No,electronic_check,69.27,4779.63,No
CUST-06847,Female,1,No,No,43,No,No phone service,DSL,No internet service,No,No,No,No,No internet service,month-to-month,No,bank_transfer,61.63,2650.0,No
CUST-06848,Female,0,Yes,Yes,12,Yes,No,Fiber optic,No,Yes,Yes,Yes,Yes,No internet service,two year,No,electronic_check,110.02,1320.2,No
CUST-06849,Female,1,No,No,58,Yes,No,DSL,No internet service,Yes,No internet service,No,Yes,No internet service,month-to-month,Yes,bank_transfer,47.57,2759.23,No
CUST-06850,Male,1,Yes,No,18,Yes,Yes,DSL,No internet service,No internet service,Yes,No internet service,No internet service,Yes,two year,No,electronic_check,72.93,1312.74,No
CUST-06851,Female,1,Yes,No,45,Yes,Yes,No,No,No,No internet service,Yes,No internet service,No,month-to-month,Yes,credit_card,23.45,1055.39,No
CUST-06852,Female,1,Yes,No,59,Yes,Yes,Fiber optic,No,No internet service,No internet service,No,No,No internet service,one year,No,mailed_check,72.62,4284.83,No
CUST-06853,Male,0,Yes,No,4,Yes,Yes,DSL,No internet service,No,No internet service,No internet service,No internet service,No,two year,Yes,electronic_check,59.22,236.88,No
CUST-06854,Male,1,Yes,Yes,63,No,No phone service,DSL,No internet service,No,No,No,No internet service,No,month-to-month,Yes,electronic_check,54.35,3424.05,No
CUST-06855,Female,1,No,No,18,Yes,Yes,Fiber optic,No internet service,Yes,No,No,No,Yes,one year,No,electronic_check,87.64,1577.59,No
CUST-06856,Female,1,Yes,Yes,43,Yes,Yes,DSL,No,No,Yes,No internet service,No,No internet service,two year,No,bank_transfer,62.87,2703.5,No
CUST-06857,Male,1,No,Yes,51,No,No phone service,DSL,No,No,No,Yes,No,No internet service,two year,Yes,bank_transfer,56.95,2904.57,No
CUST-06858,Female,1,No,Yes,15,Yes,No,No,No,Yes,No,No,Yes,Yes,month-to-month,Yes,mailed_check,4.73,70.88,No
CUST-06859,Male,0,No,Yes,20,Yes,Yes,DSL,No internet service,No internet service,No internet service,Yes,No internet service,No,month-to-month,No,electronic_check,55.28,1105.68,Yes
CUST-06860,Female,1,Yes,No,2,Yes,No,DSL,Yes,No,No internet service,No,No internet service,No internet service,one year,Yes,mailed_check,51.52,103.03,No
CUST-06861,Male,0,Yes,Yes,12,Yes,Yes,Fiber optic,Yes,No internet service,No,Yes,Yes,No,one year,Yes,electronic_check,78.79,945.44,No
CUST-06862,Male,0,Yes,No,11,Yes,No,DSL,Yes,Yes,No internet service,No internet service,No,No,two year,No,bank_transfer,49.71,546.86,No
CUST-06863,Female,0,No,No,67,Yes,Yes,Fiber optic,No internet service,No internet service,No,Yes,Yes,No,month-to-month,Yes,electronic_check,111.24,7453.4,Yes
CUST-06864,Female,0,Yes,No,25,Yes,Yes,Fiber optic,Yes,Yes,Yes,No,No internet service,No,one year,Yes,electronic_check,92.49,2312.26,No
CUST-06865,Male,0,Yes,No,41,Yes,No,DSL,No,No,Yes,No,No internet service,No internet service,one year,Yes,electronic_check,55.87,2290.56,No
CUST-06866,Male,1,Yes,Yes,49,Yes,No,DSL,No internet service,No internet service,No internet service,No internet service,No,Yes,one year,No,mailed_check,45.22,2215.98,No
CUST-06867,Male,0,No,No,0,Yes,No,Fiber optic,Yes,No,No,No internet service,No,Yes,month-to-month,No,electronic_check,92.29,92.29,No
CUST-06868,Female,0,Yes,No,18,Yes,No,Fiber optic,No internet service,No internet service,No,No,Yes,Yes,two year,Yes,credit_card,144.93,2608.79,No
CUST-06869,Female,0,Yes,No,60,Yes,Yes,DSL,No internet service,No internet service,No,Yes,No internet service,No internet service,two year,No,mailed_check,75.74,4544.15,No
CUST-06870,Female,1,Yes,No,5,Yes,No,Fiber optic,Yes,No internet service,No internet service,No internet service,Yes,No internet service,one year,No,electronic_check,119.98,599.88,No
CUST-06871,Female,1,Yes,No,52,Yes,Yes,Fiber optic,No,No,Yes,No,No,Yes,month-to-month,Yes,mailed_check,102.47,5328.5,No
CUST-06872,Male,0,Yes,No,38,Yes,No,DSL,No internet service,Yes,No internet service,No,No internet service,No internet service,two year,Yes,electronic_check,99.54,3782.34,No
CUST-06873,Female,0,Yes,No,49,Yes,No,Fiber optic,No,No,No,No,No,No,two year,No,credit_card,150.41,7370.17,No
CUST-06874,Female,1,No,No,21,Yes,No,No,No,Yes,No,No internet service,No,Yes,month-to-month,Yes,credit_card,8.44,177.2,No
CUST-06875,Female,1,No,No,37,Yes,No,Fiber optic,Yes,No,No,No internet service,No internet service,No,month-to-month,No,electronic_check,120.63,4463.26,No
CUST-06876,Male,0,Yes,Yes,4,Yes,No,No,No internet service,No,No,No internet service,No,No,month-to-month,Yes,bank_transfer,28.89,115.58,No
CUST-06877,Female,0,No,Yes,59,No,No phone service,Fiber optic,No internet service,No,Yes,No,Yes,No internet service,month-to-month,No,mailed_check,121.87,7190.41,No
CUST-06878,Male,0,No,No,59,Yes,No,Fiber optic,No,No,Yes,No,No internet service,Yes,month-to-month,Yes,mailed_check,135.22,7977.72,No
CUST-06879,Female,1,Yes,No,8,Yes,Yes,Fiber optic,No internet service,Yes,No internet service,Yes,No,No,one year,No,credit_card,103.07,824.55,No
CUST-06880,Male,1,No,Yes,32,Yes,No,Fiber optic,Yes,No,No,No,No internet service,Yes,month-to-month,Yes,mailed_check,127.32,4074.14,Yes
CUST-06881,Male,0,No,No,2,Yes,No,DSL,No internet service,No,Yes,No internet service,No internet service,Yes,month-to-month,Yes,credit_card,57.96,115.91,No
CUST-06882,Male,1,Yes,Yes,53,Yes,No,DSL,No,No,Yes,No,No internet service,No,month-to-month,Yes,mailed_check,31.29,1658.47,No
CUST-06883,Female,1,No,Yes,21,Yes,Yes,DSL,No,No,No internet service,No,No internet service,No,month-to-month,Yes,bank_transfer,68.75,1443.83,No
CUST-06884,Male,1,No,No,40,Yes,No,DSL,Yes,Yes,No internet service,No internet service,No,No,two year,Yes,credit_card,52.53,2101.37,No
CUST-06885,Male,0,No,No,55,No,No phone service,DSL,No internet service,No internet service,Yes,No,No internet service,No internet service,month-to-month,No,electronic_check,69.71,3834.18,No
CUST-06886,Female,1,Yes,No,6,No,No phone service,Fiber optic,No,No,No,No internet service,No internet service,No,one year,Yes,mailed_check,127.77,766.6,No
CUST-06887,Female,0,No,Yes,40,Yes,Yes,DSL,No,No,No,No,Yes,No,two year,No,bank_transfer,57.25,2289.81,No
CUST-06888,Female,0,No,No,21,Yes,No,No,No,No internet service,Yes,Yes,No internet service,No internet service,month-to-month,Yes,credit_card,7.64,160.44,No
CUST-06889,Male,1,Yes,No,8,Yes,Yes,DSL,No,No internet service,Yes,Yes,No,No,month-to-month,Yes,bank_transfer,43.88,351.03,Yes
CUST-06890,Male,0,Yes,No,15,Yes,No,DSL,Yes,No,No,Yes,No,No,month-to-month,Yes,electronic_check,49.82,747.28,No
CUST-06891,Female,1,Yes,No,20,Yes,No,DSL,Yes,No internet service,No internet service,No internet service,No,No internet service,month-to-month,No,bank_transfer,70.22,1404.48,No
CUST-06892,Male,0,No,No,12,Yes,No,DSL,Yes,No internet service,No,Yes,Yes,Yes,month-to-month,No,electronic_check,82.26,987.13,Yes
CUST-06893,Male,0,No,No,15,Yes,Yes,DSL,No internet service,Yes,No,Yes,No,Yes,two year,Yes,credit_card,93.25,1398.81,No
CUST-06894,Female,0,No,No,66,Yes,No,Fiber optic,No internet service,Yes,No internet service,No,No internet service,Yes,one year,No,credit_card,88.8,5860.62,No
CUST-06895,Female,1,No,Yes,71,Yes,Yes,Fiber optic,Yes,No,Yes,No,No internet service,No,two year,Yes,mailed_check,117.55,8345.99,No
CUST-06896,Male,0,Yes,Yes,64,Yes,Yes,Fiber optic,No internet service,Yes,Yes,No,No,No internet service,one year,No,mailed_check,134.65,8617.57,No
CUST-06897,Female,1,No,Yes,18,Yes,Yes,Fiber optic,Yes,Yes,No internet service,No internet service,No,Yes,month-to-month,Yes,bank_transfer,104.32,1877.81,No
CUST-06898,Female,1,No,No,21,Yes,No,DSL,Yes,No,No,No internet service,No,No,month-to-month,Yes,electronic_check,75.53,1586.12,No
CUST-06899,Male,0,Yes,No,37,Yes,Yes,Fiber optic,No internet service,Yes,No,No internet service,No internet service,Yes,month-to-month,Yes,electronic_check,90.98,3366.09,Yes
CUST-06900,Male,0,Yes,No,38,Yes,Yes,Fiber optic,No,No,No internet service,No internet service,No,No,one year,Yes,mailed_check,86.2,3275.63,No
CUST-06901,Female,1,No,No,67,Yes,No,Fiber optic,No,No,No,No internet service,No internet service,No,month-to-month,Yes,bank_transfer,84.53,5663.32,No
CUST-06902,Female,0,No,No,34,Yes,Yes,DSL,Yes,Yes,No,No,Yes,No internet service,month-to-month,No,credit_card,42.79,1454.84,No
CUST-06903,Female,0,No,No,45,Yes,Yes,DSL,No,No,No,No,No internet service,Yes,month-to-month,Yes,credit_card,34.5,1552.7,No
CUST-06904,Female,1,Yes,No,49,Yes,Yes,Fiber optic,Yes,No,No,No internet service,No,No,month-to-month,Yes,mailed_check,79.76,3908.03,No
CUST-06905,Female,1,Yes,No,41,Yes,No,DSL,No internet service,No internet service,Yes,No,No internet service,No,month-to-month,Yes,bank_transfer,67.3,2759.27,No
CUST-06906,Female,1,Yes,No,43,Yes,No,DSL,Yes,Yes,No internet service,No,Yes,No,month-to-month,Yes,mailed_check,35.56,1529.16,No
CUST-06907,Female,0,No,Yes,49,Yes,No,DSL,No internet service,No internet service,No,No,No,Yes,two year,No,electronic_check,56.05,2746.51,No
CUST-06908,Male,0,No,No,44,Yes,No,Fiber optic,No internet service,Yes,No,Yes,Yes,No,two year,Yes,bank_transfer,66.59,2929.79,No
CUST-06909,Female,1,No,No,16,Yes,Yes,Fiber optic,No,No,Yes,No internet service,No,No,one year,No,mailed_check,133.28,2132.51,No
CUST-06910,Male,0,Yes,No,3,Yes,No,DSL,No,No internet service,No,Yes,Yes,No,one year,No,electronic_check,88.32,264.96,No
CUST-06911,Female,1,Yes,Yes,22,Yes,Yes,DSL,Yes,No,Yes,Yes,No internet service,No internet service,month-to-month,Yes,mailed_check,59.63,1311.75,No
CUST-06912,Female,0,No,Yes,4,Yes,No,DSL,No internet service,No internet service,No internet service,No internet service,Yes,No,month-to-month,Yes,electronic_check,59.26,237.04,Yes
CUST-06913,Female,0,No,Yes,55,Yes,No,DSL,Yes,Yes,No internet service,Yes,No internet service,No,month-to-month,Yes,mailed_check,40.11,2206.29,No
CUST-06914,Female,0,Yes,No,50,Yes,No,Fiber optic,No,No internet service,Yes,No internet service,No internet service,No internet service,month-to-month,No,credit_card,92.0,4599.99,No
CUST-06915,Male,0,No,No,42,Yes,No,No,No,No,No,No,No internet service,No,month-to-month,Yes,mailed_check,15.08,633.55,No
CUST-06916,Female,1,No,Yes,51,Yes,No,DSL,No internet service,Yes,No internet service,No,No,No internet service,one year,No,electronic_check,70.6,3600.82,No
CUST-06917,Female,1,Yes,No,63,Yes,No,Fiber optic,Yes,Yes,No internet service,No,No internet service,No internet service,month-to-month,Yes,bank_transfer,126.54,7972.17,No
CUST-06918,Male,0,No,Yes,29,Yes,No,Fiber optic,No internet service,Yes,No internet service,Yes,No internet service,No,two year,No,bank_transfer,66.3,1922.76,No
CUST-06919,Female,0,No,No,15,No,No phone service,Fiber optic,No internet service,No,No internet service,No internet service,Yes,No,two year,Yes,bank_transfer,101.86,1527.91,No
CUST-06920,Female,0,Yes,No,51,Yes,Yes,DSL,Yes,Yes,No,Yes,No internet service,Yes,one year,No,mailed_check,42.14,2149.11,No
CUST-06921,Female,1,No,No,27,Yes,Yes,No,Yes,No internet service,Yes,No internet service,No internet service,Yes,one year,No,electronic_check,32.11,866.93,No
CUST-06922,Male,0,Yes,No,49,Yes,No,No,No internet service,No,No,No,No internet service,No,month-to-month,Yes,credit_card,37.41,1833.09,Yes
CUST-06923,Female,1,Yes,No,21,No,No phone service,No,Yes,Yes,Yes,No,No internet service,No internet service,two year,Yes,credit_card,18.51,388.65,No
CUST-06924,Female,0,No,Yes,14,Yes,Yes,DSL,No,No,No internet service,No internet service,No internet service,No internet service,month-to-month,Yes,electronic_check,22.22,311.11,No
CUST-06925,Female,0,No,Yes,46,Yes,No,Fiber optic,No,Yes,Yes,No internet service,No,Yes,month-to-month,No,credit_card,95.42,4389.34,No
CUST-06926,Male,0,No,Yes,68,Yes,Yes,Fiber optic,No internet service,No,Yes,No internet service,No,No,one year,Yes,electronic_check,97.37,6621.3,No
CUST-06927,Male,0,No,No,4,Yes,Yes,Fiber optic,No internet service,No internet service,Yes,No,No,Yes,month-to-month,Yes,mailed_check,132.74,530.95,Yes
CUST-06928,Female,0,Yes,No,34,Yes,No,Fiber optic,No internet service,Yes,Yes,No,No internet service,No internet service,month-to-month,Yes,electronic_check,94.48,3212.45,Yes
CUST-06929,Male,0,Yes,No,10,Yes,Yes,Fiber optic,No internet service,No internet service,No,No internet service,No,No,month-to-month,Yes,bank_transfer,100.03,1000.28,No
CUST-06930,Male,1,No,No,40,Yes,Yes,DSL,No internet service,No,No,No internet service,No internet service,No internet service,one year,Yes,bank_transfer,58.82,2352.75,No
CUST-06931,Female,0,No,No,28,Yes,No,Fiber optic,No internet service,No,No,No internet service,No internet service,No,one year,Yes,bank_transfer,77.27,2163.51,No
CUST-06932,Male,0,No,No,10,Yes,No,DSL,No,No,No,No,No,No internet service,two year,Yes,electronic_check,80.44,804.39,No
CUST-06933,Male,0,No,No,72,Yes,Yes,DSL,No internet service,No internet service,No internet service,No,No internet service,No internet service,month-to-month,No,bank_transfer,64.67,4655.88,No
CUST-06934,Female,0,Yes,No,67,Yes,No,Fiber optic,No internet service,No,No,No,Yes,Yes,month-to-month,Yes,electronic_check,76.22,5107.02,No
CUST-06935,Male,1,Yes,No,41,Yes,No,DSL,No internet service,No,Yes,No internet service,No,Yes,month-to-month,No,electronic_check,48.89,2004.67,Yes
CUST-06936,Male,0,Yes,No,55,Yes,No,DSL,No,Yes,No,No internet service,No,No,one year,No,mailed_check,60.18,3309.72,No
CUST-06937,Female,1,No,No,35,Yes,Yes,Fiber optic,No internet service,No,No internet service,Yes,No,No,month-to-month,Yes,mailed_check,82.06,2872.26,No
CUST-06938,Male,1,No,No,72,Yes,No,DSL,No internet service,No internet service,No,No,No,No,two year,Yes,bank_transfer,61.14,4401.81,No
CUST-06939,Female,0,No,No,13,Yes,No,Fiber optic,No internet service,No internet service,Yes,No internet service,No,Yes,one year,No,electronic_check,85.46,1111.0,Yes
CUST-06940,Female,1,Yes,Yes,69,Yes,Yes,Fiber optic,No internet service,No,No internet service,No,No,No,month-to-month,Yes,bank_transfer,65.76,4537.38,No
CUST-06941,Female,0,No,No,10,Yes,No,Fiber optic,No,No internet service,No internet service,Yes,No,Yes,one year,Yes,bank_transfer,129.94,1299.38,No
CUST-06942,Male,0,Yes,Yes,22,Yes,Yes,No,No internet service,No internet service,Yes,Yes,No,No internet service,month-to-month,Yes,electronic_check,31.84,700.51,Yes
CUST-06943,Male,1,No,Yes,30,Yes,No,DSL,No internet service,No,Yes,No internet service,No,No,month-to-month,No,bank_transfer,45.57,1367.07,No
CUST-06944,Female,0,No,No,18,Yes,No,DSL,No,No,Yes,Yes,No internet service,Yes,month-to-month,Yes,bank_transfer,59.2,1065.64,No
CUST-06945,Female,1,No,No,47,Yes,No,DSL,No,No internet service,No,Yes,Yes,No,one year,Yes,electronic_check,56.03,2633.34,No
CUST-06946,Male,0,Yes,No,50,Yes,Yes,Fiber optic,No,No internet service,Yes,No internet service,Yes,No,month-to-month,Yes,electronic_check,97.68,4884.05,No
CUST-06947,Female,0,Yes,Yes,59,Yes,No,DSL,Yes,No internet service,No,No,No internet service,Yes,month-to-month,Yes,bank_transfer,39.89,2353.53,No
CUST-06948,Female,0,Yes,No,4,Yes,No,DSL,No,Yes,No,No internet service,No,No internet service,month-to-month,Yes,mailed_check,29.07,116.28,No
CUST-06949,Female,0,No,No,21,Yes,Yes,Fiber optic,Yes,Yes,Yes,No,No,Yes,month-to-month,Yes,electronic_check,100.35,2107.43,Yes
CUST-06950,Female,1,No,No,35,Yes,No,Fiber optic,No,No,Yes,No,Yes,No,month-to-month,Yes,mailed_check,95.15,3330.23,No
CUST-06951,Male,1,No,No,12,No,No phone service,No,No internet service,No internet service,No,No,No,No,month-to-month,No,bank_transfer,25.36,304.34,Yes
CUST-06952,Female,0,No,No,28,Yes,No,Fiber optic,No internet service,Yes,No,No,No,No internet service,month-to-month,Yes,electronic_check,80.63,2257.76,No
CUST-06953,Male,0,Yes,No,28,Yes,No,Fiber optic,No,No internet service,Yes,No internet service,No,No,one year,No,electronic_check,118.74,3324.66,No
CUST-06954,Male,0,No,No,65,No,No phone service,Fiber optic,No internet service,No internet service,No internet service,No internet service,No,No,month-to-month,Yes,credit_card,106.08,6895.45,No
CUST-06955,Female,1,No,Yes,31,Yes,Yes,DSL,No internet service,No,No,No internet service,No,No internet service,month-to-month,No,bank_transfer,37.09,1149.67,No
CUST-06956,Male,1,No,No,39,Yes,No,DSL,Yes,Yes,Yes,No,No,Yes,one year,No,credit_card,57.53,2243.5,No
CUST-06957,Male,1,No,Yes,70,No,No phone service,Fiber optic,No internet service,Yes,No,No,Yes,No internet service,one year,No,credit_card,80.0,5599.96,No
CUST-06958,Female,1,No,No,2,Yes,No,Fiber optic,No,No,No internet service,No,Yes,No,month-to-month,No,bank_transfer,121.58,243.16,No
CUST-06959,Male,0,Yes,No,63,Yes,Yes,Fiber optic,No internet service,No,Yes,No,Yes,Yes,month-to-month,No,credit_card,61.28,3860.66,No
CUST-06960,Female,0,No,No,42,Yes,Yes,DSL,No internet service,No,No internet service,Yes,No internet service,No internet service,month-to-month,No,electronic_check,36.1,1516.41,No
CUST-06961,Male,0,No,No,58,Yes,No,DSL,No internet service,No internet service,No,No,No,No,two year,Yes,bank_transfer,73.69,4273.74,No
CUST-06962,Female,0,No,No,8,Yes,Yes,DSL,Yes,No internet service,No,Yes,Yes,Yes,one year,Yes,mailed_check,52.94,423.54,No
CUST-06963,Female,1,No,Yes,25,Yes,No,DSL,No,Yes,Yes,Yes,Yes,Yes,two year,Yes,mailed_check,51.2,1280.01,No
CUST-06964,Female,1,No,No,17,Yes,No,DSL,No,No,No,No internet service,Yes,No internet service,one year,Yes,bank_transfer,62.65,1065.03,No
CUST-06965,Male,1,No,No,24,Yes,Yes,DSL,Yes,No internet service,No internet service,Yes,No,No internet service,month-to-month,Yes,electronic_check,61.33,1471.82,No
CUST-06966,Female,0,No,No,19,Yes,No,DSL,No internet service,Yes,No internet service,No,No,No internet service,month-to-month,Yes,electronic_check,79.53,1511.07,Yes
CUST-06967,Female,1,Yes,No,63,Yes,Yes,DSL,No,No internet service,No internet service,Yes,No,No,one year,No,credit_card,41.32,2603.22,No
CUST-06968,Female,1,Yes,Yes,22,Yes,Yes,DSL,No,No internet service,No,No,No internet service,No internet service,month-to-month,Yes,electronic_check,56.26,1237.62,No
CUST-06969,Female,0,Yes,No,6,Yes,Yes,DSL,No,No internet service,No,No,Yes,Yes,month-to-month,Yes,electronic_check,41.94,251.61,No
CUST-06970,Male,0,Yes,No,58,Yes,Yes,DSL,No internet service,No,Yes,No,Yes,Yes,month-to-month,No,credit_card,67.28,3902.33,No
CUST-06971,Male,1,Yes,Yes,41,Yes,No,Fiber optic,Yes,No,No,No internet service,Yes,No internet service,month-to-month,Yes,mailed_check,95.51,3916.02,Yes
CUST-06972,Female,0,No,No,15,Yes,Yes,Fiber optic,No internet service,No internet service,Yes,No internet service,No internet service,No internet service,one year,Yes,bank_transfer,95.14,1427.03,Yes
CUST-06973,Female,0,No,Yes,28,Yes,Yes,DSL,No,No internet service,No,No internet service,Yes,No internet service,one year,No,credit_card,68.7,1923.57,No
CUST-06974,Female,0,Yes,No,61,Yes,No,DSL,No internet service,Yes,No internet service,Yes,No internet service,Yes,month-to-month,No,electronic_check,74.61,4551.35,No
CUST-06975,Female,1,No,No,4,Yes,Yes,No,No internet service,Yes,No,No,Yes,No internet service,two year,Yes,credit_card,42.04,168.16,No
CUST-06976,Male,1,No,Yes,69,Yes,No,DSL,No internet service,No,No,Yes,No internet service,No internet service,month-to-month,No,bank_transfer,66.84,4611.62,No
CUST-06977,Male,1,No,No,21,Yes,Yes,Fiber optic,No,Yes,Yes,No internet service,No,No internet service,two year,Yes,mailed_check,129.99,2729.75,No
CUST-06978,Female,1,Yes,No,4,Yes,Yes,DSL,Yes,Yes,Yes,No internet service,Yes,No internet service,month-to-month,Yes,credit_card,55.98,223.93,No
CUST-06979,Female,1,No,No,42,Yes,No,No,No,Yes,Yes,Yes,No internet service,No,one year,Yes,bank_transfer,16.07,674.94,No
CUST-06980,Female,1,No,No,48,Yes,Yes,DSL,No internet service,No,No internet service,No,Yes,No internet service,one year,No,electronic_check,78.8,3782.48,No
CUST-06981,Male,0,No,Yes,41,Yes,No,Fiber optic,Yes,No,Yes,No,No internet service,Yes,two year,Yes,electronic_check,142.5,5842.46,No
CUST-06982,Male,0,No,No,35,Yes,Yes,DSL,Yes,No,No internet service,Yes,No internet service,No,month-to-month,Yes,mailed_check,49.1,1718.57,No
CUST-06983,Female,0,No,No,28,Yes,No,Fiber optic,No,No internet service,No,No internet service,No internet service,No,month-to-month,No,credit_card,87.03,2436.94,No
CUST-06984,Male,0,No,Yes,10,Yes,Yes,No,No,No internet service,No,No internet service,Yes,No internet service,two year,No,mailed_check,41.08,410.83,No
CUST-06985,Female,0,No,No,44,Yes,No,Fiber optic,No internet service,Yes,No internet service,Yes,No internet service,No,one year,Yes,bank_transfer,126.99,5587.77,No
CUST-06986,Female,1,Yes,Yes,22,Yes,No,DSL,Yes,No,No,No,No,No,month-to-month,Yes,electronic_check,31.31,688.76,No
CUST-06987,Male,0,No,Yes,69,No,No phone service,Fiber optic,No,No internet service,No internet service,Yes,No,Yes,one year,No,bank_transfer,81.62,5631.73,No
CUST-06988,Female,0,Yes,Yes,15,No,No phone service,DSL,No,No internet service,No,Yes,Yes,Yes,two year,No,electronic_check,79.27,1189.02,No
CUST-06989,Male,1,No,Yes,36,Yes,Yes,Fiber optic,Yes,Yes,No,No,Yes,No,one year,Yes,electronic_check,71.34,2568.36,No
CUST-06990,Male,0,No,No,21,Yes,Yes,DSL,No internet service,No,No internet service,No internet service,Yes,No,one year,Yes,bank_transfer,45.71,959.93,No
CUST-06991,Female,1,Yes,Yes,20,Yes,No,DSL,No,No,No internet service,Yes,No internet service,Yes,month-to-month,Yes,bank_transfer,72.84,1456.71,No
CUST-06992,Male,1,Yes,No,50,Yes,Yes,DSL,No internet service,Yes,No internet service,No internet service,No internet service,No internet service,month-to-month,Yes,electronic_check,59.02,2950.8,No
CUST-06993,Female,1,Yes,No,31,No,No phone service,Fiber optic,Yes,Yes,No internet service,Yes,No internet service,No internet service,month-to-month,No,credit_card,77.82,2412.32,No
CUST-06994,Male,1,No,No,10,Yes,Yes,Fiber optic,Yes,No,Yes,No,Yes,No,month-to-month,Yes,electronic_check,79.01,790.13,Yes
CUST-06995,Female,0,Yes,No,67,Yes,Yes,DSL,Yes,Yes,Yes,No,No,No internet service,month-to-month,No,electronic_check,64.26,4305.57,No
CUST-06996,Male,1,No,No,68,Yes,No,DSL,No,No,Yes,No,No internet service,No internet service,month-to-month,Yes,electronic_check,78.92,5366.27,No
CUST-06997,Male,1,Yes,Yes,64,Yes,No,Fiber optic,No,Yes,No,No,No,Yes,one year,Yes,credit_card,109.86,7031.27,No
CUST-06998,Female,1,Yes,No,14,No,No phone service,Fiber optic,Yes,No internet service,Yes,No internet service,No,No,one year,No,mailed_check,124.06,1736.82,No
CUST-06999,Male,0,No,No,16,Yes,No,Fiber optic,No,No internet service,No internet service,Yes,No,No,one year,Yes,credit_card,123.25,1972.01,No
